# https://github.com/mikedh/trimesh
mtllib basket_0.mtl
usemtl basket_0
v -0.53169477 0.29939532 0.54286218
v -0.53166455 0.09946060 0.54280299
v -0.51944649 0.09946346 0.55448163
v -0.51952219 0.29935777 0.55450046
v -0.53156161 0.07091826 0.54266208
v -0.51935929 0.07090300 0.55431288
v -0.51944649 0.09946346 0.55448163
v -0.51935929 0.07090300 0.55431288
v -0.49113360 0.07086796 0.56249875
v -0.49120829 0.09946972 0.56269854
v -0.51952219 0.29935777 0.55450046
v -0.49132931 0.29927307 0.56269330
v -0.53127050 0.03012413 0.54227102
v -0.51913613 0.03005213 0.55381936
v -0.53069818 -0.03307235 0.54150760
v -0.51871252 -0.03325903 0.55283993
v -0.51913613 0.03005213 0.55381936
v -0.51871252 -0.03325903 0.55283993
v -0.49067634 -0.03368437 0.56070697
v -0.49096942 0.02988797 0.56190133
v -0.43399262 0.02968675 0.56723332
v -0.43410614 0.07082486 0.56792599
v -0.43380868 -0.03420568 0.56584513
v -0.33532867 -0.03468025 0.56899083
v -0.33542818 0.02950352 0.57053155
v -0.33549860 0.07078558 0.57129985
v -0.43416831 0.09947729 0.56815529
v -0.43431824 0.29916942 0.56813794
v -0.33554560 0.09948409 0.57155347
v -0.33569109 0.29907501 0.57153106
v -0.53161246 0.29896253 -0.54346335
v -0.53153259 0.32207888 -0.54337412
v -0.51939452 0.32201612 -0.55469728
v -0.51944757 0.29892427 -0.55479419
v -0.51944757 0.29892427 -0.55479419
v -0.51939452 0.32201612 -0.55469728
v -0.49125475 0.32187676 -0.56273186
v -0.49127054 0.29883933 -0.56281698
v -0.53127968 0.34361517 -0.54305530
v -0.51918799 0.34352618 -0.55438751
v -0.53076619 0.36724389 -0.54238725
v -0.51874673 0.36712950 -0.55375695
v -0.51918799 0.34352618 -0.55438751
v -0.51874673 0.36712950 -0.55375695
v -0.49081296 0.36687487 -0.56197089
v -0.49112368 0.34332794 -0.56247801
v -0.43424609 0.34308606 -0.56794626
v -0.43429750 0.32170665 -0.56812280
v -0.43408069 0.36656392 -0.56760067
v -0.33566549 0.36628109 -0.57121664
v -0.33571416 0.34286594 -0.57141203
v -0.33570746 0.32155180 -0.57151502
v -0.43427894 0.29873580 -0.56818593
v -0.33566999 0.29864144 -0.57155550
v -0.52577639 -0.51357055 0.53497118
v -0.51515234 -0.51476264 0.54436278
v -0.51719642 -0.24154726 0.54924560
v -0.52860934 -0.24093509 0.53873175
v -0.51515234 -0.51476264 0.54436278
v -0.48832080 -0.51747596 0.55032402
v -0.48966631 -0.24294099 0.55630744
v -0.51719642 -0.24154726 0.54924560
v -0.43244576 -0.52080059 0.55375779
v -0.43321654 -0.24464878 0.56072474
v -0.33469108 -0.52382720 0.55556679
v -0.33504441 -0.24620348 0.56330460
v -0.53063041 -0.03548455 -0.54209632
v -0.51865071 -0.03566688 -0.55312741
v -0.51713920 -0.24169523 -0.54955369
v -0.52854717 -0.24109656 -0.53933638
v -0.51865071 -0.03566688 -0.55312741
v -0.49062744 -0.03608841 -0.56083089
v -0.48962080 -0.24307787 -0.55645669
v -0.51713920 -0.24169523 -0.54955369
v -0.43377572 -0.03660673 -0.56589973
v -0.43318546 -0.24477720 -0.56080896
v -0.33531070 -0.03707910 -0.56902671
v -0.33502689 -0.24632579 -0.56337398
v -0.33467415 -0.52359200 -0.55568194
v -0.43241647 -0.52057701 -0.55388349
v -0.48827875 -0.51726836 -0.55050939
v -0.51510018 -0.51457602 -0.54470110
v -0.51510018 -0.51457602 -0.54470110
v -0.52571994 -0.51340985 -0.53560036
v -0.51440132 0.48634601 -0.54717326
v -0.48755324 0.48598528 -0.55610883
v -0.48950082 0.42801619 -0.55989873
v -0.51697528 0.42835426 -0.55123180
v -0.52576274 0.48650813 -0.53571278
v -0.51440132 0.48634601 -0.54717326
v -0.51697528 0.42835426 -0.55123180
v -0.52874792 0.42850602 -0.53971398
v -0.43204072 0.48554492 -0.56275254
v -0.33468592 0.48514414 -0.56733686
v -0.33533028 0.42722809 -0.57027215
v -0.43329552 0.42760360 -0.56611305
v -0.53085011 0.36711353 0.54176003
v -0.51882261 0.36700058 0.55344146
v -0.51703727 0.42834723 0.55089176
v -0.52881736 0.42849684 0.53905874
v -0.51882261 0.36700058 0.55344146
v -0.49087265 0.36674654 0.56183118
v -0.48954970 0.42801058 0.55974054
v -0.51703727 0.42834723 0.55089176
v -0.43412080 0.36643583 0.56754208
v -0.43332878 0.42759871 0.56604248
v -0.33568743 0.36615276 0.57118660
v -0.33534890 0.42722380 0.57023573
v -0.43206415 0.48555195 0.56267536
v -0.48758715 0.48599064 0.55594075
v -0.33469945 0.48515248 0.56729686
v -0.51444465 0.48634946 0.54682082
v -0.52581239 0.48650908 0.53504390
v -0.51444465 0.48634946 0.54682082
v 0.55433017 0.48228014 -0.05864508
v 0.55433166 0.48227119 0.00315318
v 0.55597049 0.42523563 0.00315291
v 0.55598766 0.42489064 -0.05944213
v 0.55432552 0.48230672 -0.11158782
v 0.55602735 0.42444861 -0.11278404
v 0.55433023 0.48228002 0.06496384
v 0.55432600 0.48230708 0.11794380
v 0.55602759 0.42444062 0.11913838
v 0.55598778 0.42488623 0.06575978
v 0.55496889 0.35987449 0.13186696
v 0.55455089 0.36872905 0.06945971
v 0.55444217 0.37109518 0.00315078
v 0.55455083 0.36876237 -0.06315064
v 0.55496871 0.35996825 -0.12553045
v 0.55350047 -0.01061720 -0.12551604
v 0.55263990 -0.03265893 -0.06314502
v 0.54937828 -0.24704891 -0.05943200
v 0.54943925 -0.24603254 -0.11275896
v 0.55241585 -0.03829151 0.00315085
v 0.54934138 -0.24796578 0.00315300
v 0.55263996 -0.03206998 0.06945425
v 0.54937828 -0.24697146 0.06574989
v 0.55350065 -0.00895017 0.13185279
v 0.54943925 -0.24588606 0.11911363
v 0.54309821 -0.52718651 0.11792339
v 0.54310089 -0.52718383 0.06495553
v 0.54310179 -0.52718288 0.00315327
v 0.54310083 -0.52718347 -0.05863654
v 0.54309821 -0.52718592 -0.11156709
v -0.33589247 -0.65110093 -0.11156192
v -0.33589485 -0.65110254 -0.05863434
v -0.43477634 -0.64313090 -0.05863481
v -0.43477347 -0.64313036 -0.11156301
v -0.33589560 -0.65110308 0.00315328
v -0.43477732 -0.64313132 0.00315328
v -0.49187115 -0.63255996 0.00315327
v -0.49187016 -0.63256019 -0.05863536
v -0.49186695 -0.63256079 -0.11156431
v -0.33589479 -0.65110266 0.06495335
v -0.43477628 -0.64313114 0.06495381
v -0.33589229 -0.65110129 0.11791825
v -0.43477330 -0.64313072 0.11791933
v -0.49186680 -0.63256121 0.11792062
v -0.49187011 -0.63256049 0.06495434
v -0.51968265 -0.61997443 0.06495488
v -0.51968372 -0.61997366 0.00315328
v -0.51967943 -0.61997664 0.11792187
v -0.51968265 -0.61997443 0.06495488
v -0.51967943 -0.61997664 0.11792187
v -0.53071743 -0.60596091 0.11792289
v -0.53072047 -0.60595787 0.06495529
v -0.51968372 -0.61997366 0.00315328
v -0.53072143 -0.60595673 0.00315327
v -0.51968265 -0.61997432 -0.05863589
v -0.51967943 -0.61997598 -0.11156558
v -0.51968265 -0.61997432 -0.05863589
v -0.53072047 -0.60595763 -0.05863633
v -0.51967943 -0.61997598 -0.11156558
v -0.53071743 -0.60596031 -0.11156658
v -0.54324174 -0.52672875 -0.11156678
v -0.54324454 -0.52672589 -0.05863641
v -0.54945225 -0.24681047 -0.05943191
v -0.54951274 -0.24579507 -0.11275872
v -0.54324549 -0.52672493 0.00315328
v -0.54941535 -0.24772653 0.00315300
v -0.54324454 -0.52672613 0.06495540
v -0.54945225 -0.24673301 0.06574979
v -0.54324174 -0.52672952 0.11792307
v -0.54951286 -0.24564856 0.11911338
v -0.55351651 -0.00889486 0.13185266
v -0.55266076 -0.03199929 0.06945419
v -0.55243790 -0.03821689 0.00315083
v -0.55266076 -0.03258824 -0.06314499
v -0.55351645 -0.01056170 -0.12551592
v -0.55496871 0.35996819 -0.12553021
v -0.55455083 0.36876243 -0.06315056
v -0.55598766 0.42489064 -0.05944200
v -0.55602735 0.42444849 -0.11278374
v -0.55444217 0.37109530 0.00315079
v -0.55597049 0.42523563 0.00315292
v -0.55455089 0.36872923 0.06945966
v -0.55598766 0.42488623 0.06575967
v -0.55496889 0.35987449 0.13186678
v -0.55602771 0.42444026 0.11913809
v -0.55433023 0.48227990 0.06496374
v -0.55433166 0.48227108 0.00315318
v -0.55432600 0.48230684 0.11794353
v -0.55433017 0.48228002 -0.05864496
v -0.55432564 0.48230648 -0.11158755
v -0.49185118 -0.63256383 -0.17252235
v -0.43475884 -0.64312738 -0.17251766
v -0.33588064 -0.65109295 -0.17251371
v -0.53070199 -0.60597384 -0.17253053
v -0.51966363 -0.61998475 -0.17252691
v -0.51966363 -0.61998475 -0.17252691
v -0.55433053 0.29810399 -0.16125490
v -0.55438501 0.31997174 -0.15810508
v -0.55615330 0.32063353 -0.17711395
v -0.55614543 0.29812950 -0.17752500
v -0.55454892 0.33882159 -0.14865103
v -0.55621946 0.36423975 -0.17440939
v -0.55617893 0.34136260 -0.17586081
v 0.55615318 0.32063389 -0.17711493
v 0.55617875 0.34136319 -0.17586187
v 0.55454892 0.33882171 -0.14865127
v 0.55438495 0.31997186 -0.15810531
v 0.55621940 0.36424053 -0.17441049
v 0.55614525 0.29812986 -0.17752592
v 0.55433053 0.29810411 -0.16125514
v 0.54308504 -0.52719802 -0.17253236
v 0.54948819 -0.24789226 -0.17271832
v 0.55414373 -0.03546357 -0.17433049
v -0.54322779 -0.52674401 -0.17253101
v -0.54956186 -0.24765480 -0.17271732
v -0.55416632 -0.03538775 -0.17432970
v -0.55611461 0.42477846 -0.17281590
v -0.55430269 0.48243713 -0.17261042
v 0.55611455 0.42477953 -0.17281713
v 0.55430245 0.48243833 -0.17261152
v 0.52993840 0.36712223 0.54193735
v 0.53939033 0.36701185 0.52633512
v 0.53744185 0.42835736 0.52393311
v 0.52787191 0.42850327 0.53920329
v 0.54607779 0.36673874 0.50493294
v 0.54448134 0.42799342 0.50315964
v 0.55055344 0.36636716 0.47586256
v 0.54941154 0.42749345 0.47482100
v 0.55336976 0.36596143 0.43725511
v 0.55265331 0.42693937 0.43685496
v 0.54688019 0.48542750 0.47310090
v 0.54162228 0.48596597 0.50050080
v 0.55044919 0.48482358 0.43595842
v 0.53437847 0.48635483 0.52042598
v 0.52485132 0.48650968 0.53514433
v 0.55170935 -0.03478605 0.43655589
v 0.55287963 0.02944845 0.43669665
v 0.55034781 0.02964461 0.47556475
v 0.54929394 -0.03429496 0.47531345
v 0.55346280 0.07076025 0.43680561
v 0.55087197 0.07080853 0.47572568
v 0.54663050 0.07085675 0.50520140
v 0.54618019 0.02985489 0.50497472
v 0.54527491 -0.03375888 0.50457817
v 0.55365485 0.09947383 0.43688554
v 0.55104399 0.09947228 0.47581947
v 0.55363387 0.29901814 0.43715870
v 0.55102009 0.29915047 0.47606909
v 0.54675663 0.29927289 0.50550765
v 0.54677832 0.09946740 0.50530928
v 0.54023707 0.09946191 0.52710646
v 0.54011446 0.07089454 0.52698219
v 0.54022723 0.29936326 0.52724147
v 0.53081501 0.29939991 0.54303777
v 0.53079969 0.09945917 0.54296279
v 0.53069937 0.07091153 0.54281753
v 0.53974468 0.03002578 0.52667689
v 0.53900427 -0.03331941 0.52610570
v 0.53040898 0.03010386 0.54242134
v 0.52983367 -0.03311795 0.54165226
v 0.52486295 -0.51382786 0.53509146
v 0.53255731 -0.51510930 0.52135760
v 0.53627318 -0.24172947 0.52408040
v 0.52772558 -0.24107090 0.53886461
v 0.53737777 -0.51789695 0.50144279
v 0.54193038 -0.24316311 0.50323027
v 0.54010171 -0.52127457 0.47351807
v 0.54540104 -0.24490261 0.47452867
v 0.54150736 -0.52432585 0.43575412
v 0.54738820 -0.24647874 0.43618995
v -0.52944452 -0.60207456 0.43581551
v -0.51860398 -0.61529249 0.43601742
v -0.51775527 -0.61046153 0.47409949
v -0.52839071 -0.59797359 0.47365910
v -0.51860398 -0.61529249 0.43601742
v -0.49102792 -0.62693888 0.43626636
v -0.49041629 -0.62125421 0.47464329
v -0.51775527 -0.61046153 0.47409949
v -0.48962021 -0.61353505 0.50304651
v -0.51642430 -0.60406423 0.50181776
v -0.51642430 -0.60406423 0.50181776
v -0.52652383 -0.59281361 0.50088865
v -0.43418226 -0.63657928 0.43651840
v -0.43380311 -0.63005131 0.47519454
v -0.33553246 -0.64377868 0.43672985
v -0.33534470 -0.63655210 0.47565719
v -0.33513370 -0.62688392 0.50484145
v -0.43336707 -0.62122113 0.50407177
v -0.43294436 -0.61039525 0.52463776
v -0.48867360 -0.60402799 0.52291405
v -0.33493164 -0.61521226 0.52572173
v -0.33477023 -0.60197449 0.53973681
v -0.43260500 -0.59788013 0.53838062
v -0.48796111 -0.59274668 0.53595805
v -0.51444203 -0.59648353 0.52034301
v -0.52342689 -0.58720064 0.51852441
v -0.51444203 -0.59648353 0.52034301
v -0.51304334 -0.58716971 0.53194326
v -0.51304334 -0.58716971 0.53194326
v -0.51996696 -0.58266997 0.52746505
v -0.55175388 -0.03472042 0.43651637
v -0.54747462 -0.24627614 0.43615094
v -0.54550523 -0.24471211 0.47446164
v -0.54936135 -0.03423291 0.47524306
v -0.54212838 -0.24298736 0.50313318
v -0.54544169 -0.03370118 0.50447398
v -0.54165125 -0.52393806 0.43571466
v -0.54025739 -0.52091062 0.47345385
v -0.53761983 -0.51756197 0.50135255
v -0.53302920 -0.51480955 0.52124643
v -0.53670824 -0.24157169 0.52395868
v -0.53941435 -0.03326702 0.52597404
v -0.54014987 0.03004873 0.52654004
v -0.54051882 0.07090187 0.52684081
v -0.54678792 0.07086438 0.50509012
v -0.54633999 0.02987975 0.50486696
v -0.54064310 0.09946316 0.52696127
v -0.54064512 0.29935777 0.52708185
v -0.54692310 0.29926682 0.50538170
v -0.54693615 0.09946823 0.50519502
v -0.55109805 0.09947288 0.47574273
v -0.55092651 0.07081628 0.47565091
v -0.55107945 0.29914451 0.47598401
v -0.55366415 0.29901272 0.43711117
v -0.55368215 0.09947431 0.43684319
v -0.55349141 0.07076818 0.43676427
v -0.55040598 0.02967095 0.47549218
v -0.55291337 0.02947605 0.43665645
v -0.55049771 0.48481286 0.43592778
v -0.55269790 0.42692709 0.43681282
v -0.54949820 0.42748082 0.47475007
v -0.54697448 0.48541749 0.47305176
v -0.54469013 0.42798173 0.50305724
v -0.54184240 0.48595834 0.50043118
v -0.55340648 0.36595082 0.43720573
v -0.55062544 0.36635548 0.47577602
v -0.54626405 0.36672693 0.50480592
v -0.53983474 0.36700100 0.52617443
v -0.53791565 0.42834771 0.52380365
v -0.53486675 0.48635042 0.52033812
v -0.55430436 0.48244047 0.17894801
v -0.55611604 0.42476809 0.17915325
v -0.55565435 0.42592514 0.33241445
v -0.55376124 0.48369086 0.33228260
v -0.55622041 0.36410862 0.18074580
v -0.55596018 0.36524397 0.33230868
v -0.55509448 0.36557692 0.38721657
v -0.55464715 0.42640221 0.38717628
v -0.55264705 0.48422909 0.38678730
v -0.55442756 0.02934879 0.38660040
v -0.55320001 -0.03502184 0.38652921
v -0.55504006 0.07073063 0.38667122
v -0.55582511 0.07070208 0.33180720
v -0.55519569 0.02927375 0.33176202
v -0.55393511 -0.03518254 0.33172920
v -0.55524266 0.09946948 0.38673490
v -0.55522740 0.29889333 0.38698563
v -0.55602282 0.29878873 0.33205983
v -0.55603397 0.09946084 0.33185497
v -0.55614603 0.29855829 0.18386370
v -0.55614394 0.09943521 0.18383601
v -0.55594963 0.07103276 0.18340747
v -0.55537093 0.03070897 0.18213573
v -0.55416673 -0.03301901 0.18066750
v -0.54956222 -0.24742392 0.17905641
v -0.54928786 -0.24767077 0.33172303
v -0.54322797 -0.52674615 0.17887016
v -0.54296541 -0.52659112 0.33176103
v -0.54251027 -0.52572721 0.38629878
v -0.54867172 -0.24720955 0.38640755
v -0.53070199 -0.60597593 0.17886965
v -0.51966339 -0.61998689 0.17886607
v -0.51943672 -0.61959553 0.33176711
v -0.53045958 -0.60570002 0.33176896
v -0.51966339 -0.61998689 0.17886607
v -0.49185082 -0.63256562 0.17886163
v -0.49164745 -0.63203615 0.33176416
v -0.51943672 -0.61959553 0.33176711
v -0.43475839 -0.64312911 0.17885703
v -0.43458790 -0.64246160 0.33176094
v -0.33588022 -0.65109456 0.17885315
v -0.33575371 -0.65031171 0.33175799
v -0.43443432 -0.64049882 0.38655552
v -0.49142137 -0.63034254 0.38647759
v -0.33566517 -0.64812583 0.38662076
v -0.51913953 -0.61817390 0.38640040
v -0.53010225 -0.60451001 0.38633746
v -0.51913953 -0.61817390 0.38640040
v 0.54859549 -0.24742234 0.38642859
v 0.55316907 -0.03509068 0.38654914
v 0.54921573 -0.24789178 0.33173358
v 0.55391067 -0.03525412 0.33173829
v 0.54237217 -0.52613455 0.38632190
v 0.54282856 -0.52701420 0.33177397
v 0.54308522 -0.52719998 0.17887145
v 0.54948843 -0.24766120 0.17905742
v 0.55414414 -0.03309482 0.18066829
v 0.55536211 0.03067672 0.18213646
v 0.55518401 0.02924347 0.33177087
v 0.55594730 0.07102251 0.18340823
v 0.55581981 0.07069325 0.33181605
v 0.55614376 0.09943324 0.18383673
v 0.55603093 0.09945995 0.33186406
v 0.55614585 0.29855859 0.18386461
v 0.55601931 0.29879218 0.33207059
v 0.55523139 0.09946889 0.38675570
v 0.55502695 0.07072228 0.38669148
v 0.55521482 0.29889780 0.38700947
v 0.55440867 0.02931988 0.38662031
v 0.55462819 0.42641294 0.38719964
v 0.55262631 0.48423898 0.38680542
v 0.55564845 0.42593372 0.33242667
v 0.55375469 0.48369884 0.33229297
v 0.55507904 0.36558586 0.38724223
v 0.55595547 0.36525089 0.33232099
v 0.55622035 0.36410940 0.18074688
v 0.55611587 0.42476904 0.17915450
v 0.55430412 0.48244154 0.17894913
v -0.53975540 0.36713386 -0.52729076
v -0.53784782 0.42835975 -0.52494812
v -0.54619771 0.36686271 -0.50634289
v -0.54463005 0.42799687 -0.50461936
v -0.55057609 0.36649376 -0.47741827
v -0.54944962 0.42749834 -0.47641352
v -0.55337375 0.36609042 -0.43839234
v -0.55266160 0.42694545 -0.43801582
v -0.54693103 0.48542345 -0.47472000
v -0.54179376 0.48596251 -0.50200200
v -0.55046135 0.48481882 -0.43713218
v -0.53481573 0.48635221 -0.52149427
v -0.55363643 0.29858524 -0.43827447
v -0.55360329 0.32145596 -0.43836197
v -0.55098134 0.32167214 -0.47765025
v -0.55103475 0.29871595 -0.47759968
v -0.54678792 0.32187152 -0.50688928
v -0.54686058 0.29883683 -0.50689018
v -0.55352294 0.34272432 -0.43841335
v -0.55084217 0.34303433 -0.47761026
v -0.54658753 0.34331942 -0.50673640
v -0.54023987 0.34352964 -0.52786154
v -0.54048431 0.32201880 -0.52811778
v -0.54056829 0.29892623 -0.52816999
v -0.53297693 -0.51467991 -0.52234918
v -0.53665060 -0.24174932 -0.52504164
v -0.53757721 -0.51746505 -0.50286531
v -0.54208159 -0.24318179 -0.50462961
v -0.54022712 -0.52084470 -0.47506636
v -0.54547220 -0.24492246 -0.47606114
v -0.54163241 -0.52389777 -0.43687031
v -0.54745436 -0.24649957 -0.43729654
v -0.55173212 -0.03715098 -0.43765736
v -0.54932541 -0.03665978 -0.47683591
v -0.54539084 -0.03612339 -0.50596136
v -0.53935152 -0.03568417 -0.52704453
v -0.51992142 -0.58250201 -0.52836269
v -0.51300108 -0.58698595 -0.53270137
v -0.51440531 -0.59632647 -0.52151150
v -0.52338439 -0.58705455 -0.51973510
v -0.51300108 -0.58698595 -0.53270137
v -0.48792607 -0.59254551 -0.53660840
v -0.48864403 -0.60385752 -0.52402037
v -0.51440531 -0.59632647 -0.52151150
v -0.48959732 -0.61340356 -0.50454998
v -0.51639462 -0.60394216 -0.50334156
v -0.51639462 -0.60394216 -0.50334156
v -0.52648866 -0.59269983 -0.50242698
v -0.43258026 -0.59766430 -0.53898829
v -0.43292370 -0.61021280 -0.52571762
v -0.33475596 -0.60174775 -0.54033595
v -0.33491984 -0.61502063 -0.52679408
v -0.33512494 -0.62673664 -0.50632715
v -0.43335155 -0.62108094 -0.50556350
v -0.43379271 -0.62995464 -0.47679037
v -0.49040055 -0.62116349 -0.47624460
v -0.33533892 -0.63645071 -0.47724825
v -0.33552933 -0.64371723 -0.43787032
v -0.43417627 -0.63652062 -0.43766236
v -0.49101859 -0.62688375 -0.43741426
v -0.51773423 -0.61037695 -0.47570628
v -0.52836543 -0.59789455 -0.47527030
v -0.51773423 -0.61037695 -0.47570628
v -0.51859123 -0.61524093 -0.43716931
v -0.51859123 -0.61524093 -0.43716931
v -0.52942896 -0.60202622 -0.43697050
v 0.55168748 -0.03721601 -0.43769690
v 0.54736811 -0.24670154 -0.43733579
v 0.54536784 -0.24511215 -0.47612819
v 0.54925793 -0.03672111 -0.47690621
v 0.54188383 -0.24335676 -0.50472659
v 0.54522401 -0.03618050 -0.50606501
v 0.54148859 -0.52428496 -0.43691033
v 0.54007137 -0.52120769 -0.47513077
v 0.53733504 -0.51779884 -0.50295562
v 0.53250486 -0.51497829 -0.52246034
v 0.53621560 -0.24190617 -0.52516270
v 0.52480632 -0.51366585 -0.53572047
v 0.52766329 -0.24123150 -0.53946859
v 0.53894132 -0.03573596 -0.52717566
v 0.52976590 -0.03552955 -0.54224008
v 0.53073210 0.29896706 -0.54363823
v 0.53064460 0.32208526 -0.54355377
v 0.54005969 0.32202661 -0.52828109
v 0.54014987 0.29893178 -0.52832913
v 0.54661638 0.32187986 -0.50701845
v 0.54669356 0.29884285 -0.50701582
v 0.53038126 0.34362310 -0.54323649
v 0.53980643 0.34353936 -0.52802604
v 0.52985406 0.36725259 -0.54256392
v 0.53931063 0.36714464 -0.52745098
v 0.54601109 0.36687446 -0.50646949
v 0.54640961 0.34332973 -0.50686657
v 0.55077553 0.34304446 -0.47769880
v 0.55091882 0.32168007 -0.47773772
v 0.55050373 0.36650550 -0.47750467
v 0.55333668 0.36610115 -0.43844187
v 0.55348903 0.34273338 -0.43846345
v 0.55357152 0.32146311 -0.43841124
v 0.55097508 0.29872197 -0.47768471
v 0.55360609 0.29859060 -0.43832210
v 0.55041265 0.48482978 -0.43716303
v 0.55261678 0.42695785 -0.43805814
v 0.54936266 0.42751110 -0.47648454
v 0.54683656 0.48543346 -0.47476923
v 0.54442102 0.42800856 -0.50472188
v 0.54157352 0.48597038 -0.50207168
v 0.53737348 0.42836940 -0.52507728
v 0.52780211 0.42851233 -0.53985816
v 0.53432727 0.48635662 -0.52158231
v 0.52480173 0.48650885 -0.53581297
v -0.18231082 0.48490202 -0.57009488
v -0.00235443 0.48481929 -0.57102489
v -0.00235563 0.42692423 -0.57361770
v -0.18257605 0.42700136 -0.57277364
v 0.17774437 0.48489690 -0.57012582
v 0.33054665 0.48513567 -0.56739563
v 0.33119193 0.42722189 -0.57033455
v 0.17800796 0.42699754 -0.57280481
v 0.33155003 0.36627716 -0.57127655
v 0.17813586 0.36610746 -0.57341850
v -0.00234577 0.36605209 -0.57412374
v -0.18268341 0.36611021 -0.57339036
v -0.18266910 0.32145822 -0.57355332
v -0.18264085 0.29858446 -0.57357979
v -0.00233443 0.32142633 -0.57424021
v -0.00232957 0.29856485 -0.57426172
v -0.18268690 0.34273291 -0.57349479
v -0.00233998 0.34268773 -0.57419711
v 0.17815112 0.34273082 -0.57352126
v 0.17814447 0.32145655 -0.57357836
v 0.33161095 0.34286296 -0.57146955
v 0.33161557 0.32154959 -0.57156998
v 0.17812589 0.29858333 -0.57360369
v 0.33158761 0.29863983 -0.57160807
v -0.18233919 -0.24725631 -0.56491470
v -0.18221280 -0.52540362 -0.55676305
v -0.00231505 -0.24757040 -0.56543344
v -0.00232050 -0.52601486 -0.55712813
v -0.18244727 -0.03736305 -0.57090485
v -0.00231282 -0.03745896 -0.57153642
v 0.17796540 -0.03736752 -0.57092363
v 0.17785245 -0.24726966 -0.56493205
v 0.33126011 -0.03708929 -0.56906867
v 0.33097032 -0.24635577 -0.56341267
v 0.17771466 -0.52542895 -0.55677933
v 0.33060455 -0.52364874 -0.55571783
v -0.18246754 -0.64035225 -0.47752348
v -0.18254298 -0.64803940 -0.43799531
v -0.18238518 -0.63013387 -0.50678629
v -0.00231693 -0.63127673 -0.50694168
v -0.00231545 -0.64166403 -0.47761667
v -0.00231479 -0.64949214 -0.43803772
v -0.18230724 -0.61790860 -0.52744120
v -0.18224540 -0.60420090 -0.54114604
v -0.00232028 -0.60502756 -0.54142010
v -0.00231871 -0.61888081 -0.52766037
v 0.17781305 -0.61794126 -0.52745235
v 0.17789483 -0.63016939 -0.50679445
v 0.17774786 -0.60423130 -0.54115957
v 0.33068737 -0.60181600 -0.54036593
v 0.33085537 -0.61509407 -0.52681893
v 0.33106533 -0.62681603 -0.50634569
v 0.17798056 -0.64039052 -0.47752878
v 0.17805758 -0.64808011 -0.43799818
v 0.33128354 -0.63653624 -0.47726047
v 0.33147648 -0.64380866 -0.43787727
v -0.18271086 -0.65587765 -0.17251134
v -0.18271761 -0.65588868 -0.11156127
v -0.00232289 -0.65748686 -0.17251056
v -0.00232354 -0.65749907 -0.11156103
v 0.17820968 -0.65592629 -0.17251137
v 0.17821522 -0.65593785 -0.11156126
v 0.33181328 -0.65120178 -0.17251384
v 0.33182392 -0.65121055 -0.11156195
v 0.33182600 -0.65121233 -0.05863436
v 0.17821629 -0.65594012 -0.05863408
v 0.33182672 -0.65121299 0.00315328
v 0.17821661 -0.65594089 0.00315328
v -0.00232370 -0.65750253 0.00315329
v -0.00232367 -0.65750158 -0.05863397
v 0.33182600 -0.65121257 0.06495337
v 0.17821625 -0.65594029 0.06495309
v 0.33182380 -0.65121096 0.11791831
v 0.17821515 -0.65593815 0.11791763
v -0.00232354 -0.65749937 0.11791740
v -0.00232366 -0.65750170 0.06495298
v -0.18271893 -0.65589112 0.06495308
v -0.18271944 -0.65589160 0.00315328
v -0.18271755 -0.65588897 0.11791760
v -0.18271898 -0.65589082 -0.05863407
v -0.18260029 -0.65270638 0.38665986
v -0.18254428 -0.64810258 0.43685687
v -0.18264110 -0.65502661 0.33175620
v -0.00231704 -0.65661132 0.33175561
v -0.00231547 -0.65424597 0.38667318
v -0.00231480 -0.64955580 0.43689996
v -0.18271059 -0.65587920 0.17885081
v -0.00232287 -0.65748835 0.17885008
v 0.17820944 -0.65592784 0.17885086
v 0.17815155 -0.65507150 0.33175671
v 0.33181292 -0.65120333 0.17885329
v 0.33169755 -0.65041226 0.33175960
v 0.17811370 -0.65274954 0.38666117
v 0.17805883 -0.64814335 0.43685973
v 0.33161151 -0.64822209 0.38662425
v 0.33147949 -0.64387023 0.43673676
v -0.18231265 -0.61810577 0.52637339
v -0.18225200 -0.60443425 0.54055202
v -0.18238911 -0.63028544 0.50530428
v -0.00231706 -0.63142961 0.50546086
v -0.00231887 -0.61907995 0.52659386
v -0.00232050 -0.60526317 0.54082781
v -0.18247011 -0.64045662 0.47593525
v -0.00231549 -0.64176929 0.47602940
v 0.17798299 -0.64049482 0.47594050
v 0.17789863 -0.63032097 0.50531244
v 0.33128923 -0.63663793 0.47566935
v 0.33107391 -0.62696373 0.50486004
v 0.17781812 -0.61813855 0.52638447
v 0.17775403 -0.60446489 0.54056561
v 0.33086693 -0.61528593 0.52574652
v 0.33070132 -0.60204303 0.53976691
v -0.18234695 -0.24713764 0.56485444
v -0.18245511 -0.03496540 0.57088012
v -0.00231529 -0.24745288 0.56537622
v -0.00231300 -0.03506172 0.57151538
v -0.18222058 -0.52564567 0.55665421
v -0.00232076 -0.52625924 0.55702156
v 0.17772190 -0.52567124 0.55667049
v 0.17785981 -0.24715105 0.56487185
v 0.33062103 -0.52388448 0.55560285
v 0.33098742 -0.24623361 0.56334358
v 0.17797288 -0.03496987 0.57089895
v 0.33127782 -0.03469032 0.56903297
v -0.18255891 0.09948814 0.57359469
v -0.18264996 0.29901779 0.57356954
v -0.18253283 0.07076192 0.57332629
v -0.00231592 0.07075381 0.57400769
v -0.00231826 0.09948933 0.57428133
v -0.00232971 0.29899830 0.57425624
v -0.18249838 0.02939332 0.57251263
v -0.00231399 0.02935606 0.57317871
v 0.17801434 0.02939135 0.57253218
v 0.17804499 0.07076108 0.57334667
v 0.33137590 0.02949888 0.57057542
v 0.33144271 0.07078385 0.57134539
v 0.17806646 0.09948778 0.57361567
v 0.17813478 0.29901677 0.57359344
v 0.33148524 0.09948337 0.57160056
v 0.33160865 0.29907346 0.57158381
v -0.18258439 0.42699730 0.57275766
v -0.18231706 0.48491108 0.57007724
v -0.00235583 0.42692029 0.57360870
v -0.00235461 0.48482859 0.57101488
v -0.18269297 0.36598194 0.57337755
v -0.00234597 0.36592382 0.57411659
v 0.17814510 0.36597925 0.57340574
v 0.17801595 0.42699349 0.57278889
v 0.33157170 0.36614889 0.57124686
v 0.33121023 0.42721760 0.57029819
v 0.17775021 0.48490608 0.57010818
v 0.33055982 0.48514402 0.56735587
v 0.42861348 0.48553610 -0.56283319
v 0.48498487 0.48597836 -0.55620450
v 0.48694202 0.42801416 -0.56002057
v 0.42987323 0.42759836 -0.56620735
v 0.51270097 0.48634267 -0.54727560
v 0.51528823 0.42835629 -0.55137175
v 0.51270097 0.48634267 -0.54727560
v 0.51528823 0.42835629 -0.55137175
v 0.51709342 0.36713457 -0.55392325
v 0.51709342 0.36713457 -0.55392325
v 0.48828509 0.36687589 -0.56210870
v 0.43068519 0.36656165 -0.56769985
v 0.43092680 0.32170558 -0.56821811
v 0.43091771 0.29873496 -0.56827772
v 0.48875254 0.32187808 -0.56286776
v 0.48877755 0.29884017 -0.56294852
v 0.43086383 0.34308457 -0.56804430
v 0.48860988 0.34332937 -0.56261641
v 0.51754910 0.34353107 -0.55455679
v 0.51776701 0.32202023 -0.55486441
v 0.51754910 0.34353107 -0.55455679
v 0.51776701 0.32202023 -0.55486441
v 0.51782840 0.29892707 -0.55495679
v 0.51782840 0.29892707 -0.55495679
v 0.51346451 -0.51478142 -0.54481184
v 0.51552761 -0.24180371 -0.54967588
v 0.51346451 -0.51478142 -0.54481184
v 0.48578197 -0.51742029 -0.55059892
v 0.48714319 -0.24315825 -0.55655515
v 0.51552761 -0.24180371 -0.54967588
v 0.42906120 -0.52067769 -0.55394596
v 0.42984566 -0.24483043 -0.56087726
v 0.43044409 -0.03662479 -0.56597400
v 0.48816073 -0.03611553 -0.56093812
v 0.51705348 -0.03570336 -0.55326068
v 0.51705348 -0.03570336 -0.55326068
v 0.43045670 -0.63010603 -0.47681263
v 0.43084404 -0.63668233 -0.43767554
v 0.43000975 -0.62122136 -0.50559640
v 0.48711008 -0.61361188 -0.50459880
v 0.48792800 -0.62138826 -0.47627857
v 0.48855162 -0.62712365 -0.43743488
v 0.42957550 -0.61034286 -0.52576101
v 0.42922673 -0.59778529 -0.53904063
v 0.48538962 -0.59272408 -0.53668261
v 0.48612797 -0.60404968 -0.52408314
v 0.51266712 -0.59657574 -0.52158952
v 0.51474863 -0.60421449 -0.50340492
v 0.51120013 -0.58721697 -0.53279138
v 0.51266712 -0.59657574 -0.52158952
v 0.51120013 -0.58721697 -0.53279138
v 0.51859814 -0.58276868 -0.52845955
v 0.52227277 -0.58734727 -0.51982546
v 0.51474863 -0.60421449 -0.50340492
v 0.52553880 -0.59302193 -0.50250232
v 0.51612550 -0.61067122 -0.47575146
v 0.51698971 -0.61555487 -0.43719727
v 0.51612550 -0.61067122 -0.47575146
v 0.52747720 -0.59824353 -0.47532484
v 0.51698971 -0.61555487 -0.43719727
v 0.52854949 -0.60239851 -0.43700457
v 0.43141446 -0.64331865 -0.17251804
v 0.43142796 -0.64332306 -0.11156309
v 0.48937485 -0.63284630 -0.17252298
v 0.48938951 -0.63284534 -0.11156446
v 0.51805568 -0.62035394 -0.17252783
v 0.51807052 -0.62034762 -0.11156580
v 0.51807052 -0.62034762 -0.11156580
v 0.51805568 -0.62035394 -0.17252783
v 0.52981865 -0.60641068 -0.17253172
v 0.52983314 -0.60640019 -0.11156687
v 0.52983600 -0.60639805 -0.05863644
v 0.51807350 -0.62034631 -0.05863598
v 0.52983689 -0.60639739 0.00315327
v 0.51807445 -0.62034595 0.00315327
v 0.51807350 -0.62034631 -0.05863598
v 0.51807445 -0.62034595 0.00315327
v 0.48939338 -0.63284492 0.00315328
v 0.48939240 -0.63284510 -0.05863542
v 0.52983600 -0.60639822 0.06495540
v 0.51807350 -0.62034643 0.06495498
v 0.52983296 -0.60640067 0.11792315
v 0.51807040 -0.62034804 0.11792210
v 0.51807350 -0.62034643 0.06495498
v 0.51807040 -0.62034804 0.11792210
v 0.48938936 -0.63284570 0.11792077
v 0.48939237 -0.63284534 0.06495441
v 0.43143061 -0.64332408 0.06495386
v 0.43143156 -0.64332426 0.00315328
v 0.43142781 -0.64332342 0.11791944
v 0.43143070 -0.64332402 -0.05863484
v 0.43110251 -0.64066923 0.38656271
v 0.43085006 -0.63674110 0.43653151
v 0.43125391 -0.64263886 0.33176464
v 0.48918059 -0.63229865 0.33177051
v 0.48895583 -0.63059503 0.38648921
v 0.48856089 -0.62717897 0.43628678
v 0.43141410 -0.64332038 0.17885737
v 0.48937446 -0.63284808 0.17886227
v 0.51805550 -0.62035567 0.17886701
v 0.51783735 -0.61993897 0.33177614
v 0.51783735 -0.61993897 0.33177614
v 0.51805550 -0.62035567 0.17886701
v 0.52981859 -0.60641265 0.17887083
v 0.52958387 -0.60610700 0.33178023
v 0.51754069 -0.61850435 0.38641658
v 0.51700246 -0.61560684 0.43604511
v 0.51754069 -0.61850435 0.38641658
v 0.52922654 -0.60490173 0.38635731
v 0.51700246 -0.61560684 0.43604511
v 0.52856511 -0.60244721 0.43584913
v 0.42959589 -0.61052591 0.52468127
v 0.42925107 -0.59800178 0.53843307
v 0.43002510 -0.62136209 0.50410467
v 0.48713297 -0.61374402 0.50309533
v 0.48615742 -0.60422093 0.52297693
v 0.48542455 -0.59292620 0.53603244
v 0.43046704 -0.63020301 0.47521681
v 0.48794362 -0.62147939 0.47467700
v 0.51614642 -0.61075646 0.47414443
v 0.51477832 -0.60433733 0.50188100
v 0.51614642 -0.61075646 0.47414443
v 0.52750260 -0.59832340 0.47371328
v 0.51477832 -0.60433733 0.50188100
v 0.52557403 -0.59313685 0.50096381
v 0.51270378 -0.59673375 0.52042103
v 0.51124251 -0.58740199 0.53203338
v 0.51270378 -0.59673375 0.52042103
v 0.52231532 -0.58749449 0.51861471
v 0.51124251 -0.58740199 0.53203338
v 0.51864374 -0.58293778 0.52756196
v 0.42987654 -0.24470237 0.56079340
v 0.43047678 -0.03422374 0.56591976
v 0.48718855 -0.24302188 0.55640650
v 0.48820949 -0.03371173 0.56081492
v 0.42909023 -0.52090222 0.55382031
v 0.48582381 -0.51762891 0.55041367
v 0.51351655 -0.51496935 0.54447383
v 0.51558447 -0.24165654 0.54936838
v 0.51558447 -0.24165654 0.54936838
v 0.51351655 -0.51496935 0.54447383
v 0.51711524 -0.03329593 0.55297387
v 0.51711524 -0.03329593 0.55297387
v 0.43082821 0.09947628 0.56823820
v 0.43095705 0.29916865 0.56823009
v 0.43077016 0.07082188 0.56800646
v 0.48866421 0.07086354 0.56261516
v 0.48873508 0.09946841 0.56281811
v 0.48883653 0.29927391 0.56282550
v 0.43065998 0.02967852 0.56731081
v 0.48850268 0.02987570 0.56201363
v 0.51754028 0.03003561 0.55395865
v 0.51776171 0.07089728 0.55445707
v 0.51754028 0.03003561 0.55395865
v 0.51776171 0.07089728 0.55445707
v 0.51784569 0.09946197 0.55462986
v 0.51790357 0.29936045 0.55466354
v 0.51784569 0.09946197 0.55462986
v 0.51790357 0.29936045 0.55466354
v 0.42990628 0.42759347 0.56613708
v 0.42863661 0.48554325 0.56275636
v 0.48699078 0.42800844 0.55986267
v 0.48501864 0.48598385 0.55603647
v 0.43072534 0.36643350 0.56764191
v 0.48834491 0.36674768 0.56196952
v 0.51716965 0.36700571 0.55360842
v 0.51535046 0.42834926 0.55103225
v 0.51535046 0.42834926 0.55103225
v 0.51716965 0.36700571 0.55360842
v 0.51274413 0.48634613 0.54692346
v 0.51274413 0.48634613 0.54692346
v 0.55614334 0.08974564 -0.17749760
v 0.55432731 0.08978456 -0.16124761
v 0.53072441 0.08976597 -0.54355156
v 0.54016697 0.08976930 -0.52818030
v 0.54672110 0.08977550 -0.50680232
v 0.55100358 0.08978146 -0.47741961
v 0.55363017 0.08978397 -0.43803424
v 0.33146662 0.08979124 -0.57162243
v 0.43079284 0.08978367 -0.56828153
v 0.48868164 0.08977538 -0.56293458
v 0.51777738 0.08976871 -0.55491370
v 0.51777738 0.08976871 -0.55491370
v -0.33552688 0.08979207 -0.57157564
v -0.18255095 0.08979636 -0.57360381
v -0.00231818 0.08979768 -0.57428610
v 0.17805865 0.08979595 -0.57362479
v -0.53158963 0.08976704 -0.54339218
v -0.51937872 0.08977002 -0.55476594
v -0.51937872 0.08977002 -0.55476594
v -0.49115515 0.08977675 -0.56281543
v -0.43413302 0.08978480 -0.56819898
v -0.55365759 0.08978385 -0.43799174
v -0.55105793 0.08978146 -0.47734293
v -0.54687959 0.08977586 -0.50668824
v -0.54057342 0.08977002 -0.52803546
v -0.55432737 0.08978647 -0.16124745
v -0.55614340 0.08974767 -0.17749684
v 0.55594683 0.06349713 -0.17706922
v 0.55425090 0.06664759 -0.15809396
v 0.55536157 0.02585012 -0.17579821
v 0.55402607 0.03828776 -0.14863697
v 0.53033835 0.02523988 -0.54300702
v 0.53967917 0.02516001 -0.52774590
v 0.53062648 0.06337291 -0.54340386
v 0.54004633 0.06335592 -0.52805310
v 0.54657531 0.06331825 -0.50669092
v 0.54612696 0.02498746 -0.50646180
v 0.55083287 0.06327039 -0.47732216
v 0.55343908 0.06322247 -0.43795073
v 0.55031019 0.02477574 -0.47715828
v 0.55285704 0.02457845 -0.43783894
v 0.33135787 0.02464062 -0.57060254
v 0.43062627 0.02481920 -0.56735760
v 0.33142433 0.06324756 -0.57136834
v 0.43073562 0.06328493 -0.56805009
v 0.48861220 0.06332600 -0.56273097
v 0.48845223 0.02501494 -0.56213117
v 0.51769543 0.06335908 -0.55473942
v 0.51769543 0.06335908 -0.55473942
v 0.51747620 0.02517337 -0.55424154
v 0.51747620 0.02517337 -0.55424154
v -0.33540994 0.02464533 -0.57055873
v -0.18249051 0.02453583 -0.57252777
v -0.33548009 0.06324947 -0.57132292
v -0.18252495 0.06322616 -0.57333696
v -0.00231583 0.06321812 -0.57401413
v -0.00231383 0.02449870 -0.57318985
v 0.17803727 0.06322521 -0.57335722
v 0.17800672 0.02453369 -0.57254732
v -0.53120005 0.02525973 -0.54285735
v -0.51907212 0.02518958 -0.55410290
v -0.53148890 0.06337941 -0.54324901
v -0.51929337 0.06336474 -0.55459589
v -0.51907212 0.02518958 -0.55410290
v -0.51929337 0.06336474 -0.55459589
v -0.49108171 0.06333035 -0.56261516
v -0.49091899 0.02502722 -0.56201959
v -0.43407154 0.06328809 -0.56796998
v -0.43395883 0.02482748 -0.56728035
v -0.55289072 0.02460545 -0.43779865
v -0.55036843 0.02480149 -0.47708583
v -0.55346775 0.06322980 -0.43790936
v -0.55088753 0.06327748 -0.47724742
v -0.54673308 0.06332529 -0.50657994
v -0.54628700 0.02501172 -0.50635433
v -0.54045117 0.06336278 -0.52791214
v -0.54008454 0.02518243 -0.52760965
v -0.55403185 0.03830975 -0.14863682
v -0.55425239 0.06665516 -0.15809377
v -0.55594903 0.06350744 -0.17706853
v -0.55537039 0.02588230 -0.17579748
v 0.55615389 0.32045579 0.18345313
v 0.55600876 0.32090831 0.33215061
v 0.55617952 0.34109390 0.18219900
v 0.55598879 0.34191793 0.33223736
v 0.55515385 0.34217149 0.38718447
v 0.55519581 0.32108325 0.38710037
v 0.55352008 0.34245795 0.43728551
v 0.55360073 0.32128203 0.43724120
v 0.54668164 0.32170171 0.50550276
v 0.54013938 0.32185060 0.52718651
v 0.53072989 0.32191092 0.54294723
v 0.55096567 0.32150018 0.47611490
v 0.55082411 0.34277040 0.47606692
v 0.54647642 0.34305799 0.50534165
v 0.53988743 0.34327012 0.52692217
v 0.53046739 0.34335601 0.54262125
v 0.33163297 0.34259719 0.57144231
v 0.43090490 0.34281904 0.56799096
v 0.33163723 0.32137620 0.57154459
v 0.43096739 0.32153243 0.56816816
v 0.48881331 0.32170492 0.56274104
v 0.48867124 0.34306389 0.56248450
v 0.51784438 0.32184666 0.55456638
v 0.51784438 0.32184666 0.55456638
v 0.51762706 0.34326506 0.55425161
v 0.51762706 0.34326506 0.55425161
v -0.33573636 0.34260017 0.57138443
v -0.18269655 0.34246701 0.57348317
v -0.33572933 0.32137847 0.57148921
v -0.18267854 0.32128477 0.57354248
v -0.00233459 0.32125288 0.57423419
v -0.00234014 0.34242183 0.57419074
v 0.17815365 0.32128310 0.57356763
v 0.17816052 0.34246498 0.57350969
v -0.53136539 0.34334803 0.54243922
v -0.51926565 0.34326017 0.55408156
v -0.53161734 0.32190442 0.54276675
v -0.51947141 0.32184273 0.55439842
v -0.51926565 0.34326017 0.55408156
v -0.51947141 0.32184273 0.55439842
v -0.49131519 0.32170367 0.56260443
v -0.49118495 0.34306234 0.56234533
v -0.43433806 0.32153344 0.56807256
v -0.43428713 0.34282053 0.56789243
v -0.54685271 0.32169342 0.50537336
v -0.55102795 0.32149214 0.47602728
v -0.55363250 0.32127488 0.43719208
v -0.54056340 0.32184273 0.52702248
v -0.54032016 0.34326035 0.52675700
v -0.54665381 0.34304762 0.50521111
v -0.55089056 0.34276026 0.47597837
v -0.55355382 0.34244889 0.43723547
v -0.55601251 0.32090372 0.33213931
v -0.55615395 0.32045525 0.18345217
v -0.55520886 0.32107729 0.38707551
v -0.55516809 0.34216404 0.38715890
v -0.55599290 0.34191233 0.33222535
v -0.55617952 0.34109324 0.18219799
v -0.49511209 0.29851562 0.49391419
v -0.49022421 0.29851556 0.49756569
v -0.49022421 0.10001230 0.49756569
v -0.49511209 0.10001236 0.49391419
v -0.49022421 0.29851556 0.49756569
v -0.46978235 0.29851556 0.49939144
v -0.46978235 0.10001230 0.49939144
v -0.49022421 0.10001230 0.49756569
v -0.46978235 0.07223445 0.49939144
v -0.49022421 0.07223451 0.49756572
v -0.49022421 0.07223451 0.49756572
v -0.49511209 0.07223445 0.49391416
v -0.42018780 0.29851556 0.50000000
v -0.42018780 0.10001230 0.50000000
v -0.32784179 0.29851562 0.50000000
v -0.32784179 0.10001236 0.50000000
v -0.32784176 0.07223445 0.50000000
v -0.42018780 0.07223451 0.50000000
v -0.42018780 0.03308821 0.50000000
v -0.46978235 0.03308821 0.49939144
v -0.32784179 0.03308821 0.50000000
v -0.32784179 -0.02718908 0.50000000
v -0.42018774 -0.02718908 0.50000000
v -0.46978235 -0.02718908 0.49939141
v -0.49022421 0.03308821 0.49756569
v -0.49511209 0.03308821 0.49391419
v -0.49022421 0.03308821 0.49756569
v -0.49022412 -0.02718908 0.49756569
v -0.49022412 -0.02718908 0.49756569
v -0.49511209 -0.02718908 0.49391422
v -0.49022421 0.29808640 -0.49775127
v -0.46978235 0.29808646 -0.49943784
v -0.46978235 0.32063407 -0.49943784
v -0.49022421 0.32063413 -0.49775127
v -0.49511209 0.29808646 -0.49437812
v -0.49022421 0.29808640 -0.49775127
v -0.49022421 0.32063413 -0.49775127
v -0.49511209 0.32063401 -0.49437818
v -0.42018780 0.29808640 -0.50000000
v -0.32784179 0.29808646 -0.50000000
v -0.32784176 0.32063401 -0.50000000
v -0.42018780 0.32063413 -0.50000000
v -0.42018780 0.34153444 -0.50000000
v -0.46978235 0.34153444 -0.49943784
v -0.32784179 0.34153444 -0.50000000
v -0.32784179 0.36451530 -0.50000000
v -0.42018774 0.36451530 -0.50000000
v -0.46978235 0.36451530 -0.49943787
v -0.49022421 0.34153444 -0.49775127
v -0.49511209 0.34153444 -0.49437812
v -0.49022421 0.34153444 -0.49775127
v -0.49022412 0.36451530 -0.49775127
v -0.49022412 0.36451530 -0.49775127
v -0.49511209 0.36451530 -0.49437812
v -0.49232426 -0.36503538 0.49044305
v -0.49372721 -0.30805728 0.49218988
v -0.48946384 -0.31474188 0.49540186
v -0.48908362 -0.38970459 0.49218988
v -0.49476588 -0.21909314 0.49348313
v -0.49003410 -0.22076428 0.49702474
v -0.48946384 -0.31474188 0.49540186
v -0.49003410 -0.22076428 0.49702474
v -0.46973485 -0.22327101 0.49879977
v -0.46959227 -0.32476875 0.49702474
v -0.48908362 -0.38970459 0.49218988
v -0.46949720 -0.40796778 0.49348313
v -0.49511209 -0.11835998 0.49391419
v -0.49022421 -0.11835992 0.49756569
v -0.49022421 -0.11835992 0.49756569
v -0.46978235 -0.11835992 0.49939144
v -0.42018780 -0.11835992 0.50000000
v -0.42018780 -0.22410655 0.49939144
v -0.32784179 -0.11835998 0.50000000
v -0.32784176 -0.22410655 0.49939141
v -0.42018780 -0.32811105 0.49756569
v -0.42018774 -0.41405553 0.49391419
v -0.32784179 -0.32811099 0.49756569
v -0.32784179 -0.41405553 0.49391422
v -0.49511209 -0.02962500 -0.49437812
v -0.49511209 -0.11933434 -0.49437812
v -0.49022421 -0.11933434 -0.49775127
v -0.49022412 -0.02962506 -0.49775127
v -0.49476588 -0.21933672 -0.49397996
v -0.49003410 -0.22100782 -0.49725157
v -0.49022421 -0.11933434 -0.49775127
v -0.49003410 -0.22100782 -0.49725157
v -0.46973485 -0.22351456 -0.49889123
v -0.46978235 -0.11933434 -0.49943784
v -0.49022412 -0.02962506 -0.49775127
v -0.46978235 -0.02962500 -0.49943787
v -0.49372721 -0.30805728 -0.49278527
v -0.48946384 -0.31474188 -0.49575242
v -0.49232420 -0.36503536 -0.49117163
v -0.48908362 -0.38970459 -0.49278530
v -0.48946384 -0.31474188 -0.49575242
v -0.48908362 -0.38970459 -0.49278530
v -0.46949720 -0.40796778 -0.49397996
v -0.46959227 -0.32476878 -0.49725157
v -0.42018780 -0.32811105 -0.49775127
v -0.42018780 -0.22435012 -0.49943784
v -0.42018774 -0.41405553 -0.49437812
v -0.32784179 -0.41405553 -0.49437812
v -0.32784179 -0.32811102 -0.49775127
v -0.32784176 -0.22435012 -0.49943787
v -0.42018780 -0.11933434 -0.50000000
v -0.42018774 -0.02962500 -0.50000000
v -0.32784179 -0.11933434 -0.50000000
v -0.32784179 -0.02962506 -0.50000000
v -0.49652836 0.48224366 -0.49626508
v -0.49525371 0.42467380 -0.49456689
v -0.49033043 0.42467380 -0.49798712
v -0.49128634 0.48224366 -0.50010997
v -0.49128634 0.48224366 -0.50010997
v -0.49033043 0.42467380 -0.49798712
v -0.46985537 0.42467391 -0.49971792
v -0.47051260 0.48224366 -0.50223881
v -0.42023203 0.42467380 -0.50031847
v -0.32786390 0.42467391 -0.50034791
v -0.42063037 0.48224378 -0.50318426
v -0.32806307 0.48224366 -0.50347918
v -0.49511209 0.36437905 0.49391422
v -0.49525371 0.42466021 0.49410287
v -0.49033043 0.42466021 0.49780157
v -0.49022412 0.36437905 0.49756569
v -0.49022412 0.36437905 0.49756569
v -0.49033043 0.42466021 0.49780157
v -0.46985537 0.42466021 0.49967158
v -0.46978235 0.36437905 0.49939141
v -0.49652836 0.48224366 0.49580118
v -0.49128634 0.48224378 0.49992442
v -0.49128634 0.48224378 0.49992442
v -0.47051257 0.48224366 0.50219244
v -0.42063037 0.48224366 0.50318432
v -0.42023203 0.42466021 0.50031841
v -0.32806307 0.48224366 0.50347918
v -0.32786390 0.42466021 0.50034791
v -0.42018774 0.36437905 0.50000000
v -0.32784179 0.36437905 0.50000000
v 0.50283253 0.48224366 -0.11149497
v 0.50045466 0.42439330 -0.11269202
v 0.50051558 0.42485845 -0.05940545
v 0.50283253 0.48224366 -0.05860741
v 0.50054103 0.42521095 0.00315312
v 0.50283259 0.48224366 0.00315340
v 0.50193977 0.35993844 -0.12546934
v 0.50252670 0.36874372 -0.06312834
v 0.50267965 0.37108022 0.00315092
v 0.50252658 0.36871076 0.06943776
v 0.50051558 0.42485404 0.06572364
v 0.50193977 0.35984516 0.13180652
v 0.50045460 0.42438507 0.11904725
v 0.50283253 0.48224378 0.06492676
v 0.50283253 0.48224366 0.11785188
v 0.50193977 -0.00451308 -0.12546934
v 0.50068545 -0.11104375 -0.11628314
v 0.50092912 -0.11485302 -0.06179954
v 0.50252670 -0.02509916 -0.06312833
v 0.49961162 -0.22227746 -0.11269201
v 0.49967250 -0.22322983 -0.05940545
v 0.49969792 -0.22408420 0.00315311
v 0.50103116 -0.11827064 0.00315227
v 0.50267965 -0.03035206 0.00315093
v 0.49776059 -0.32811099 -0.11149498
v 0.49776059 -0.32811105 -0.05860742
v 0.49440140 -0.41405553 -0.11149497
v 0.49440140 -0.41405553 -0.05860742
v 0.49440143 -0.41405553 0.00315339
v 0.49776053 -0.32811105 0.00315340
v 0.49776059 -0.32811105 0.06492674
v 0.49967241 -0.22315186 0.06572365
v 0.49440140 -0.41405553 0.06492674
v 0.49440140 -0.41405553 0.11785190
v 0.49776059 -0.32811102 0.11785188
v 0.49961159 -0.22213009 0.11904725
v 0.50092912 -0.11454123 0.06811436
v 0.50252658 -0.02450973 0.06943777
v 0.50068545 -0.11045420 0.12263331
v 0.50193977 -0.00284499 0.13180654
v -0.32784179 -0.50000006 -0.11149498
v -0.42018774 -0.50000006 -0.11149497
v -0.42018780 -0.50000006 -0.05860742
v -0.32784179 -0.50000006 -0.05860742
v -0.46978229 -0.49140558 -0.11149496
v -0.46978235 -0.49140558 -0.05860743
v -0.46978235 -0.49140558 0.00315339
v -0.42018780 -0.50000006 0.00315339
v -0.32784176 -0.50000006 0.00315339
v -0.46978229 -0.49140558 -0.11149496
v -0.49022412 -0.46562225 -0.11149498
v -0.49022421 -0.46562225 -0.05860743
v -0.46978235 -0.49140558 -0.05860743
v -0.49511209 -0.41405553 -0.11149498
v -0.49511209 -0.41405553 -0.05860742
v -0.49511209 -0.41405553 0.00315339
v -0.49022421 -0.46562225 0.00315339
v -0.46978235 -0.49140558 0.00315339
v -0.49022421 -0.46562225 0.06492674
v -0.46978235 -0.49140558 0.06492674
v -0.49511209 -0.41405553 0.06492674
v -0.49511209 -0.41405553 0.11785188
v -0.49022412 -0.46562225 0.11785188
v -0.46978235 -0.49140558 0.11785188
v -0.42018774 -0.50000006 0.06492674
v -0.32784179 -0.50000006 0.06492674
v -0.46978235 -0.49140558 0.06492674
v -0.46978235 -0.49140558 0.11785188
v -0.42018774 -0.50000006 0.11785189
v -0.32784179 -0.50000006 0.11785188
v -0.49804488 -0.32811102 -0.11149497
v -0.49804488 -0.32811105 -0.05860743
v -0.49968261 -0.22227746 -0.11269202
v -0.49974358 -0.22322983 -0.05940545
v -0.49976894 -0.22408420 0.00315311
v -0.49804488 -0.32811105 0.00315339
v -0.50068545 -0.11104375 -0.11628316
v -0.50092912 -0.11485302 -0.06179954
v -0.50193977 -0.00451308 -0.12546936
v -0.50252670 -0.02509916 -0.06312834
v -0.50267965 -0.03035206 0.00315092
v -0.50103116 -0.11827064 0.00315227
v -0.50092912 -0.11454123 0.06811434
v -0.49974349 -0.22315186 0.06572364
v -0.50252658 -0.02450973 0.06943775
v -0.50193977 -0.00284499 0.13180652
v -0.50068545 -0.11045420 0.12263331
v -0.49968261 -0.22213009 0.11904725
v -0.49804488 -0.32811105 0.06492674
v -0.49804488 -0.32811099 0.11785189
v -0.50193977 0.35993844 -0.12546934
v -0.50045466 0.42439330 -0.11269201
v -0.50051558 0.42485845 -0.05940543
v -0.50252670 0.36874384 -0.06312833
v -0.50054103 0.42521083 0.00315313
v -0.50267965 0.37108022 0.00315093
v -0.50283253 0.48224366 -0.11149497
v -0.50283253 0.48224378 -0.05860741
v -0.50283259 0.48224366 0.00315340
v -0.50283253 0.48224366 0.06492676
v -0.50051558 0.42485404 0.06572366
v -0.50283253 0.48224366 0.11785189
v -0.50045466 0.42438507 0.11904726
v -0.50252658 0.36871076 0.06943777
v -0.50193977 0.35984516 0.13180652
v -0.49511209 -0.41405553 -0.17224798
v -0.49022421 -0.46562225 -0.17224796
v -0.46978235 -0.49140558 -0.17224798
v -0.46978235 -0.49140558 -0.17224798
v -0.42018780 -0.50000006 -0.17224796
v -0.32784176 -0.50000006 -0.17224798
v -0.50283253 0.29808646 -0.16117531
v -0.50028324 0.29808646 -0.17721598
v -0.50027049 0.32056868 -0.17679453
v -0.50275606 0.31994903 -0.15802529
v -0.50023234 0.34127313 -0.17553002
v -0.50252658 0.33879429 -0.14857537
v -0.50017142 0.36412334 -0.17406598
v 0.50028324 0.29808646 -0.17721598
v 0.50283253 0.29808646 -0.16117531
v 0.50275612 0.31994903 -0.15802531
v 0.50027061 0.32056868 -0.17679453
v 0.50252658 0.33879429 -0.14857537
v 0.50023234 0.34127313 -0.17553002
v 0.50017136 0.36412328 -0.17406598
v 0.49946275 -0.22399163 -0.17244749
v 0.49776053 -0.32811105 -0.17224795
v 0.49440143 -0.41405553 -0.17224795
v 0.50017142 -0.02747393 -0.17406598
v 0.50009078 -0.11790025 -0.17304596
v -0.49953383 -0.22399160 -0.17244747
v -0.50009066 -0.11790025 -0.17304598
v -0.50017142 -0.02747393 -0.17406598
v -0.49804488 -0.32811105 -0.17224795
v -0.50030589 0.42460847 -0.17244746
v -0.50283259 0.48224366 -0.17224798
v 0.50030589 0.42460859 -0.17244749
v 0.50283259 0.48224366 -0.17224796
v 0.49440140 0.36437905 0.49391422
v 0.49454305 0.42466021 0.49410287
v 0.49793756 0.42466021 0.48796982
v 0.49776059 0.36437905 0.48782834
v 0.49965042 0.42466021 0.47649270
v 0.49944016 0.36437905 0.47639540
v 0.49581769 0.48224366 0.49580118
v 0.49953094 0.48224378 0.48924360
v 0.50154245 0.48224366 0.47736841
v 0.50239003 0.48224366 0.45729232
v 0.50023901 0.42466021 0.45676160
v 0.50261128 0.48224366 0.42613211
v 0.50026119 0.42466021 0.42586675
v 0.50000000 0.36437905 0.45670265
v 0.50000000 0.36437905 0.42583725
v 0.50000000 -0.02718908 0.42583725
v 0.50000000 -0.02718908 0.45670265
v 0.50000000 0.03308821 0.45670265
v 0.50000000 0.03308821 0.42583719
v 0.49944016 -0.02718914 0.47639540
v 0.49944016 0.03308821 0.47639540
v 0.49944016 0.07223445 0.47639537
v 0.50000000 0.07223445 0.45670262
v 0.50000000 0.07223445 0.42583728
v 0.49776059 -0.02718908 0.48782834
v 0.49776059 0.03308821 0.48782837
v 0.49440140 -0.02718908 0.49391422
v 0.49440140 0.03308821 0.49391419
v 0.49440143 0.07223445 0.49391416
v 0.49776053 0.07223445 0.48782834
v 0.49776059 0.10001230 0.48782834
v 0.49944016 0.10001230 0.47639537
v 0.49440140 0.10001236 0.49391419
v 0.49440140 0.29851562 0.49391419
v 0.49776059 0.29851556 0.48782834
v 0.49944016 0.29851556 0.47639537
v 0.50000000 0.10001230 0.45670265
v 0.50000000 0.10001236 0.42583719
v 0.50000000 0.29851556 0.45670265
v 0.50000000 0.29851562 0.42583719
v 0.49120817 -0.36503538 0.49044308
v 0.49281517 -0.30805728 0.49218988
v 0.49576995 -0.31474188 0.48688167
v 0.49281517 -0.38970459 0.48640835
v 0.49400485 -0.21909314 0.49348313
v 0.49726292 -0.22076428 0.48759171
v 0.49889582 -0.22327101 0.47633627
v 0.49726292 -0.32476875 0.47615874
v 0.49400485 -0.40796778 0.47604045
v 0.49440140 -0.11835998 0.49391419
v 0.49776059 -0.11835992 0.48782837
v 0.49944016 -0.11835992 0.47639540
v 0.50000000 -0.11835992 0.45670265
v 0.49944016 -0.22410655 0.45670262
v 0.50000000 -0.11835998 0.42583719
v 0.49944016 -0.22410655 0.42583725
v 0.49776059 -0.32811105 0.45670265
v 0.49440140 -0.41405553 0.45670265
v 0.49776059 -0.32811099 0.42583719
v 0.49440140 -0.41405553 0.42583725
v -0.49511209 -0.41405553 0.42583725
v -0.49511209 -0.41405553 0.45670265
v -0.49022421 -0.46562225 0.45670265
v -0.49022412 -0.46562225 0.42583719
v -0.49476588 -0.40796778 0.47604045
v -0.49003410 -0.45798278 0.47615874
v -0.46973485 -0.48304987 0.47633627
v -0.46978235 -0.49140558 0.45670262
v -0.46978235 -0.49140558 0.42583728
v -0.49372721 -0.38970459 0.48640835
v -0.48946384 -0.43506426 0.48688167
v -0.48946384 -0.43506426 0.48688167
v -0.46959227 -0.45798278 0.48759171
v -0.49003410 -0.45798278 0.47615874
v -0.46973485 -0.48304987 0.47633627
v -0.42018780 -0.46562225 0.48782834
v -0.42018780 -0.49140558 0.47639537
v -0.32784179 -0.46562225 0.48782834
v -0.32784176 -0.49140558 0.47639540
v -0.46978235 -0.49140558 0.42583728
v -0.46978235 -0.49140558 0.45670262
v -0.42018780 -0.50000006 0.45670265
v -0.42018774 -0.50000006 0.42583719
v -0.46973485 -0.48304987 0.47633627
v -0.42018780 -0.49140558 0.47639537
v -0.32784176 -0.49140558 0.47639540
v -0.32784179 -0.50000006 0.45670265
v -0.32784179 -0.50000006 0.42583725
v -0.50000000 -0.02718908 0.42583725
v -0.50000000 -0.02718908 0.45670265
v -0.50000000 -0.11835992 0.45670265
v -0.50000000 -0.11835998 0.42583719
v -0.49951121 -0.02718914 0.47639540
v -0.49951124 -0.11835992 0.47639540
v -0.49903604 -0.22327101 0.47633627
v -0.49951124 -0.22410655 0.45670262
v -0.49951121 -0.22410655 0.42583728
v -0.49804488 -0.02718908 0.48782834
v -0.49804488 -0.11835992 0.48782837
v -0.49761036 -0.22076428 0.48759168
v -0.49630699 -0.31474188 0.48688167
v -0.49761042 -0.32476875 0.47615877
v -0.49804488 -0.32811105 0.45670265
v -0.49804488 -0.32811105 0.42583719
v -0.49804488 0.03308821 0.48782837
v -0.49951124 0.03308821 0.47639540
v -0.49951124 0.07223445 0.47639540
v -0.49804488 0.07223445 0.48782837
v -0.50000000 0.03308821 0.45670265
v -0.50000000 0.03308821 0.42583719
v -0.50000000 0.07223445 0.42583728
v -0.50000000 0.07223445 0.45670262
v -0.50000000 0.10001230 0.45670265
v -0.49951124 0.10001230 0.47639540
v -0.50000000 0.10001236 0.42583719
v -0.50000000 0.29851562 0.42583722
v -0.50000000 0.29851556 0.45670265
v -0.49951124 0.29851556 0.47639540
v -0.49804488 0.10001230 0.48782834
v -0.49804488 0.29851556 0.48782837
v -0.50239003 0.48224378 0.45729235
v -0.50161350 0.48224366 0.47736841
v -0.49972156 0.42466021 0.47649270
v -0.50023901 0.42466021 0.45676160
v -0.50261128 0.48224366 0.42613211
v -0.50026119 0.42466021 0.42586678
v -0.49981517 0.48224366 0.48924360
v -0.49822187 0.42466021 0.48796982
v -0.49804488 0.36437905 0.48782834
v -0.49951121 0.36437905 0.47639540
v -0.50000000 0.36437905 0.45670265
v -0.50000000 0.36437905 0.42583725
v -0.50017142 0.36399066 0.18040814
v -0.50030589 0.42459548 0.17879091
v -0.50028104 0.42466021 0.32896373
v -0.50000000 0.36437905 0.32896078
v -0.50283259 0.48224366 0.17859174
v -0.50281048 0.48224366 0.32899028
v -0.50274402 0.48224366 0.38100439
v -0.50027442 0.42466021 0.38089827
v -0.50000000 0.36437905 0.38088647
v -0.50000000 -0.02718908 0.38088647
v -0.50000000 0.03308821 0.38088650
v -0.50000000 -0.02718908 0.32896075
v -0.50000000 0.03308821 0.32896075
v -0.50000000 0.07223445 0.32896081
v -0.50000000 0.07223445 0.38088644
v -0.50017142 -0.02510375 0.18040812
v -0.50023234 0.03447843 0.18187261
v -0.50027049 0.07258201 0.18313797
v -0.50028324 0.10001230 0.18355976
v -0.50000000 0.10001230 0.32896075
v -0.50028324 0.29851556 0.18355976
v -0.50000000 0.29851556 0.32896081
v -0.50000000 0.10001230 0.38088647
v -0.50000000 0.29851556 0.38088647
v -0.50000000 -0.11835992 0.32896078
v -0.50009078 -0.11696976 0.17938860
v -0.49951124 -0.22410655 0.32896081
v -0.49953392 -0.22375900 0.17879093
v -0.50000000 -0.11835992 0.38088647
v -0.49951124 -0.22410655 0.38088644
v -0.49804488 -0.32811105 0.38088647
v -0.49804488 -0.32811105 0.32896075
v -0.49511209 -0.41405553 0.38088647
v -0.49511209 -0.41405553 0.32896075
v -0.49804488 -0.32811105 0.17859171
v -0.49511209 -0.41405553 0.17859174
v -0.49022421 -0.46562225 0.32896078
v -0.49022421 -0.46562225 0.17859173
v -0.46978235 -0.49140558 0.32896081
v -0.46978235 -0.49140558 0.17859173
v -0.49022421 -0.46562225 0.38088647
v -0.46978235 -0.49140558 0.38088644
v -0.46978235 -0.49140558 0.32896081
v -0.46978235 -0.49140558 0.38088644
v -0.42018780 -0.50000006 0.38088647
v -0.42018780 -0.50000006 0.32896075
v -0.32784179 -0.50000006 0.38088647
v -0.32784176 -0.50000006 0.32896075
v -0.46978235 -0.49140558 0.17859173
v -0.42018780 -0.50000006 0.17859171
v -0.32784179 -0.50000006 0.17859173
v 0.50000000 -0.02718908 0.38088647
v 0.50000000 -0.11835992 0.38088650
v 0.50000000 -0.02718908 0.32896075
v 0.50000000 -0.11835992 0.32896075
v 0.49944016 -0.22410655 0.32896081
v 0.49944016 -0.22410655 0.38088644
v 0.50017142 -0.02510375 0.18040812
v 0.50009066 -0.11696976 0.17938861
v 0.49946275 -0.22375900 0.17879093
v 0.49776053 -0.32811105 0.17859171
v 0.49776053 -0.32811105 0.32896075
v 0.49440143 -0.41405553 0.17859173
v 0.49440143 -0.41405553 0.32896075
v 0.49776059 -0.32811105 0.38088647
v 0.49440140 -0.41405553 0.38088647
v 0.50000000 0.03308821 0.32896078
v 0.50023240 0.03447843 0.18187262
v 0.50000000 0.07223445 0.32896081
v 0.50027049 0.07258201 0.18313797
v 0.50000000 0.03308821 0.38088647
v 0.50000000 0.07223445 0.38088644
v 0.50000000 0.10001230 0.38088647
v 0.50000000 0.10001230 0.32896075
v 0.50000000 0.29851556 0.38088650
v 0.50000000 0.29851556 0.32896078
v 0.50028324 0.10001230 0.18355976
v 0.50028324 0.29851556 0.18355976
v 0.50274402 0.48224378 0.38100439
v 0.50281048 0.48224366 0.32899025
v 0.50028116 0.42466021 0.32896373
v 0.50027442 0.42466021 0.38089827
v 0.50283259 0.48224366 0.17859174
v 0.50030589 0.42459548 0.17879093
v 0.50017136 0.36399066 0.18040809
v 0.50000000 0.36437905 0.32896078
v 0.50000000 0.36437905 0.38088647
v -0.49822187 0.42467380 -0.48889777
v -0.49804488 0.36451530 -0.48875624
v -0.49972150 0.42467391 -0.47782636
v -0.49951124 0.36451530 -0.47772905
v -0.49981517 0.48224378 -0.49017149
v -0.50161350 0.48224366 -0.47870201
v -0.50239003 0.48224366 -0.45872957
v -0.50023901 0.42467380 -0.45819890
v -0.50261128 0.48224366 -0.42712727
v -0.50026119 0.42467391 -0.42686197
v -0.50000000 0.36451530 -0.45813990
v -0.50000000 0.36451530 -0.42683247
v -0.50000000 0.29808640 -0.45813996
v -0.49951124 0.29808646 -0.47772899
v -0.49951124 0.32063407 -0.47772905
v -0.50000000 0.32063413 -0.45813990
v -0.50000000 0.29808646 -0.42683247
v -0.50000000 0.32063401 -0.42683250
v -0.49804488 0.29808640 -0.48875624
v -0.49804488 0.32063413 -0.48875627
v -0.49804488 0.34153444 -0.48875624
v -0.49951124 0.34153444 -0.47772902
v -0.50000000 0.34153444 -0.45813993
v -0.50000000 0.34153450 -0.42683247
v -0.49630699 -0.31474188 -0.48788178
v -0.49372721 -0.38970459 -0.48744449
v -0.49761042 -0.22100782 -0.48853764
v -0.49903604 -0.22351456 -0.47767439
v -0.49761036 -0.32476875 -0.47751042
v -0.49476588 -0.40796781 -0.47740114
v -0.49804488 -0.11933434 -0.48875624
v -0.49804488 -0.02962500 -0.48875624
v -0.49951121 -0.02962506 -0.47772905
v -0.49951124 -0.11933434 -0.47772899
v -0.50000000 -0.11933434 -0.45813996
v -0.49951124 -0.22435012 -0.45813990
v -0.50000000 -0.02962506 -0.45813990
v -0.50000000 -0.02962506 -0.42683247
v -0.50000000 -0.11933434 -0.42683247
v -0.49951121 -0.22435012 -0.42683250
v -0.49804488 -0.32811105 -0.45813996
v -0.49511209 -0.41405553 -0.45813990
v -0.49804488 -0.32811099 -0.42683247
v -0.49511209 -0.41405553 -0.42683247
v -0.48946384 -0.43506426 -0.48788178
v -0.49003410 -0.45798278 -0.47751039
v -0.48946384 -0.43506426 -0.48788178
v -0.49003410 -0.45798278 -0.47751039
v -0.46973485 -0.48304987 -0.47767442
v -0.46959227 -0.45798278 -0.48853755
v -0.49022421 -0.46562225 -0.45813996
v -0.49022412 -0.46562225 -0.42683247
v -0.46978229 -0.49140558 -0.42683250
v -0.46978235 -0.49140558 -0.45813990
v -0.46973485 -0.48304987 -0.47767442
v -0.46973485 -0.48304987 -0.47767442
v -0.46978235 -0.49140558 -0.45813990
v -0.42018780 -0.50000006 -0.45813993
v -0.42018780 -0.49140558 -0.47772899
v -0.46978229 -0.49140558 -0.42683250
v -0.42018774 -0.50000006 -0.42683247
v -0.32784179 -0.50000006 -0.42683247
v -0.32784179 -0.50000006 -0.45813990
v -0.32784176 -0.49140558 -0.47772905
v -0.42018780 -0.46562225 -0.48875624
v -0.42018780 -0.49140558 -0.47772899
v -0.32784176 -0.49140558 -0.47772905
v -0.32784179 -0.46562225 -0.48875624
v 0.50000000 -0.02962506 -0.42683247
v 0.50000000 -0.02962500 -0.45813990
v 0.50000000 -0.11933434 -0.45813996
v 0.50000000 -0.11933434 -0.42683247
v 0.49944016 -0.02962506 -0.47772905
v 0.49944016 -0.11933434 -0.47772899
v 0.49889582 -0.22351456 -0.47767442
v 0.49944016 -0.22435012 -0.45813990
v 0.49944016 -0.22435012 -0.42683250
v 0.49776059 -0.02962506 -0.48875624
v 0.49776059 -0.11933434 -0.48875624
v 0.49440140 -0.02962500 -0.49437812
v 0.49440140 -0.11933434 -0.49437812
v 0.49400485 -0.21933672 -0.49397996
v 0.49726290 -0.22100782 -0.48853761
v 0.49576995 -0.31474188 -0.48788175
v 0.49726292 -0.32476875 -0.47751039
v 0.49281517 -0.30805731 -0.49278530
v 0.49120817 -0.36503536 -0.49117160
v 0.49281517 -0.38970459 -0.48744449
v 0.49400485 -0.40796778 -0.47740111
v 0.49776059 -0.32811105 -0.45813993
v 0.49776059 -0.32811102 -0.42683247
v 0.49440140 -0.41405553 -0.45813990
v 0.49440140 -0.41405553 -0.42683247
v 0.49776059 0.29808640 -0.48875624
v 0.49944016 0.29808646 -0.47772899
v 0.49944016 0.32063407 -0.47772905
v 0.49776053 0.32063413 -0.48875624
v 0.49440140 0.29808646 -0.49437812
v 0.49440143 0.32063401 -0.49437818
v 0.50000000 0.29808640 -0.45813996
v 0.50000000 0.29808646 -0.42683247
v 0.50000000 0.32063401 -0.42683250
v 0.50000000 0.32063413 -0.45813990
v 0.50000000 0.34153444 -0.45813993
v 0.49944016 0.34153444 -0.47772899
v 0.50000000 0.34153444 -0.42683247
v 0.50000000 0.36451530 -0.42683247
v 0.50000000 0.36451530 -0.45813990
v 0.49944016 0.36451530 -0.47772905
v 0.49776059 0.34153444 -0.48875624
v 0.49440140 0.34153444 -0.49437812
v 0.49776059 0.36451530 -0.48875624
v 0.49440140 0.36451530 -0.49437812
v 0.50239003 0.48224378 -0.45872957
v 0.50154251 0.48224366 -0.47870201
v 0.49965042 0.42467391 -0.47782636
v 0.50023901 0.42467380 -0.45819890
v 0.50261128 0.48224366 -0.42712727
v 0.50026119 0.42467391 -0.42686197
v 0.49953091 0.48224366 -0.49017149
v 0.49581769 0.48224366 -0.49626508
v 0.49454305 0.42467380 -0.49456689
v 0.49793756 0.42467380 -0.48889777
v -0.17915444 0.42467380 -0.50036561
v -0.17923407 0.48224366 -0.50365603
v -0.00220316 0.42467391 -0.50037152
v -0.00220316 0.48224366 -0.50371504
v -0.17914556 0.36451530 -0.50000000
v -0.00220316 0.36451530 -0.50000000
v 0.17488138 0.36451530 -0.50000000
v 0.17489025 0.42467380 -0.50036561
v 0.32400399 0.36451530 -0.50000000
v 0.32402614 0.42467391 -0.50034791
v 0.17496991 0.48224378 -0.50365603
v 0.32422534 0.48224366 -0.50347918
v -0.17914554 0.29808635 -0.50000000
v -0.00220315 0.29808646 -0.50000000
v -0.00220315 0.32063407 -0.50000000
v -0.17914557 0.32063413 -0.50000000
v 0.17488138 0.29808640 -0.50000000
v 0.32400399 0.29808646 -0.50000000
v 0.32400402 0.32063401 -0.50000000
v 0.17488140 0.32063413 -0.50000000
v 0.17488138 0.34153444 -0.50000000
v -0.00220315 0.34153444 -0.50000000
v 0.32400402 0.34153444 -0.50000000
v -0.17914554 0.34153450 -0.50000000
v -0.17914556 -0.41405553 -0.49437812
v -0.17914554 -0.32811102 -0.49775127
v -0.00220316 -0.41405553 -0.49437818
v -0.00220315 -0.32811105 -0.49775127
v -0.00220315 -0.22435012 -0.49943787
v -0.17914557 -0.22435012 -0.49943784
v 0.17488140 -0.41405553 -0.49437812
v 0.17488138 -0.32811105 -0.49775127
v 0.32400402 -0.41405553 -0.49437812
v 0.32400399 -0.32811099 -0.49775127
v 0.32400402 -0.22435012 -0.49943787
v 0.17488140 -0.22435012 -0.49943784
v 0.17488138 -0.11933434 -0.50000000
v -0.00220315 -0.11933434 -0.50000000
v 0.32400402 -0.11933434 -0.50000000
v 0.32400399 -0.02962506 -0.50000000
v 0.17488140 -0.02962500 -0.50000000
v -0.00220316 -0.02962506 -0.50000000
v -0.17914554 -0.11933434 -0.50000000
v -0.17914556 -0.02962506 -0.50000000
v -0.17914556 -0.50000006 -0.42683247
v -0.17914554 -0.50000006 -0.45813996
v -0.00220316 -0.50000006 -0.42683250
v -0.00220315 -0.50000006 -0.45813990
v -0.00220315 -0.49140558 -0.47772905
v -0.17914557 -0.49140558 -0.47772899
v 0.17488140 -0.50000006 -0.42683247
v 0.17488138 -0.50000006 -0.45813993
v 0.32400402 -0.50000006 -0.42683247
v 0.32400399 -0.50000006 -0.45813990
v 0.32400402 -0.49140558 -0.47772905
v 0.17488140 -0.49140558 -0.47772899
v -0.00220315 -0.49140558 -0.47772905
v 0.17488140 -0.49140558 -0.47772899
v 0.17488138 -0.46562225 -0.48875624
v -0.00220315 -0.46562225 -0.48875624
v 0.32400402 -0.49140558 -0.47772905
v 0.32400402 -0.46562225 -0.48875624
v -0.17914557 -0.49140558 -0.47772899
v -0.17914554 -0.46562225 -0.48875624
v -0.17914556 -0.50000006 -0.11149499
v -0.00220316 -0.50000006 -0.11149497
v -0.00220316 -0.50000006 -0.17224799
v -0.17914556 -0.50000006 -0.17224796
v 0.17488140 -0.50000006 -0.11149498
v 0.32400402 -0.50000006 -0.11149498
v 0.32400402 -0.50000006 -0.17224796
v 0.17488140 -0.50000006 -0.17224796
v 0.17488138 -0.50000006 -0.05860743
v 0.32400399 -0.50000006 -0.05860742
v -0.00220315 -0.50000006 -0.05860742
v -0.00220315 -0.50000006 0.00315340
v 0.17488140 -0.50000006 0.00315339
v 0.32400399 -0.50000006 0.00315340
v -0.17914557 -0.50000006 -0.05860743
v -0.17914559 -0.50000006 0.00315339
v -0.17914557 -0.50000006 0.06492674
v -0.00220316 -0.50000006 0.06492674
v -0.17914556 -0.50000006 0.11785188
v -0.00220316 -0.50000006 0.11785188
v 0.17488138 -0.50000006 0.06492674
v 0.32400402 -0.50000006 0.06492674
v 0.17488140 -0.50000006 0.11785189
v 0.32400399 -0.50000006 0.11785188
v -0.17914556 -0.50000006 0.42583719
v -0.17914556 -0.50000006 0.38088647
v -0.00220316 -0.50000006 0.42583728
v -0.00220315 -0.50000006 0.38088644
v -0.00220316 -0.50000006 0.32896081
v -0.17914557 -0.50000006 0.32896075
v 0.17488140 -0.50000006 0.42583719
v 0.17488138 -0.50000006 0.38088647
v 0.32400402 -0.50000006 0.42583725
v 0.32400399 -0.50000006 0.38088647
v 0.32400402 -0.50000006 0.32896075
v 0.17488140 -0.50000006 0.32896078
v 0.32400402 -0.50000006 0.17859173
v 0.17488140 -0.50000006 0.17859173
v -0.00220316 -0.50000006 0.17859174
v -0.17914557 -0.50000006 0.17859171
v -0.17914556 -0.41405553 0.49391419
v -0.17914556 -0.46562225 0.48782834
v -0.00220316 -0.41405553 0.49391416
v -0.00220315 -0.46562225 0.48782834
v -0.00220316 -0.49140558 0.47639537
v -0.17914557 -0.49140558 0.47639537
v 0.17488140 -0.41405553 0.49391419
v 0.17488138 -0.46562225 0.48782837
v 0.32400402 -0.41405553 0.49391422
v 0.32400399 -0.46562225 0.48782834
v 0.32400402 -0.49140558 0.47639540
v 0.17488140 -0.49140558 0.47639540
v -0.00220316 -0.49140558 0.47639537
v 0.17488140 -0.49140558 0.47639540
v 0.17488138 -0.50000006 0.45670265
v -0.00220315 -0.50000006 0.45670262
v 0.32400402 -0.49140558 0.47639540
v 0.32400402 -0.50000006 0.45670265
v -0.17914557 -0.49140558 0.47639537
v -0.17914554 -0.50000006 0.45670265
v -0.17914556 -0.02718908 0.50000000
v -0.17914556 -0.11835992 0.50000000
v -0.00220316 -0.02718914 0.50000000
v -0.00220315 -0.11835992 0.50000000
v -0.00220316 -0.22410655 0.49939144
v -0.17914557 -0.22410655 0.49939144
v 0.17488140 -0.02718908 0.50000000
v 0.17488138 -0.11835992 0.50000000
v 0.32400402 -0.02718908 0.50000000
v 0.32400399 -0.11835998 0.50000000
v 0.32400402 -0.22410655 0.49939141
v 0.17488140 -0.22410655 0.49939144
v 0.17488138 -0.32811105 0.49756569
v -0.00220315 -0.32811105 0.49756572
v 0.32400402 -0.32811105 0.49756569
v -0.17914554 -0.32811105 0.49756569
v -0.17914556 0.29851556 0.50000000
v -0.17914554 0.10001230 0.50000000
v -0.00220315 0.29851556 0.50000000
v -0.00220315 0.10001230 0.50000000
v -0.00220315 0.07223445 0.50000000
v -0.17914557 0.07223451 0.50000000
v 0.17488138 0.29851556 0.50000000
v 0.17488138 0.10001230 0.50000000
v 0.32400402 0.29851562 0.50000000
v 0.32400399 0.10001236 0.50000000
v 0.32400402 0.07223445 0.50000000
v 0.17488140 0.07223451 0.50000000
v 0.17488138 0.03308821 0.50000000
v -0.00220315 0.03308821 0.50000000
v 0.32400402 0.03308821 0.50000000
v -0.17914554 0.03308821 0.50000000
v -0.17923407 0.48224378 0.50365603
v -0.00220316 0.48224366 0.50371504
v -0.00220316 0.42466021 0.50037152
v -0.17915441 0.42466021 0.50036561
v 0.17496991 0.48224366 0.50365603
v 0.32422534 0.48224366 0.50347918
v 0.32402620 0.42466021 0.50034791
v 0.17489025 0.42466021 0.50036561
v 0.32400399 0.36437905 0.50000000
v 0.17488140 0.36437905 0.50000000
v -0.00220316 0.36437905 0.50000000
v -0.17914556 0.36437905 0.50000000
v 0.41710499 0.42467380 -0.50031841
v 0.41750336 0.48224366 -0.50318426
v 0.46758115 0.42467391 -0.49971792
v 0.46823835 0.48224366 -0.50223881
v 0.41706070 0.36451530 -0.50000000
v 0.46750808 0.36451530 -0.49943787
v 0.48880279 0.36451530 -0.49775127
v 0.48890898 0.42467380 -0.49798712
v 0.48890898 0.42467380 -0.49798712
v 0.48880279 0.36451530 -0.49775127
v 0.48986498 0.48224378 -0.50010997
v 0.48986498 0.48224378 -0.50010997
v 0.41706070 0.29808635 -0.50000000
v 0.46750808 0.29808646 -0.49943784
v 0.46750814 0.32063407 -0.49943784
v 0.41706070 0.32063413 -0.50000000
v 0.48880279 0.29808640 -0.49775127
v 0.48880276 0.32063413 -0.49775127
v 0.48880279 0.29808640 -0.49775127
v 0.48880276 0.32063413 -0.49775127
v 0.48880279 0.34153444 -0.49775127
v 0.46750808 0.34153444 -0.49943784
v 0.48880279 0.34153444 -0.49775127
v 0.41706070 0.34153450 -0.50000000
v 0.41706070 -0.41405553 -0.49437812
v 0.41706070 -0.32811102 -0.49775127
v 0.46718156 -0.40796778 -0.49397996
v 0.46729037 -0.32476875 -0.49725157
v 0.46745366 -0.22351456 -0.49889129
v 0.41706070 -0.22435012 -0.49943784
v 0.48749650 -0.38970459 -0.49278527
v 0.48793191 -0.31474188 -0.49575242
v 0.48749650 -0.38970459 -0.49278527
v 0.48793191 -0.31474188 -0.49575242
v 0.48858508 -0.22100782 -0.49725157
v 0.48858508 -0.22100782 -0.49725157
v 0.48880279 -0.11933434 -0.49775127
v 0.46750808 -0.11933434 -0.49943784
v 0.48880279 -0.11933434 -0.49775127
v 0.48880279 -0.02962500 -0.49775127
v 0.48880279 -0.02962500 -0.49775127
v 0.46750808 -0.02962506 -0.49943787
v 0.41706070 -0.11933434 -0.50000000
v 0.41706070 -0.02962506 -0.50000000
v 0.41706070 -0.50000006 -0.42683247
v 0.41706070 -0.50000006 -0.45813996
v 0.46750808 -0.49140558 -0.42683250
v 0.46750808 -0.49140558 -0.45813990
v 0.46745366 -0.48304987 -0.47767439
v 0.41706070 -0.49140558 -0.47772899
v 0.46750808 -0.49140558 -0.42683250
v 0.48880279 -0.46562225 -0.42683247
v 0.48880279 -0.46562225 -0.45813993
v 0.46750808 -0.49140558 -0.45813990
v 0.48858508 -0.45798272 -0.47751039
v 0.46745366 -0.48304987 -0.47767439
v 0.46745366 -0.48304987 -0.47767439
v 0.48858508 -0.45798272 -0.47751039
v 0.48793191 -0.43506420 -0.48788178
v 0.46729040 -0.45798278 -0.48853764
v 0.48793191 -0.43506420 -0.48788178
v 0.41706070 -0.49140558 -0.47772899
v 0.41706070 -0.46562225 -0.48875624
v 0.41706070 -0.50000006 -0.11149499
v 0.46750808 -0.49140558 -0.11149497
v 0.46750814 -0.49140558 -0.17224799
v 0.41706070 -0.50000006 -0.17224796
v 0.48880279 -0.46562225 -0.11149498
v 0.48880276 -0.46562225 -0.17224796
v 0.46750808 -0.49140558 -0.11149497
v 0.46750814 -0.49140558 -0.17224799
v 0.48880279 -0.46562225 -0.05860742
v 0.46750808 -0.49140558 -0.05860742
v 0.46750808 -0.49140558 0.00315339
v 0.48880276 -0.46562225 0.00315339
v 0.41706070 -0.50000006 -0.05860743
v 0.46750808 -0.49140558 -0.05860742
v 0.41706070 -0.50000006 0.00315339
v 0.46750808 -0.49140558 0.00315339
v 0.41706070 -0.50000006 0.06492674
v 0.46750808 -0.49140558 0.06492674
v 0.41706070 -0.50000006 0.11785188
v 0.46750808 -0.49140558 0.11785188
v 0.48880279 -0.46562225 0.06492674
v 0.46750808 -0.49140558 0.06492674
v 0.46750808 -0.49140558 0.11785188
v 0.48880279 -0.46562225 0.11785189
v 0.41706070 -0.50000006 0.42583719
v 0.41706070 -0.50000006 0.38088647
v 0.46750808 -0.49140558 0.42583728
v 0.46750808 -0.49140558 0.38088644
v 0.46750814 -0.49140558 0.32896081
v 0.41706070 -0.50000006 0.32896075
v 0.46750808 -0.49140558 0.42583728
v 0.48880279 -0.46562225 0.42583719
v 0.48880279 -0.46562225 0.38088647
v 0.46750808 -0.49140558 0.38088644
v 0.48880276 -0.46562225 0.32896078
v 0.46750814 -0.49140558 0.32896081
v 0.48880276 -0.46562225 0.17859173
v 0.46750808 -0.49140558 0.17859174
v 0.46750808 -0.49140558 0.17859174
v 0.41706070 -0.50000006 0.17859171
v 0.41706070 -0.41405553 0.49391419
v 0.41706070 -0.46562225 0.48782837
v 0.46718156 -0.40796778 0.49348313
v 0.46729037 -0.45798278 0.48759171
v 0.46745366 -0.48304987 0.47633624
v 0.41706070 -0.49140558 0.47639537
v 0.48749650 -0.38970459 0.49218988
v 0.48793191 -0.43506426 0.48688167
v 0.48749650 -0.38970459 0.49218988
v 0.48793191 -0.43506426 0.48688167
v 0.48858508 -0.45798278 0.47615877
v 0.48858508 -0.45798278 0.47615877
v 0.46745366 -0.48304987 0.47633624
v 0.48880279 -0.46562225 0.45670265
v 0.46750808 -0.49140558 0.45670262
v 0.41706070 -0.49140558 0.47639537
v 0.41706070 -0.50000006 0.45670265
v 0.46745366 -0.48304987 0.47633624
v 0.46750808 -0.49140558 0.45670262
v 0.41706070 -0.02718908 0.50000000
v 0.41706070 -0.11835992 0.50000000
v 0.46750808 -0.02718914 0.49939141
v 0.46750808 -0.11835992 0.49939144
v 0.46745366 -0.22327098 0.49879977
v 0.41706070 -0.22410655 0.49939144
v 0.48880279 -0.02718908 0.49756569
v 0.48880279 -0.11835992 0.49756569
v 0.48880279 -0.02718908 0.49756569
v 0.48880279 -0.11835992 0.49756569
v 0.48858508 -0.22076428 0.49702471
v 0.48858508 -0.22076428 0.49702471
v 0.48793191 -0.31474188 0.49540186
v 0.46729040 -0.32476875 0.49702474
v 0.48793191 -0.31474188 0.49540186
v 0.41706070 -0.32811105 0.49756569
v 0.41706070 0.29851556 0.50000000
v 0.41706070 0.10001230 0.50000000
v 0.46750808 0.29851556 0.49939144
v 0.46750808 0.10001230 0.49939144
v 0.46750814 0.07223445 0.49939144
v 0.41706070 0.07223451 0.50000000
v 0.48880279 0.29851556 0.49756569
v 0.48880279 0.10001230 0.49756569
v 0.48880279 0.29851556 0.49756569
v 0.48880279 0.10001230 0.49756569
v 0.48880276 0.07223451 0.49756572
v 0.48880276 0.07223451 0.49756572
v 0.48880279 0.03308821 0.49756569
v 0.46750808 0.03308821 0.49939144
v 0.48880279 0.03308821 0.49756569
v 0.41706070 0.03308821 0.50000000
v 0.41750333 0.48224378 0.50318426
v 0.46823835 0.48224366 0.50219238
v 0.46758115 0.42466021 0.49967158
v 0.41710496 0.42466021 0.50031841
v 0.48986498 0.48224366 0.49992442
v 0.48890898 0.42466021 0.49780157
v 0.48986498 0.48224366 0.49992442
v 0.48890898 0.42466021 0.49780157
v 0.48880279 0.36437905 0.49756569
v 0.48880279 0.36437905 0.49756569
v 0.46750808 0.36437905 0.49939141
v 0.41706070 0.36437905 0.50000000
v 0.50028324 0.09032315 -0.17721598
v 0.50283253 0.09032321 -0.16117531
v 0.49944016 0.09032315 -0.47772899
v 0.50000000 0.09032321 -0.45813993
v 0.50000000 0.09032321 -0.42683247
v 0.49440140 0.09032321 -0.49437812
v 0.49776059 0.09032321 -0.48875624
v 0.46750808 0.09032315 -0.49943784
v 0.48880279 0.09032321 -0.49775127
v 0.48880279 0.09032321 -0.49775127
v 0.32400402 0.09032321 -0.50000000
v 0.41706070 0.09032321 -0.50000000
v -0.00220315 0.09032315 -0.50000000
v 0.17488138 0.09032321 -0.50000000
v -0.32784179 0.09032321 -0.50000000
v -0.17914556 0.09032321 -0.50000000
v -0.46978235 0.09032315 -0.49943784
v -0.42018780 0.09032321 -0.50000000
v -0.49511209 0.09032321 -0.49437812
v -0.49022421 0.09032321 -0.49775127
v -0.49022421 0.09032321 -0.49775127
v -0.49951124 0.09032315 -0.47772902
v -0.49804488 0.09032321 -0.48875624
v -0.50000000 0.09032321 -0.42683247
v -0.50000000 0.09032321 -0.45813993
v -0.50283253 0.09032321 -0.16117531
v -0.50028324 0.09032321 -0.17721598
v 0.50252670 0.04111791 -0.14857537
v 0.50023240 0.02965039 -0.17553000
v 0.50275606 0.06792212 -0.15802529
v 0.50027049 0.06505525 -0.17679453
v 0.49776059 0.02821636 -0.48875624
v 0.49440140 0.02821636 -0.49437812
v 0.49944016 0.02821636 -0.47772899
v 0.49944016 0.06469679 -0.47772905
v 0.49776053 0.06469679 -0.48875624
v 0.49440143 0.06469679 -0.49437815
v 0.50000000 0.02821636 -0.45813996
v 0.50000000 0.02821636 -0.42683247
v 0.50000000 0.06469679 -0.42683250
v 0.50000000 0.06469679 -0.45813990
v 0.41706070 0.02821636 -0.50000000
v 0.32400402 0.02821636 -0.50000000
v 0.46750808 0.02821636 -0.49943784
v 0.46750808 0.06469679 -0.49943784
v 0.41706070 0.06469679 -0.50000000
v 0.32400402 0.06469679 -0.50000000
v 0.48880279 0.02821636 -0.49775127
v 0.48880279 0.02821636 -0.49775127
v 0.48880276 0.06469679 -0.49775127
v 0.48880276 0.06469679 -0.49775127
v -0.17914556 0.02821636 -0.50000000
v -0.32784179 0.02821636 -0.50000000
v -0.00220315 0.02821636 -0.50000000
v -0.00220316 0.06469679 -0.50000000
v -0.17914557 0.06469679 -0.50000000
v -0.32784179 0.06469679 -0.50000000
v 0.17488138 0.02821636 -0.50000000
v 0.17488140 0.06469679 -0.50000000
v -0.49022418 0.02821636 -0.49775127
v -0.49511209 0.02821636 -0.49437812
v -0.46978235 0.02821636 -0.49943784
v -0.49022418 0.02821636 -0.49775127
v -0.46978235 0.06469679 -0.49943784
v -0.49022421 0.06469679 -0.49775127
v -0.49022421 0.06469679 -0.49775127
v -0.49511209 0.06469679 -0.49437818
v -0.42018780 0.02821636 -0.50000000
v -0.42018780 0.06469679 -0.50000000
v -0.50000000 0.02821636 -0.45813996
v -0.50000000 0.02821636 -0.42683247
v -0.49951124 0.02821636 -0.47772899
v -0.49951124 0.06469679 -0.47772905
v -0.50000000 0.06469679 -0.45813990
v -0.50000000 0.06469679 -0.42683250
v -0.49804488 0.02821636 -0.48875624
v -0.49804488 0.06469679 -0.48875627
v -0.50023240 0.02965039 -0.17553002
v -0.50252670 0.04111791 -0.14857537
v -0.50027049 0.06505525 -0.17679454
v -0.50275612 0.06792212 -0.15802531
v 0.50000000 0.32045513 0.32896081
v 0.50027049 0.32039046 0.18313795
v 0.50000000 0.32045519 0.42583728
v 0.50000000 0.32045513 0.38088644
v 0.50000000 0.34126186 0.38088647
v 0.50000000 0.34126186 0.32896075
v 0.50000000 0.34126192 0.42583719
v 0.50023234 0.34100300 0.18187262
v 0.49440143 0.32045513 0.49391416
v 0.49776053 0.32045513 0.48782834
v 0.49944016 0.32045513 0.47639537
v 0.49440140 0.34126186 0.49391419
v 0.49776059 0.34126192 0.48782837
v 0.49944016 0.34126186 0.47639540
v 0.50000000 0.34126192 0.45670265
v 0.50000000 0.32045513 0.45670262
v 0.41706070 0.34126192 0.50000000
v 0.32400402 0.34126186 0.50000000
v 0.46750808 0.34126186 0.49939144
v 0.46750808 0.32045513 0.49939144
v 0.41706070 0.32045513 0.50000000
v 0.32400402 0.32045513 0.50000000
v 0.48880279 0.34126192 0.49756569
v 0.48880279 0.34126192 0.49756569
v 0.48880276 0.32045513 0.49756572
v 0.48880276 0.32045513 0.49756572
v -0.17914556 0.34126192 0.50000000
v -0.32784179 0.34126186 0.50000000
v -0.00220315 0.34126186 0.50000000
v -0.00220316 0.32045513 0.50000000
v -0.17914557 0.32045513 0.50000000
v -0.32784179 0.32045513 0.50000000
v 0.17488138 0.34126192 0.50000000
v 0.17488140 0.32045513 0.50000000
v -0.49022418 0.34126192 0.49756569
v -0.49511209 0.34126186 0.49391419
v -0.46978235 0.34126186 0.49939144
v -0.49022418 0.34126192 0.49756569
v -0.46978235 0.32045513 0.49939144
v -0.49022421 0.32045513 0.49756572
v -0.49022421 0.32045513 0.49756572
v -0.49511209 0.32045519 0.49391416
v -0.42018780 0.34126192 0.50000000
v -0.42018780 0.32045513 0.50000000
v -0.50000000 0.32045519 0.42583728
v -0.50000000 0.32045513 0.45670262
v -0.49951124 0.32045513 0.47639540
v -0.50000000 0.34126186 0.42583722
v -0.50000000 0.34126192 0.45670265
v -0.49951124 0.34126186 0.47639540
v -0.49804488 0.34126192 0.48782834
v -0.49804488 0.32045513 0.48782837
v -0.50027049 0.32039046 0.18313798
v -0.50000000 0.32045513 0.32896081
v -0.50023240 0.34100300 0.18187262
v -0.50000000 0.34126186 0.32896078
v -0.50000000 0.34126192 0.38088647
v -0.50000000 0.32045513 0.38088644
v -0.49234858 0.50198877 -0.50246871
v -0.49794462 0.50198877 -0.49815208
v -0.47124287 0.50198877 -0.50503981
v -0.49234858 0.50198877 -0.50246871
v -0.49234858 0.50198877 -0.50246871
v -0.47124287 0.50198877 -0.50503981
v -0.47225076 0.51587272 -0.50881189
v -0.49379987 0.51587594 -0.50565797
v -0.49794462 0.50198877 -0.49815208
v -0.49986646 0.51587749 -0.50071740
v -0.42107296 0.50198877 -0.50636864
v -0.32828441 0.50198877 -0.50695825
v -0.42107296 0.50198877 -0.50636864
v -0.32828441 0.50198877 -0.50695825
v -0.32860342 0.51586521 -0.51162189
v -0.42169380 0.51586866 -0.51064497
v -0.42249402 0.52512097 -0.51583165
v -0.47352180 0.52513683 -0.51340616
v -0.32902956 0.52510643 -0.51726294
v -0.49560434 0.52514994 -0.50956434
v -0.50223279 0.52515578 -0.50388461
v -0.42107296 0.50198877 0.50636864
v -0.32828441 0.50198877 0.50695825
v -0.47124287 0.50198877 0.50499338
v -0.42107296 0.50198877 0.50636864
v -0.47124287 0.50198877 0.50499338
v -0.47225097 0.51587272 0.50876427
v -0.42169392 0.51586866 0.51064408
v -0.32828441 0.50198877 0.50695825
v -0.32860351 0.51586497 0.51162148
v -0.49234861 0.50198877 0.50228316
v -0.49794462 0.50198877 0.49768817
v -0.49234861 0.50198877 0.50228316
v -0.49234861 0.50198877 0.50228316
v -0.49794462 0.50198877 0.49768817
v -0.49986678 0.51587737 0.50025123
v -0.49380016 0.51587582 0.50547051
v -0.49560532 0.52514946 0.50937158
v -0.47352251 0.52513647 0.51335442
v -0.50223410 0.52515519 0.50341189
v -0.42249447 0.52512085 0.51582831
v -0.32902983 0.52510619 0.51726139
v 0.50566506 0.50198877 -0.05860741
v 0.50566506 0.50198877 -0.11149496
v 0.50566506 0.50198877 0.00315340
v 0.50566506 0.50198877 -0.05860741
v 0.50566506 0.50198877 0.00315340
v 0.50945890 0.51583886 0.00315341
v 0.50945890 0.51583874 -0.05860775
v 0.50566506 0.50198877 -0.11149496
v 0.50945884 0.51583910 -0.11149579
v 0.50566506 0.50198877 0.06492675
v 0.50566506 0.50198877 0.11785191
v 0.50566506 0.50198877 0.06492675
v 0.50566506 0.50198877 0.11785191
v 0.50945884 0.51583910 0.11785273
v 0.50945890 0.51583886 0.06492708
v 0.51404226 0.52500176 0.06492809
v 0.51404244 0.52500129 0.00315340
v 0.51404214 0.52500272 0.11785524
v 0.51404226 0.52500176 -0.05860877
v 0.51404214 0.52500272 -0.11149836
v 0.50546116 0.35471290 0.06703274
v 0.50535923 0.34759068 0.11911810
v 0.50556320 0.35705280 0.00314913
v 0.50943345 0.35041142 0.00314763
v 0.50940800 0.34845817 0.06383084
v 0.50938243 0.34260327 0.11411245
v 0.50546110 0.35475767 -0.06073048
v 0.50535923 0.34771228 -0.11280868
v 0.50938243 0.34273583 -0.10781439
v 0.50940806 0.34851027 -0.05753458
v 0.50940806 0.34851027 -0.05753458
v 0.50938243 0.34273583 -0.10781439
v 0.54586744 0.34108061 -0.10615029
v 0.54586732 0.34643137 -0.05646965
v 0.50943345 0.35041142 0.00314763
v 0.54586732 0.34820122 0.00314709
v 0.50940800 0.34845817 0.06383084
v 0.54586744 0.34637666 0.06276383
v 0.50938243 0.34260327 0.11411245
v 0.54586744 0.34094405 0.11244447
v 0.50546116 0.02391315 -0.06073047
v 0.50535911 0.03484327 -0.11280867
v 0.50556320 0.01998985 0.00314914
v 0.50943345 0.04364109 0.00314764
v 0.50940788 0.04538089 -0.05753458
v 0.50938237 0.05093831 -0.10781438
v 0.50546110 0.02471209 0.06703275
v 0.50535923 0.03701615 0.11911811
v 0.50938243 0.05330849 0.11411246
v 0.50940800 0.04631144 0.06383085
v 0.50940800 0.04631144 0.06383085
v 0.50938243 0.05330849 0.11411246
v 0.54586160 0.05777454 0.11244433
v 0.54586107 0.05243921 0.06276377
v 0.50943345 0.04364109 0.00314764
v 0.54586083 0.05041724 0.00314712
v 0.50940788 0.04538089 -0.05753458
v 0.54586107 0.05146503 -0.05646954
v 0.50938237 0.05093831 -0.10781438
v 0.54586160 0.05533898 -0.10615009
v -0.50546116 0.02471209 0.06703275
v -0.50535923 0.03701609 0.11911810
v -0.50556320 0.01998985 0.00314913
v -0.50943345 0.04364115 0.00314763
v -0.50940788 0.04631144 0.06383084
v -0.50938237 0.05330849 0.11411245
v -0.50546110 0.02391315 -0.06073048
v -0.50535923 0.03484333 -0.11280869
v -0.50938243 0.05093843 -0.10781439
v -0.50940800 0.04538089 -0.05753458
v -0.50940800 0.04538089 -0.05753458
v -0.50938243 0.05093843 -0.10781439
v -0.54586166 0.05534101 -0.10615011
v -0.54586107 0.05146718 -0.05646955
v -0.50943345 0.04364115 0.00314763
v -0.54586083 0.05041945 0.00314710
v -0.50940788 0.04631144 0.06383084
v -0.54586107 0.05244130 0.06276375
v -0.50938237 0.05330849 0.11411245
v -0.54586166 0.05777645 0.11244431
v -0.50546116 0.35475755 -0.06073047
v -0.50535923 0.34771228 -0.11280867
v -0.50556320 0.35705280 0.00314914
v -0.50943345 0.35041147 0.00314764
v -0.50940800 0.34851027 -0.05753458
v -0.50938243 0.34273583 -0.10781438
v -0.50546110 0.35471290 0.06703275
v -0.50535923 0.34759068 0.11911811
v -0.50938243 0.34260327 0.11411246
v -0.50940806 0.34845817 0.06383085
v -0.50940806 0.34845817 0.06383085
v -0.50938243 0.34260327 0.11411246
v -0.54586744 0.34094411 0.11244449
v -0.54586732 0.34637666 0.06276384
v -0.50943345 0.35041147 0.00314764
v -0.54586732 0.34820127 0.00314710
v -0.50940800 0.34851027 -0.05753458
v -0.54586744 0.34643137 -0.05646964
v -0.50938243 0.34273583 -0.10781438
v -0.54586744 0.34108073 -0.10615026
v -0.50566506 0.50198877 0.06492676
v -0.50566506 0.50198877 0.11785191
v -0.50566506 0.50198877 0.00315340
v -0.50566506 0.50198877 0.06492676
v -0.50566506 0.50198877 0.00315340
v -0.50945890 0.51583886 0.00315341
v -0.50945890 0.51583886 0.06492708
v -0.50566506 0.50198877 0.11785191
v -0.50945884 0.51583910 0.11785273
v -0.50566506 0.50198877 -0.05860741
v -0.50566506 0.50198877 -0.11149495
v -0.50566506 0.50198877 -0.05860741
v -0.50566506 0.50198877 -0.11149495
v -0.50945884 0.51583910 -0.11149579
v -0.50945890 0.51583874 -0.05860775
v -0.51404226 0.52500176 -0.05860877
v -0.51404244 0.52500129 0.00315340
v -0.51404208 0.52500272 -0.11149836
v -0.51404226 0.52500176 0.06492809
v -0.51404214 0.52500272 0.11785525
v -0.50561416 0.31920081 -0.15379807
v -0.50566506 0.29808635 -0.15796810
v -0.50566506 0.29808635 -0.15796810
v -0.50561416 0.31920081 -0.15379807
v -0.50944626 0.31851792 -0.15159601
v -0.50945890 0.29808646 -0.15636450
v -0.50546116 0.33580130 -0.14128809
v -0.50940806 0.33306974 -0.13729039
v -0.50944626 0.31851792 -0.15159601
v -0.50940806 0.33306974 -0.13729039
v -0.54586732 0.33216286 -0.13595870
v -0.50944626 0.31851792 -0.15159601
v -0.54586732 0.31829393 -0.15086301
v -0.54586732 0.31829393 -0.15086301
v -0.54586744 0.29809004 -0.15583119
v 0.50546110 0.33580130 -0.14128809
v 0.50561416 0.31920081 -0.15379809
v 0.50944620 0.31851786 -0.15159601
v 0.50940800 0.33306974 -0.13729039
v 0.50566506 0.29808635 -0.15796810
v 0.50561416 0.31920081 -0.15379809
v 0.50566506 0.29808635 -0.15796810
v 0.50945890 0.29808640 -0.15636450
v 0.50944620 0.31851786 -0.15159601
v 0.54586732 0.29808992 -0.15583119
v 0.54586732 0.31829393 -0.15086302
v 0.50940800 0.33306974 -0.13729039
v 0.50944620 0.31851786 -0.15159601
v 0.54586732 0.31829393 -0.15086302
v 0.54586732 0.33216274 -0.13595872
v -0.50566506 0.50198877 -0.17224795
v -0.50566506 0.50198877 -0.17224795
v -0.50945866 0.51584029 -0.17225137
v -0.51404136 0.52500749 -0.17226151
v 0.50566506 0.50198877 -0.17224795
v 0.50566506 0.50198877 -0.17224795
v 0.50945866 0.51584029 -0.17225137
v 0.51404136 0.52500737 -0.17226151
v 0.50477999 0.50198877 0.45788205
v 0.50522250 0.50198877 0.42642689
v 0.50364470 0.50198877 0.47834137
v 0.50477999 0.50198877 0.45788205
v 0.50364470 0.50198877 0.47834137
v 0.50647235 0.51587236 0.47968781
v 0.50798732 0.51586735 0.45871449
v 0.50522250 0.50198877 0.42642689
v 0.50872183 0.51586199 0.42686123
v 0.50130123 0.50198877 0.49065885
v 0.49723396 0.50198877 0.49768817
v 0.50130123 0.50198877 0.49065885
v 0.49723396 0.50198877 0.49768817
v 0.49915344 0.51587701 0.50025183
v 0.50368994 0.51587558 0.49259552
v 0.50660729 0.52514887 0.49500898
v 0.50990951 0.52513504 0.48139206
v 0.50151271 0.52515435 0.50341415
v 0.51187336 0.52511573 0.45979679
v 0.51295286 0.52509415 0.42745638
v -0.50158554 0.50198877 0.49065885
v -0.50371587 0.50198877 0.47834137
v -0.50158554 0.50198877 0.49065885
v -0.50371587 0.50198877 0.47834137
v -0.50654501 0.51587248 0.47968751
v -0.50397646 0.51587582 0.49259508
v -0.49794462 0.50198877 0.49768817
v -0.49986678 0.51587737 0.50025123
v -0.50477988 0.50198877 0.45788202
v -0.50522250 0.50198877 0.42642689
v -0.50477988 0.50198877 0.45788202
v -0.50522250 0.50198877 0.42642689
v -0.50872236 0.51586199 0.42686108
v -0.50798833 0.51586747 0.45871425
v -0.51187736 0.52511609 0.45979589
v -0.50998688 0.52513552 0.48139071
v -0.51295477 0.52509427 0.42745596
v -0.50690019 0.52514958 0.49500707
v -0.50223410 0.52515519 0.50341189
v -0.50548804 0.50198877 0.38112238
v -0.50562078 0.50198877 0.32901976
v -0.50548804 0.50198877 0.38112238
v -0.50562078 0.50198877 0.32901976
v -0.50938374 0.51585186 0.32908496
v -0.50916308 0.51585674 0.38131353
v -0.50566506 0.50198877 0.17859173
v -0.50566506 0.50198877 0.17859173
v -0.50945866 0.51584041 0.17859504
v -0.51404148 0.52500761 0.17860499
v -0.51392758 0.52505338 0.32920960
v -0.51360238 0.52507305 0.38160408
v -0.50283253 0.29851562 0.16753225
v -0.50283253 0.10001236 0.16753224
v -0.50566506 0.10001230 0.16428742
v -0.50566506 0.29851562 0.16428742
v -0.50275624 0.07539403 0.16438058
v -0.50561416 0.07792193 0.16011629
v -0.50566506 0.10001230 0.16428742
v -0.50561416 0.07792193 0.16011629
v -0.50944626 0.08009499 0.15789622
v -0.50945890 0.10000783 0.16266504
v -0.50566506 0.29851562 0.16428742
v -0.50945890 0.29851562 0.16266504
v -0.50252658 0.04572666 0.15492553
v -0.50546116 0.05583787 0.14760290
v -0.50940800 0.06454909 0.14358981
v -0.50944626 0.08009499 0.15789622
v -0.50940800 0.06454909 0.14358981
v -0.54586273 0.06666839 0.14225271
v -0.50944626 0.08009499 0.15789622
v -0.54586393 0.08024907 0.15715697
v -0.54586393 0.08024907 0.15715697
v -0.54586536 0.09965038 0.16212516
v -0.54586732 0.29851878 0.16212536
v 0.50252670 0.04572666 0.15492554
v 0.50546116 0.05583793 0.14760290
v 0.50275606 0.07539403 0.16438060
v 0.50561416 0.07792193 0.16011629
v 0.50944620 0.08009505 0.15789622
v 0.50940788 0.06454909 0.14358981
v 0.50283253 0.10001236 0.16753225
v 0.50566506 0.10001230 0.16428742
v 0.50283253 0.29851562 0.16753224
v 0.50566506 0.29851556 0.16428742
v 0.50566506 0.10001230 0.16428742
v 0.50566506 0.29851556 0.16428742
v 0.50945890 0.29851556 0.16266502
v 0.50945890 0.10000783 0.16266504
v 0.50561416 0.07792193 0.16011629
v 0.50944620 0.08009505 0.15789622
v 0.54586744 0.29851872 0.16212535
v 0.54586518 0.09964973 0.16212516
v 0.54586393 0.08024800 0.15715697
v 0.50940788 0.06454909 0.14358981
v 0.50944620 0.08009505 0.15789622
v 0.54586393 0.08024800 0.15715697
v 0.54586262 0.06666690 0.14225273
v 0.50562084 0.50198877 0.32901978
v 0.50566506 0.50198877 0.17859173
v 0.50566506 0.50198877 0.17859173
v 0.50562084 0.50198877 0.32901978
v 0.50938374 0.51585186 0.32908496
v 0.50945866 0.51584041 0.17859502
v 0.50548804 0.50198877 0.38112235
v 0.50548804 0.50198877 0.38112235
v 0.50916290 0.51585662 0.38131362
v 0.51360160 0.52507305 0.38160425
v 0.51392740 0.52505326 0.32920966
v 0.51404148 0.52500761 0.17860499
v -0.50477999 0.50198877 -0.45931932
v -0.50522250 0.50198877 -0.42742214
v -0.50371575 0.50198877 -0.47967494
v -0.50477999 0.50198877 -0.45931932
v -0.50371575 0.50198877 -0.47967494
v -0.50654465 0.51587260 -0.48102370
v -0.50798798 0.51586759 -0.46015409
v -0.50522250 0.50198877 -0.42742214
v -0.50872201 0.51586223 -0.42785859
v -0.50158554 0.50198877 -0.49158669
v -0.50158554 0.50198877 -0.49158669
v -0.49794462 0.50198877 -0.49815208
v -0.49986646 0.51587749 -0.50071740
v -0.50397611 0.51587605 -0.49352542
v -0.50689882 0.52515030 -0.49594483
v -0.50998557 0.52513611 -0.48273453
v -0.50223279 0.52515578 -0.50388461
v -0.51187599 0.52511668 -0.46124312
v -0.51295352 0.52509463 -0.42846009
v 0.50130123 0.50198877 -0.49158669
v 0.49723396 0.50198877 -0.49815208
v 0.50364470 0.50198877 -0.47967494
v 0.50130123 0.50198877 -0.49158669
v 0.50364470 0.50198877 -0.47967494
v 0.50647193 0.51587248 -0.48102403
v 0.50368959 0.51587582 -0.49352589
v 0.49723396 0.50198877 -0.49815208
v 0.49915317 0.51587737 -0.50071800
v 0.50477988 0.50198877 -0.45931932
v 0.50522250 0.50198877 -0.42742214
v 0.50477988 0.50198877 -0.45931932
v 0.50522250 0.50198877 -0.42742214
v 0.50872147 0.51586211 -0.42785871
v 0.50798702 0.51586747 -0.46015429
v 0.51187205 0.52511632 -0.46124396
v 0.50990820 0.52513552 -0.48273587
v 0.51295155 0.52509451 -0.42846051
v 0.50660586 0.52514946 -0.49594671
v 0.50151157 0.52515483 -0.50388694
v -0.17932260 0.50198877 -0.50731212
v -0.00220315 0.50198877 -0.50743002
v -0.17932260 0.50198877 -0.50731212
v -0.00220315 0.50198877 -0.50743002
v -0.00220473 0.51586211 -0.51240361
v -0.17945434 0.51586282 -0.51220822
v 0.17505841 0.50198877 -0.50731206
v 0.32444662 0.50198877 -0.50695825
v 0.17505841 0.50198877 -0.50731206
v 0.32444662 0.50198877 -0.50695825
v 0.32476258 0.51586485 -0.51162237
v 0.17518702 0.51586270 -0.51220846
v 0.17536031 0.52509725 -0.51812315
v -0.00220943 0.52509439 -0.51840889
v 0.32517922 0.52510571 -0.51726496
v -0.17963709 0.52509761 -0.51812208
v 0.17505841 0.50198877 0.50731212
v 0.32444662 0.50198877 0.50695825
v -0.00220315 0.50198877 0.50743002
v 0.17505841 0.50198877 0.50731212
v -0.00220315 0.50198877 0.50743002
v -0.00220473 0.51586211 0.51240361
v 0.17518705 0.51586270 0.51220828
v 0.32444662 0.50198877 0.50695825
v 0.32476261 0.51586485 0.51162201
v -0.17932262 0.50198877 0.50731206
v -0.17932262 0.50198877 0.50731206
v -0.17945437 0.51586282 0.51220798
v -0.17963716 0.52509749 0.51812136
v -0.00220944 0.52509439 0.51840854
v 0.17536040 0.52509725 0.51812243
v 0.32517949 0.52510560 0.51726317
v 0.41794586 0.50198877 -0.50636864
v 0.46896863 0.50198877 -0.50503987
v 0.41794586 0.50198877 -0.50636864
v 0.46896863 0.50198877 -0.50503987
v 0.46997344 0.51587248 -0.50881267
v 0.41856354 0.51586831 -0.51064551
v 0.49092719 0.50198877 -0.50246871
v 0.49092719 0.50198877 -0.50246871
v 0.49092719 0.50198877 -0.50246871
v 0.49723396 0.50198877 -0.49815208
v 0.49915317 0.51587737 -0.50071800
v 0.49237552 0.51587570 -0.50565851
v 0.49417111 0.52514899 -0.50956696
v 0.47123525 0.52513576 -0.51340866
v 0.50151157 0.52515483 -0.50388694
v 0.41935438 0.52512002 -0.51583403
v 0.49092725 0.50198877 0.50228310
v 0.46896863 0.50198877 0.50499344
v 0.49092725 0.50198877 0.50228310
v 0.49092725 0.50198877 0.50228310
v 0.46896863 0.50198877 0.50499344
v 0.46997356 0.51587236 0.50876492
v 0.49237573 0.51587558 0.50547111
v 0.49092725 0.50198877 0.50228310
v 0.49237573 0.51587558 0.50547111
v 0.41794586 0.50198877 0.50636864
v 0.41794586 0.50198877 0.50636864
v 0.41856369 0.51586831 0.51064473
v 0.41935486 0.52511978 0.51583076
v 0.47123590 0.52513552 0.51335698
v 0.49417213 0.52514851 0.50937414
v 0.49417213 0.52514851 0.50937414
v 0.50566506 0.09032321 -0.15796810
v 0.50566506 0.09032321 -0.15796810
v 0.50945890 0.09031874 -0.15636450
v 0.54586524 0.08996111 -0.15583095
v -0.50566506 0.09032321 -0.15796810
v -0.50566506 0.09032321 -0.15796810
v -0.50945890 0.09031874 -0.15636450
v -0.54586524 0.08996189 -0.15583096
v 0.50561416 0.07042801 -0.15379807
v 0.50561416 0.07042801 -0.15379807
v 0.50944626 0.07256824 -0.15159599
v 0.50546116 0.05114150 -0.14128809
v 0.50940800 0.05972117 -0.13729039
v 0.50944626 0.07256824 -0.15159599
v 0.50940800 0.05972117 -0.13729039
v 0.54586273 0.06179553 -0.13595851
v 0.50944626 0.07256824 -0.15159599
v 0.54586393 0.07271087 -0.15086278
v 0.54586393 0.07271087 -0.15086278
v -0.50546110 0.05114150 -0.14128809
v -0.50561416 0.07042801 -0.15379809
v -0.50944620 0.07256824 -0.15159601
v -0.50940788 0.05972123 -0.13729039
v -0.50561416 0.07042801 -0.15379809
v -0.50944620 0.07256824 -0.15159601
v -0.54586393 0.07271200 -0.15086280
v -0.50940788 0.05972123 -0.13729039
v -0.50944620 0.07256824 -0.15159601
v -0.54586393 0.07271200 -0.15086280
v -0.54586273 0.06179714 -0.13595852
v 0.50275624 0.31977385 0.16438058
v 0.50561416 0.31902438 0.16011629
v 0.50561416 0.31902438 0.16011629
v 0.50944626 0.31833953 0.15789621
v 0.50252658 0.33853656 0.15492553
v 0.50546116 0.33553851 0.14760290
v 0.50940806 0.33279955 0.14358979
v 0.50944626 0.31833953 0.15789621
v 0.50940806 0.33279955 0.14358979
v 0.54586732 0.33188987 0.14225291
v 0.50944626 0.31833953 0.15789621
v 0.54586732 0.31811452 0.15715718
v 0.54586732 0.31811452 0.15715718
v -0.50252670 0.33853656 0.15492554
v -0.50546116 0.33553857 0.14760292
v -0.50275606 0.31977385 0.16438060
v -0.50561416 0.31902438 0.16011629
v -0.50944620 0.31833965 0.15789622
v -0.50940800 0.33279961 0.14358981
v -0.50561416 0.31902438 0.16011629
v -0.50944620 0.31833965 0.15789622
v -0.54586732 0.31811470 0.15715720
v -0.50940800 0.33279961 0.14358981
v -0.50944620 0.31833965 0.15789622
v -0.54586732 0.31811470 0.15715720
v -0.54586732 0.33188999 0.14225292
v -0.50266546 0.53645766 -0.52427995
v -0.51126778 0.53650606 -0.51605999
v -0.47866932 0.53635013 -0.53045011
v -0.42590117 0.53621876 -0.53486216
v -0.33098286 0.53609896 -0.53780717
v -0.42840716 0.53260958 -0.54730725
v -0.48232022 0.53286397 -0.54170489
v -0.33249044 0.53237784 -0.55115348
v -0.50754136 0.53307223 -0.53412443
v -0.51738214 0.53316593 -0.52434415
v -0.42590505 0.53621733 0.53483534
v -0.33098489 0.53609836 0.53779364
v -0.47867543 0.53634775 0.53036082
v -0.50267380 0.53645444 0.52403533
v -0.51127809 0.53650200 0.51552379
v -0.50755864 0.53306806 0.53382999
v -0.48233312 0.53286147 0.54157901
v -0.51740301 0.53316033 0.52374673
v -0.42841563 0.53260875 0.54725730
v -0.33249503 0.53237844 0.55112833
v 0.53068036 0.53523445 -0.05861858
v 0.53067917 0.53524232 -0.11152285
v 0.53068084 0.53523183 0.00315337
v 0.53068048 0.53523457 0.06493777
v 0.53067917 0.53524268 0.11787944
v 0.54147142 0.53069746 0.06494791
v 0.54147238 0.53069222 0.00315331
v 0.54146898 0.53071344 0.11790463
v 0.54147130 0.53069735 -0.05862887
v 0.54146886 0.53071284 -0.11154833
v -0.53068048 0.53523457 0.06493776
v -0.53067923 0.53524268 0.11787943
v -0.53068084 0.53523183 0.00315337
v -0.53068036 0.53523445 -0.05861858
v -0.53067905 0.53524232 -0.11152285
v -0.54147130 0.53069723 -0.05862885
v -0.54147232 0.53069222 0.00315332
v -0.54146880 0.53071272 -0.11154829
v -0.54147142 0.53069758 0.06494789
v -0.54146916 0.53071344 0.11790457
v -0.53067285 0.53528202 -0.17235939
v -0.54145604 0.53078985 -0.17245966
v 0.53067285 0.53528202 -0.17235941
v 0.54145604 0.53078997 -0.17245986
v 0.52609235 0.53617656 0.46449110
v 0.52834451 0.53599763 0.43032324
v 0.52259815 0.53633559 0.48835430
v 0.51751125 0.53645003 0.50450695
v 0.51048082 0.53649521 0.51554304
v 0.52476150 0.53306258 0.51109898
v 0.53094280 0.53284025 0.49332815
v 0.51653165 0.53315067 0.52378649
v 0.53536934 0.53253102 0.46799117
v 0.53833503 0.53218317 0.43260494
v -0.51786602 0.53645539 0.50449115
v -0.51127809 0.53650200 0.51552379
v -0.52272058 0.53633952 0.48834273
v -0.52612442 0.53617895 0.46448374
v -0.52836055 0.53599882 0.43031946
v -0.53542924 0.53253281 0.46797454
v -0.53110951 0.53284442 0.49330321
v -0.53836536 0.53218281 0.43259549
v -0.52517688 0.53306961 0.51106578
v -0.51740301 0.53316033 0.52374673
v -0.52971190 0.53582370 0.38325503
v -0.53039825 0.53566170 0.33012289
v -0.53067338 0.53528345 0.17870073
v -0.54145730 0.53079224 0.17879911
v -0.54105872 0.53152788 0.33099094
v -0.54014647 0.53184271 0.38468185
v 0.53039652 0.53566170 0.33012336
v 0.53067338 0.53528345 0.17870075
v 0.52970546 0.53582335 0.38325664
v 0.54013407 0.53184402 0.38468674
v 0.54105532 0.53152919 0.33099329
v 0.54145718 0.53079247 0.17879932
v -0.52611297 0.53618360 -0.46600148
v -0.52835035 0.53600264 -0.43138725
v -0.52270889 0.53634429 -0.48975936
v -0.51785457 0.53646016 -0.50549942
v -0.51126778 0.53650606 -0.51605999
v -0.52515405 0.53307652 -0.51214194
v -0.53108615 0.53285193 -0.49478993
v -0.51738214 0.53316593 -0.52434415
v -0.53540689 0.53254008 -0.46956006
v -0.53834534 0.53218913 -0.43372440
v 0.51749980 0.53645468 -0.50551516
v 0.51047045 0.53649938 -0.51607925
v 0.52258646 0.53634024 -0.48977092
v 0.52608091 0.53618109 -0.46600878
v 0.52833420 0.53600156 -0.43139106
v 0.53534693 0.53253853 -0.46957660
v 0.53091949 0.53284776 -0.49481481
v 0.53831488 0.53218949 -0.43373391
v 0.52473873 0.53306949 -0.51217496
v 0.51651078 0.53315651 -0.52438378
v -0.18053630 0.53602624 -0.53957641
v -0.00225441 0.53600085 -0.54016924
v 0.17616960 0.53602326 -0.53958488
v 0.32704261 0.53609324 -0.53782260
v 0.17680468 0.53223240 -0.55348241
v -0.00229799 0.53218889 -0.55424267
v 0.32846293 0.53236866 -0.55118430
v -0.18125856 0.53223753 -0.55346584
v 0.17617039 0.53602314 0.53957945
v 0.32704458 0.53609264 0.53780931
v -0.00225441 0.53600109 0.54016638
v -0.18053710 0.53602612 0.53957105
v -0.18126054 0.53223884 0.55345535
v -0.00229802 0.53219044 0.55423695
v 0.17680658 0.53223372 0.55347204
v 0.32846746 0.53236914 0.55115908
v 0.42267159 0.53621149 -0.53488195
v 0.47629410 0.53634226 -0.53047174
v 0.50114781 0.53645003 -0.52430117
v 0.51047045 0.53649938 -0.51607925
v 0.50594169 0.53306079 -0.53416771
v 0.47985899 0.53285182 -0.54174823
v 0.51651078 0.53315651 -0.52438378
v 0.42509016 0.53259802 -0.54734665
v 0.50115621 0.53644669 0.52405679
v 0.47630021 0.53633988 0.53038245
v 0.50115621 0.53644669 0.52405679
v 0.42267546 0.53620994 0.53485519
v 0.42509863 0.53259718 0.54729688
v 0.47987190 0.53284943 0.54162258
v 0.50595897 0.53305686 0.53387338
v 0.50595897 0.53305686 0.53387338
v -0.50958389 0.52799273 -0.53818506
v -0.51991874 0.52810955 -0.52778828
v -0.48386902 0.52773273 -0.54631859
v -0.42948765 0.52741528 -0.55238521
v -0.33315372 0.52712631 -0.55658215
v -0.43128815 0.50514996 -0.56006533
v -0.48644817 0.50556684 -0.55345482
v -0.33425084 0.50477040 -0.56465304
v -0.43128815 0.50514996 -0.56006533
v -0.33425084 0.50477040 -0.56465304
v -0.48644817 0.50556684 -0.55345482
v -0.51295704 0.50590837 -0.54462612
v -0.52404094 0.50606179 -0.53338438
v -0.51295704 0.50590837 -0.54462612
v -0.52404094 0.50606179 -0.53338438
v -0.51295704 0.50590837 -0.54462612
v -0.42949915 0.52741599 0.55232495
v -0.33316007 0.52712858 0.55655134
v -0.48388615 0.52773166 0.54617643
v -0.50960648 0.52798963 0.53786832
v -0.51994550 0.52810466 0.52716380
v -0.51299232 0.50590956 0.54427886
v -0.48647571 0.50557017 0.55329013
v -0.52408183 0.50606072 0.53272247
v -0.51299232 0.50590956 0.54427886
v -0.52408183 0.50606072 0.53272247
v -0.48647571 0.50557017 0.55329013
v -0.51299232 0.50590956 0.54427886
v -0.43130708 0.50515509 0.55999064
v -0.33426180 0.50477707 0.56461442
v -0.43130708 0.50515509 0.55999064
v -0.33426180 0.50477707 0.56461442
v 0.54586518 0.52502167 -0.05863404
v 0.54586184 0.52504110 -0.11156100
v 0.54586631 0.52501512 0.00315327
v 0.54586524 0.52502191 0.06495299
v 0.54586220 0.52504182 0.11791719
v 0.55230492 0.50202179 0.06496134
v 0.55230629 0.50201333 0.00315320
v 0.55230075 0.50204778 0.11793767
v 0.55230492 0.50202179 0.06496134
v 0.55230075 0.50204778 0.11793767
v 0.55230629 0.50201333 0.00315320
v 0.55230474 0.50202191 -0.05864252
v 0.55230039 0.50204742 -0.11158165
v 0.55230474 0.50202191 -0.05864252
v 0.55230039 0.50204742 -0.11158165
v 0.54586732 0.34820122 0.00314709
v 0.54586732 0.34643137 -0.05646965
v 0.55245298 0.35476959 -0.06074237
v 0.55238044 0.35706288 0.00314903
v 0.54586744 0.34108061 -0.10615029
v 0.55252558 0.34772646 -0.11283074
v 0.54586744 0.34094405 0.11244447
v 0.54586744 0.34637666 0.06276383
v 0.55245298 0.35472465 0.06704441
v 0.55252564 0.34760451 0.11913986
v 0.54586083 0.05041724 0.00314712
v 0.54586107 0.05243921 0.06276377
v 0.55174470 0.02103657 0.06704161
v 0.55159503 0.01604325 0.00314908
v 0.54586160 0.05777454 0.11244433
v 0.55200136 0.03404003 0.11913501
v 0.54586160 0.05533898 -0.10615009
v 0.54586107 0.05146503 -0.05646954
v 0.55174470 0.02023804 -0.06073946
v 0.55200136 0.03186804 -0.11282577
v -0.54586083 0.05041945 0.00314710
v -0.54586107 0.05146718 -0.05646955
v -0.55175227 0.02026665 -0.06073946
v -0.55160367 0.01607454 0.00314907
v -0.54586166 0.05534101 -0.10615011
v -0.55200702 0.03189003 -0.11282574
v -0.54586166 0.05777645 0.11244431
v -0.54586107 0.05244130 0.06276375
v -0.55175227 0.02106518 0.06704157
v -0.55200702 0.03406191 0.11913493
v -0.54586732 0.34820127 0.00314710
v -0.54586732 0.34637666 0.06276384
v -0.55245298 0.35472465 0.06704439
v -0.55238044 0.35706294 0.00314905
v -0.54586744 0.34094411 0.11244449
v -0.55252564 0.34760457 0.11913981
v -0.54586744 0.34108073 -0.10615026
v -0.54586744 0.34643137 -0.05646964
v -0.55245298 0.35476977 -0.06074232
v -0.55252558 0.34772664 -0.11283067
v -0.54586536 0.52502179 0.06495295
v -0.54586220 0.52504170 0.11791708
v -0.54586631 0.52501523 0.00315327
v -0.54586518 0.52502167 -0.05863400
v -0.54586196 0.52504110 -0.11156089
v -0.55230474 0.50202167 -0.05864244
v -0.55230629 0.50201321 0.00315320
v -0.55230039 0.50204718 -0.11158141
v -0.55230474 0.50202167 -0.05864244
v -0.55230039 0.50204718 -0.11158141
v -0.55230629 0.50201321 0.00315320
v -0.55230492 0.50202179 0.06496125
v -0.55230075 0.50204766 0.11793742
v -0.55230492 0.50202179 0.06496125
v -0.55230075 0.50204766 0.11793742
v -0.54586732 0.31829393 -0.15086301
v -0.54586732 0.33216286 -0.13595870
v -0.55245239 0.33581579 -0.14131689
v -0.55234313 0.31921375 -0.15383057
v -0.55234313 0.31921375 -0.15383057
v -0.55230665 0.29809749 -0.15800129
v -0.55230665 0.29809749 -0.15800129
v 0.55230665 0.29809749 -0.15800136
v 0.55234313 0.31921381 -0.15383068
v 0.55234313 0.31921381 -0.15383068
v 0.55230665 0.29809749 -0.15800136
v 0.54586732 0.33216274 -0.13595872
v 0.55245250 0.33581579 -0.14131698
v 0.54586732 0.31829393 -0.15086302
v -0.54584563 0.52513754 -0.17250848
v -0.55227840 0.50217295 -0.17258698
v -0.55227840 0.50217295 -0.17258698
v 0.54584545 0.52513790 -0.17250888
v 0.55227816 0.50217390 -0.17258790
v 0.55227816 0.50217390 -0.17258790
v 0.53915137 0.52732027 0.46951112
v 0.54239792 0.52688432 0.43362328
v 0.53435850 0.52770722 0.49544704
v 0.52774590 0.52798593 0.51386911
v 0.51904070 0.52809632 0.52721560
v 0.53248769 0.50591171 0.51845741
v 0.53964561 0.50554383 0.49898511
v 0.52312994 0.50605786 0.53280413
v 0.53248769 0.50591171 0.51845741
v 0.52312994 0.50605786 0.53280413
v 0.53964561 0.50554383 0.49898511
v 0.54487288 0.50503361 0.47204816
v 0.54843885 0.50445998 0.43530741
v 0.54487288 0.50503361 0.47204816
v 0.54843885 0.50445998 0.43530741
v -0.52818882 0.52799129 0.51382536
v -0.51994550 0.52810466 0.52716380
v -0.53454512 0.52770960 0.49541351
v -0.53922421 0.52731979 0.46948811
v -0.54243499 0.52688181 0.43360946
v -0.54496396 0.50502658 0.47200897
v -0.53986079 0.50553954 0.49892962
v -0.54848564 0.50445151 0.43528280
v -0.54496396 0.50502658 0.47200897
v -0.54848564 0.50445151 0.43528280
v -0.53986079 0.50553954 0.49892962
v -0.53296900 0.50591075 0.51838672
v -0.52408183 0.50606072 0.53272247
v -0.53296900 0.50591075 0.51838672
v -0.54438645 0.52645612 0.38533780
v -0.54539031 0.52606165 0.33140290
v -0.54584694 0.52514040 0.17884718
v -0.55228007 0.50217628 0.17892478
v -0.55174416 0.50337827 0.33206895
v -0.55174416 0.50337827 0.33206895
v -0.55228007 0.50217628 0.17892478
v -0.55063277 0.50389397 0.38640904
v -0.55063277 0.50389397 0.38640904
v -0.54586393 0.08024907 0.15715697
v -0.54586273 0.06666839 0.14225271
v -0.55217588 0.05388844 0.14762612
v -0.55227071 0.07691711 0.16014385
v -0.55403191 0.04291707 0.15498641
v -0.55425245 0.07412559 0.16444841
v -0.55230367 0.09952033 0.16431703
v -0.55230677 0.29852593 0.16432023
v -0.55227071 0.07691711 0.16014385
v -0.55230367 0.09952033 0.16431703
v -0.55432749 0.09947407 0.16760370
v -0.55230677 0.29852593 0.16432023
v -0.55433059 0.29853249 0.16761106
v 0.55230361 0.09951884 0.16431713
v 0.55226994 0.07691234 0.16014393
v 0.55230677 0.29852581 0.16432030
v 0.55230361 0.09951884 0.16431713
v 0.55230677 0.29852581 0.16432030
v 0.55433059 0.29853231 0.16761127
v 0.55432737 0.09947222 0.16760387
v 0.55226994 0.07691234 0.16014393
v 0.55425102 0.07411820 0.16444859
v 0.54586262 0.06666690 0.14225273
v 0.55217290 0.05387563 0.14762621
v 0.54586393 0.08024800 0.15715697
v 0.55402625 0.04289526 0.15498661
v 0.54538596 0.52606452 0.33140710
v 0.54584688 0.52514076 0.17884761
v 0.54437113 0.52645934 0.38534561
v 0.55061293 0.50390220 0.38642377
v 0.55173814 0.50338495 0.33207741
v 0.55061293 0.50390220 0.38642377
v 0.55173814 0.50338495 0.33207741
v 0.55227983 0.50217712 0.17892572
v 0.55227983 0.50217712 0.17892572
v -0.53919595 0.52732742 -0.47110349
v -0.54240960 0.52688861 -0.43476522
v -0.53451562 0.52771711 -0.49693099
v -0.52815962 0.52799761 -0.51493156
v -0.51991874 0.52810955 -0.52778828
v -0.53292584 0.50591445 -0.51953471
v -0.53981835 0.50554526 -0.50049084
v -0.52404094 0.50606179 -0.53338438
v -0.53292584 0.50591445 -0.51953471
v -0.53981835 0.50554526 -0.50049084
v -0.54492486 0.50503349 -0.47366697
v -0.54845178 0.50445819 -0.43647736
v -0.54492486 0.50503349 -0.47366697
v -0.54845178 0.50445819 -0.43647736
v 0.52771676 0.52799237 -0.51497513
v 0.51901394 0.52810109 -0.52784002
v 0.53432882 0.52771497 -0.49696454
v 0.53912306 0.52732790 -0.47112653
v 0.54237264 0.52689123 -0.43477908
v 0.54483372 0.50504053 -0.47370633
v 0.53960311 0.50554967 -0.50054634
v 0.54840493 0.50446665 -0.43650213
v 0.54483372 0.50504053 -0.47370633
v 0.54840493 0.50446665 -0.43650213
v 0.53960311 0.50554967 -0.50054634
v 0.53244454 0.50591540 -0.51960534
v 0.52308905 0.50605917 -0.53346598
v 0.53244454 0.50591540 -0.51960534
v 0.52308905 0.50605917 -0.53346598
v -0.18158080 0.52695119 -0.55910569
v -0.00231744 0.52689075 -0.55995464
v 0.17708801 0.52694571 -0.55912685
v 0.32908717 0.52711630 -0.55662102
v 0.17755939 0.50453568 -0.56744140
v -0.00234643 0.50446260 -0.56834292
v 0.33012670 0.50476098 -0.56470668
v 0.17755939 0.50453568 -0.56744140
v 0.33012670 0.50476098 -0.56470668
v -0.00234643 0.50446260 -0.56834292
v -0.18211003 0.50454104 -0.56741267
v -0.18211003 0.50454104 -0.56741267
v 0.17709076 0.52694869 0.55911392
v 0.32909349 0.52711844 0.55659044
v -0.00231751 0.52689421 0.55994755
v -0.18158367 0.52695429 0.55909276
v -0.18211511 0.50454843 0.56739593
v -0.00234658 0.50447023 0.56833339
v -0.18211511 0.50454843 0.56739593
v -0.00234658 0.50447023 0.56833339
v 0.17756411 0.50454295 0.56742477
v 0.33013743 0.50476766 0.56466836
v 0.17756411 0.50454295 0.56742477
v 0.33013743 0.50476766 0.56466836
v 0.42613167 0.52740324 -0.55243564
v 0.48136908 0.52772057 -0.54637426
v 0.50794733 0.52798188 -0.53824109
v 0.51901394 0.52810109 -0.52784002
v 0.51126772 0.50590217 -0.54471141
v 0.48389250 0.50555766 -0.55353677
v 0.52308905 0.50605917 -0.53346598
v 0.51126772 0.50590217 -0.54471141
v 0.48389250 0.50555766 -0.55353677
v 0.51126772 0.50590217 -0.54471141
v 0.42787501 0.50513959 -0.56013680
v 0.42787501 0.50513959 -0.56013680
v 0.50796974 0.52797866 0.53792447
v 0.48138613 0.52771938 0.54623234
v 0.50796974 0.52797866 0.53792447
v 0.42614296 0.52740395 0.55237538
v 0.42789367 0.50514472 0.56006229
v 0.48391989 0.50556099 0.55337232
v 0.42789367 0.50514472 0.56006229
v 0.48391989 0.50556099 0.55337232
v 0.51130295 0.50590312 0.54436433
v 0.51130295 0.50590312 0.54436433
v 0.51130295 0.50590312 0.54436433
v 0.51130295 0.50590312 0.54436433
v 0.55230361 0.08983088 -0.15799813
v 0.55230361 0.08983088 -0.15799813
v -0.55230361 0.08983248 -0.15799807
v -0.55230361 0.08983248 -0.15799807
v 0.54586393 0.07271087 -0.15086278
v 0.54586273 0.06179553 -0.13595851
v 0.55217278 0.04918027 -0.14131162
v 0.55226994 0.06941968 -0.15382601
v 0.55226994 0.06941968 -0.15382601
v -0.55227071 0.06942451 -0.15382595
v -0.55227071 0.06942451 -0.15382595
v -0.54586273 0.06179714 -0.13595852
v -0.55217588 0.04919320 -0.14131156
v -0.54586393 0.07271200 -0.15086280
v 0.54586732 0.31811452 0.15715718
v 0.54586732 0.33188987 0.14225291
v 0.55245250 0.33555233 0.14763147
v 0.55234313 0.31903654 0.16014849
v 0.55454898 0.33856332 0.15500070
v 0.55438513 0.31979591 0.16445979
v 0.55234313 0.31903654 0.16014849
v -0.55234313 0.31903666 0.16014840
v -0.55234313 0.31903666 0.16014840
v -0.55438513 0.31979591 0.16445957
v -0.54586732 0.33188999 0.14225292
v -0.55245256 0.33555239 0.14763138
v -0.54586732 0.31811470 0.15715720
v -0.55454898 0.33856338 0.15500048
v -0.33475596 -0.60174775 -0.54033595
v -0.33466578 -0.58736348 -0.54863960
v -0.18221121 -0.58953530 -0.54955816
v -0.18224540 -0.60420090 -0.54114604
v -0.33464119 -0.56395078 -0.55324239
v -0.18220142 -0.56593013 -0.55424219
v -0.00232114 -0.56659782 -0.55458021
v -0.00232107 -0.59026760 -0.54986876
v -0.00232028 -0.60502756 -0.54142010
v 0.17770194 -0.56595725 -0.55425799
v 0.33057013 -0.56401187 -0.55327737
v 0.17771189 -0.58956403 -0.54957306
v 0.17774786 -0.60423130 -0.54115957
v 0.33059505 -0.58742809 -0.54867280
v 0.33068737 -0.60181600 -0.54036593
v -0.48804814 -0.55696738 -0.54842365
v -0.51449931 -0.55380481 -0.54294664
v -0.51449931 -0.55380481 -0.54294664
v -0.52468610 -0.55238193 -0.53428704
v -0.43234271 -0.56065625 -0.55157930
v -0.43239200 -0.58374870 -0.54711157
v -0.48782903 -0.57948762 -0.54426634
v -0.43239200 -0.58374870 -0.54711157
v -0.33466578 -0.58736348 -0.54863960
v -0.48782903 -0.57948762 -0.54426634
v -0.51341593 -0.57537681 -0.53939670
v -0.52258235 -0.57338393 -0.53166521
v -0.51341593 -0.57537681 -0.53939670
v -0.48792607 -0.59254551 -0.53660840
v -0.51300108 -0.58698595 -0.53270137
v -0.52875787 -0.57547683 -0.52023554
v -0.53262478 -0.57967943 -0.50229514
v -0.53594148 -0.55717105 -0.50256729
v -0.53159779 -0.55391204 -0.52158344
v -0.53486598 -0.58401585 -0.47503161
v -0.53606671 -0.58767378 -0.43686104
v -0.53972709 -0.56426919 -0.43683091
v -0.53842390 -0.56093460 -0.47497034
v -0.53748727 -0.59109747 -0.11156712
v -0.53747219 -0.59111345 -0.17253242
v -0.54124391 -0.56736201 -0.11156718
v -0.54122925 -0.56737858 -0.17253256
v -0.53749031 -0.59109420 -0.05863655
v -0.53749132 -0.59109324 0.00315327
v -0.54124790 -0.56735772 0.00315327
v -0.54124677 -0.56735873 -0.05863658
v -0.53749025 -0.59109449 0.06495553
v -0.53748727 -0.59109807 0.11792341
v -0.54124379 -0.56736255 0.11792346
v -0.54124677 -0.56735891 0.06495557
v -0.54097092 -0.56721097 0.33176675
v -0.54054457 -0.56626701 0.38629046
v -0.53974527 -0.56431258 0.43567401
v -0.54122931 -0.56738079 0.17887166
v -0.53747231 -0.59111565 0.17887150
v -0.53722000 -0.59090942 0.33176917
v -0.53682292 -0.58986789 0.38630205
v -0.53608418 -0.58771968 0.43570432
v -0.53598285 -0.55727512 0.50104839
v -0.53164846 -0.55405039 0.52046013
v -0.52474058 -0.55255240 0.53362161
v -0.53845328 -0.56100565 0.47335643
v -0.53489393 -0.58409077 0.47341812
v -0.53266388 -0.57978815 0.50076288
v -0.52880496 -0.57561857 0.51905817
v -0.52263284 -0.57355577 0.53090036
v -0.51346302 -0.57557356 0.53888637
v -0.48786765 -0.57970470 0.54389066
v -0.51346302 -0.57557356 0.53888637
v -0.51346302 -0.57557356 0.53888637
v -0.48786765 -0.57970470 0.54389066
v -0.48808897 -0.55718631 0.54818755
v -0.51454973 -0.55400205 0.54256278
v -0.51454973 -0.55400205 0.54256278
v -0.43241921 -0.58398205 0.54678810
v -0.33468148 -0.58760870 0.54832542
v -0.43241921 -0.58398205 0.54678810
v -0.33468148 -0.58760870 0.54832542
v -0.33465773 -0.56419837 0.55307353
v -0.43237132 -0.56089193 0.55140036
v -0.00232142 -0.56685531 0.55441928
v 0.17770907 -0.56621242 0.55409503
v 0.33058628 -0.56425995 0.55310857
v -0.18220903 -0.56618506 0.55407929
v -0.18221851 -0.58978766 0.54924959
v -0.00232131 -0.59052241 0.54956204
v -0.18221851 -0.58978766 0.54924959
v -0.00232131 -0.59052241 0.54956204
v 0.17771870 -0.58981669 0.54926467
v 0.33061039 -0.58767366 0.54835862
v 0.17771870 -0.58981669 0.54926467
v 0.33061039 -0.58767366 0.54835862
v 0.48558304 -0.55735028 0.54827464
v 0.51288348 -0.55422199 0.54267001
v 0.51288348 -0.55422199 0.54267001
v 0.52377272 -0.55282462 0.53373772
v 0.42901406 -0.56100106 0.55146122
v 0.42906246 -0.58409727 0.54684591
v 0.48534146 -0.57987607 0.54397297
v 0.42906246 -0.58409727 0.54684591
v 0.48534146 -0.57987607 0.54397297
v 0.51171398 -0.57579887 0.53898644
v 0.52151310 -0.57382983 0.53100777
v 0.51171398 -0.57579887 0.53898644
v 0.51171398 -0.57579887 0.53898644
v 0.52807194 -0.57593346 0.51915854
v 0.53213328 -0.58013743 0.50084603
v 0.53566468 -0.55762768 0.50113612
v 0.53110802 -0.55436641 0.52056772
v 0.53443933 -0.58446950 0.47347802
v 0.53563923 -0.58812314 0.43574160
v 0.53952110 -0.56472069 0.43571302
v 0.53821826 -0.56138861 0.47341919
v 0.54075265 -0.56765610 0.33177978
v 0.54100442 -0.56785840 0.17887302
v 0.54032540 -0.56669563 0.38631344
v 0.53638250 -0.59029180 0.38632411
v 0.53678000 -0.59134972 0.33178172
v 0.53702527 -0.59158808 0.17887281
v 0.54102182 -0.56783968 0.00315327
v 0.54102087 -0.56784040 -0.05863670
v 0.54101801 -0.56784296 -0.11156749
v 0.54101813 -0.56784368 0.11792378
v 0.54102087 -0.56784070 0.06495568
v 0.53704214 -0.59157085 0.06495566
v 0.53704304 -0.59156978 0.00315327
v 0.53703928 -0.59157377 0.11792369
v 0.53704226 -0.59157056 -0.05863667
v 0.53703940 -0.59157324 -0.11156744
v 0.53702515 -0.59158599 -0.17253372
v 0.54100424 -0.56785631 -0.17253393
v 0.53562325 -0.55752254 -0.50265539
v 0.53105730 -0.55422676 -0.52169102
v 0.52371824 -0.55265278 -0.53440291
v 0.53950286 -0.56467670 -0.43687031
v 0.53818882 -0.56131655 -0.47503352
v 0.53441107 -0.58439362 -0.47509184
v 0.53209412 -0.58002728 -0.50237840
v 0.53562200 -0.58807683 -0.43689871
v 0.52802467 -0.57579041 -0.52033597
v 0.52146256 -0.57365674 -0.53177267
v 0.33059505 -0.58742809 -0.54867280
v 0.42903548 -0.58386308 -0.54716921
v 0.42898569 -0.56076455 -0.55163991
v 0.42903548 -0.58386308 -0.54716921
v 0.48554224 -0.55713034 -0.54851061
v 0.48530293 -0.57965791 -0.54434848
v 0.48530293 -0.57965791 -0.54434848
v 0.51283312 -0.55402350 -0.54305381
v 0.51283312 -0.55402350 -0.54305381
v 0.48538962 -0.59272408 -0.53668261
v 0.51166695 -0.57560086 -0.53949660
v 0.51120013 -0.58721697 -0.53279138
v 0.51166695 -0.57560086 -0.53949660
v -0.50281048 0.48224366 -0.32708725
v -0.50562084 0.50198877 -0.32711664
v -0.50562084 0.50198877 -0.32711664
v -0.50938356 0.51585186 -0.32718316
v -0.50274402 0.48224366 -0.38076791
v -0.50548804 0.50198877 -0.38088590
v -0.50548804 0.50198877 -0.38088590
v -0.50916284 0.51585674 -0.38107896
v -0.51360142 0.52507341 -0.38137493
v -0.51392680 0.52505362 -0.32731187
v -0.53039181 0.53566277 -0.32826361
v -0.54104638 0.53152955 -0.32916850
v -0.52970338 0.53582644 -0.38307807
v -0.54012990 0.53184700 -0.38455492
v -0.55172420 0.50337958 -0.33028579
v -0.55374074 0.48369193 -0.33050579
v -0.54537487 0.52606332 -0.32959646
v -0.55172420 0.50337958 -0.33028579
v -0.54436570 0.52646065 -0.38523281
v -0.55060548 0.50389838 -0.38633591
v -0.55261850 0.48423314 -0.38672259
v -0.55060548 0.50389838 -0.38633591
v -0.55507362 0.36571610 -0.38714007
v -0.55462110 0.42641938 -0.38711184
v -0.55594748 0.36538160 -0.33052450
v -0.55563688 0.42593992 -0.33063844
v -0.55600291 0.32108408 -0.33034554
v -0.55601400 0.29836094 -0.33026209
v -0.55598193 0.34218621 -0.33043629
v -0.55514926 0.34243912 -0.38707557
v -0.55519164 0.32125843 -0.38698581
v -0.55521125 0.29846597 -0.38689041
v -0.55602646 0.08977181 -0.33004799
v -0.55522859 0.08977985 -0.38662741
v -0.55518866 0.02440256 -0.32995084
v -0.55392855 -0.03761661 -0.32991692
v -0.55581778 0.06316453 -0.32999796
v -0.55502659 0.06319255 -0.38656065
v -0.55441475 0.02447772 -0.38648728
v -0.55318773 -0.03745472 -0.38641486
v -0.54249960 -0.52570379 -0.38619503
v -0.54866040 -0.24744153 -0.38629639
v -0.54295963 -0.52657771 -0.32995591
v -0.54928184 -0.24790773 -0.32991284
v -0.53009349 -0.60448217 -0.38623336
v -0.53681296 -0.58984119 -0.38619909
v -0.53045493 -0.60568434 -0.32996374
v -0.53721458 -0.59089446 -0.32996458
v -0.54096532 -0.56719655 -0.32996222
v -0.54053420 -0.56624174 -0.38618761
v -0.51913238 -0.61814427 -0.38629416
v -0.49141636 -0.63031089 -0.38636863
v -0.51913238 -0.61814427 -0.38629416
v -0.49164519 -0.63201886 -0.32995573
v -0.51943314 -0.61957908 -0.32996035
v -0.51943314 -0.61957908 -0.32996035
v -0.43443137 -0.64046526 -0.38644376
v -0.33566380 -0.64809078 -0.38650659
v -0.33575341 -0.65029293 -0.32994616
v -0.43458676 -0.64244342 -0.32995066
v 0.17815152 -0.65505219 -0.32994393
v 0.33169720 -0.65039337 -0.32994780
v -0.00231707 -0.65659207 -0.32994255
v -0.18264116 -0.65500736 -0.32994339
v -0.18259981 -0.65267056 -0.38654426
v -0.00231548 -0.65420991 -0.38655713
v 0.17811322 -0.65271366 -0.38654554
v 0.33161020 -0.64818728 -0.38651013
v 0.51783383 -0.61992246 -0.32996964
v 0.52957916 -0.60609114 -0.32997522
v 0.48917824 -0.63228130 -0.32996219
v 0.51783383 -0.61992246 -0.32996964
v 0.43125284 -0.64262074 -0.32995439
v 0.43109953 -0.64063567 -0.38645098
v 0.48895085 -0.63056326 -0.38638046
v 0.51753366 -0.61847448 -0.38631064
v 0.52921772 -0.60487342 -0.38625357
v 0.51753366 -0.61847448 -0.38631064
v 0.54074705 -0.56764150 -0.32997569
v 0.54282272 -0.52700067 -0.32996917
v 0.53677481 -0.59133452 -0.32997748
v 0.53637248 -0.59026486 -0.38622159
v 0.54031503 -0.56667000 -0.38621107
v 0.54236138 -0.52611071 -0.38621855
v 0.54920971 -0.24812847 -0.32992369
v 0.55390418 -0.03768790 -0.32992619
v 0.54858404 -0.24765378 -0.38631767
v 0.55315679 -0.03752309 -0.38643485
v 0.55439574 0.02444935 -0.38650739
v 0.55501336 0.06318474 -0.38658109
v 0.55581254 0.06315601 -0.33000693
v 0.55517703 0.02437270 -0.32995975
v 0.55521727 0.08977973 -0.38664830
v 0.55602324 0.08977121 -0.33005720
v 0.55519867 0.29847050 -0.38691443
v 0.55601043 0.29836446 -0.33027300
v 0.55517846 0.32126439 -0.38701087
v 0.55599910 0.32108861 -0.33035713
v 0.55513501 0.34244668 -0.38710138
v 0.55505812 0.36572516 -0.38716599
v 0.55594277 0.36538851 -0.33053702
v 0.55597782 0.34219205 -0.33044845
v 0.55563080 0.42594850 -0.33065090
v 0.55373394 0.48370016 -0.33051640
v 0.55460191 0.42643023 -0.38713536
v 0.55259770 0.48424327 -0.38674095
v 0.54011750 0.53184831 -0.38455990
v 0.54435027 0.52646399 -0.38524061
v 0.54104298 0.53153098 -0.32917088
v 0.54537046 0.52606630 -0.32960066
v 0.55171812 0.50338638 -0.33029443
v 0.55171812 0.50338638 -0.33029443
v 0.55058551 0.50390649 -0.38635084
v 0.55058551 0.50390649 -0.38635084
v 0.51360065 0.52507329 -0.38137510
v 0.52969694 0.53582597 -0.38307968
v 0.51392663 0.52505362 -0.32731190
v 0.53039014 0.53566277 -0.32826415
v 0.50274402 0.48224366 -0.38076791
v 0.50548804 0.50198877 -0.38088590
v 0.50281048 0.48224366 -0.32708725
v 0.50562078 0.50198877 -0.32711661
v 0.50548804 0.50198877 -0.38088590
v 0.50562078 0.50198877 -0.32711661
v 0.50938356 0.51585186 -0.32718319
v 0.50916266 0.51585674 -0.38107896
v 0.50028104 0.42467391 -0.32706064
v 0.50000000 0.36451530 -0.32705769
v 0.50027442 0.42467380 -0.38066179
v 0.50000000 0.36451530 -0.38064998
v 0.50000000 0.29808635 -0.38064998
v 0.50000000 0.29808646 -0.32705766
v 0.50000000 0.32063407 -0.32705772
v 0.50000000 0.32063413 -0.38064998
v 0.50000000 0.34153444 -0.32705766
v 0.50000000 0.34153450 -0.38064998
v 0.50000000 0.09032315 -0.32705766
v 0.50000000 0.09032321 -0.38064998
v 0.50000000 -0.02962506 -0.38064998
v 0.50000000 0.02821636 -0.38064998
v 0.50000000 -0.02962500 -0.32705778
v 0.50000000 0.02821636 -0.32705766
v 0.50000000 0.06469679 -0.32705769
v 0.50000000 0.06469679 -0.38064998
v 0.49776053 -0.32811105 -0.32705766
v 0.49440143 -0.41405553 -0.32705772
v 0.49944016 -0.22435012 -0.32705772
v 0.50000000 -0.11933434 -0.32705766
v 0.50000000 -0.11933434 -0.38064998
v 0.49944016 -0.22435012 -0.38064998
v 0.49776059 -0.32811105 -0.38064998
v 0.49440140 -0.41405553 -0.38064998
v 0.41706070 -0.50000006 -0.32705766
v 0.32400402 -0.50000006 -0.32705769
v 0.46750808 -0.49140558 -0.32705772
v 0.48880276 -0.46562225 -0.32705766
v 0.46750808 -0.49140558 -0.32705772
v 0.48880279 -0.46562225 -0.38064998
v 0.46750808 -0.49140558 -0.38064998
v 0.41706070 -0.50000006 -0.38064998
v 0.32400402 -0.50000006 -0.38064998
v 0.46750808 -0.49140558 -0.38064998
v -0.17914556 -0.50000006 -0.32705766
v -0.32784179 -0.50000006 -0.32705769
v -0.00220316 -0.50000006 -0.32705772
v 0.17488140 -0.50000006 -0.32705766
v 0.17488138 -0.50000006 -0.38064998
v -0.00220315 -0.50000006 -0.38064998
v -0.17914556 -0.50000006 -0.38064998
v -0.32784179 -0.50000006 -0.38064998
v -0.49511209 -0.41405553 -0.38064998
v -0.49022421 -0.46562225 -0.38064998
v -0.49511209 -0.41405553 -0.32705778
v -0.49022421 -0.46562225 -0.32705766
v -0.46978235 -0.49140558 -0.32705772
v -0.46978235 -0.49140558 -0.38064998
v -0.46978235 -0.49140558 -0.32705772
v -0.42018780 -0.50000006 -0.32705766
v -0.46978235 -0.49140558 -0.38064998
v -0.42018774 -0.50000006 -0.38064998
v -0.49804488 -0.32811105 -0.38064998
v -0.49951124 -0.22435012 -0.38064998
v -0.49951124 -0.22435012 -0.32705772
v -0.49804488 -0.32811105 -0.32705766
v -0.50000000 -0.11933434 -0.38064998
v -0.50000000 -0.02962506 -0.38064998
v -0.50000000 -0.02962506 -0.32705775
v -0.50000000 -0.11933434 -0.32705769
v -0.50000000 0.06469679 -0.32705772
v -0.50000000 0.09032315 -0.32705766
v -0.50000000 0.02821636 -0.32705766
v -0.50000000 0.02821636 -0.38064998
v -0.50000000 0.06469679 -0.38064998
v -0.50000000 0.09032321 -0.38064998
v -0.50000000 0.29808646 -0.32705766
v -0.50000000 0.29808640 -0.38064998
v -0.50000000 0.34153444 -0.32705766
v -0.50000000 0.36451530 -0.32705772
v -0.50000000 0.32063407 -0.32705775
v -0.50000000 0.32063413 -0.38064998
v -0.50000000 0.34153444 -0.38064998
v -0.50000000 0.36451530 -0.38064998
v -0.50027442 0.42467380 -0.38066182
v -0.50028104 0.42467391 -0.32706064
vn -0.79219973 0.00022647 0.61026192
vn -0.79221427 -0.00102515 0.61024225
vn -0.44109613 -0.00106442 0.89745927
vn -0.44147888 0.00028079 0.89727163
vn -0.79213339 -0.00941648 0.61027527
vn -0.43966892 -0.01093607 0.89809334
vn -0.44109613 -0.00106442 0.89745927
vn -0.43966892 -0.01093607 0.89809334
vn -0.15712647 -0.01213574 0.98750395
vn -0.15815684 -0.00099173 0.98741353
vn -0.44147888 0.00028079 0.89727163
vn -0.15835166 0.00032535 0.98738271
vn -0.79204714 -0.01369081 0.61030656
vn -0.43663445 -0.01605697 0.89949572
vn -0.79173303 -0.01615789 0.61065358
vn -0.42607161 -0.01905151 0.90448892
vn -0.43663445 -0.01605697 0.89949572
vn -0.42607161 -0.01905151 0.90448892
vn -0.14636292 -0.02149389 0.98899746
vn -0.15471923 -0.01803593 0.98779392
vn -0.05496487 -0.02011789 0.99828571
vn -0.05619331 -0.01345481 0.99832928
vn -0.05068948 -0.02404861 0.99842495
vn -0.01890163 -0.02619606 0.99947810
vn -0.02080440 -0.02189312 0.99954391
vn -0.02134894 -0.01461614 0.99966532
vn -0.05672535 -0.00098938 0.99838936
vn -0.05679451 0.00031577 0.99838585
vn -0.02158653 -0.00102889 0.99976653
vn -0.02161061 0.00027298 0.99976641
vn -0.78348029 0.00020148 -0.62141663
vn -0.78322655 0.01092979 -0.62164032
vn -0.43376562 0.01024336 -0.90096754
vn -0.43311074 0.00023437 -0.90134066
vn -0.43311074 0.00023437 -0.90134066
vn -0.43376562 0.01024336 -0.90096754
vn -0.15632004 0.00759074 -0.98767728
vn -0.15565407 0.00027564 -0.98781168
vn -0.78290606 0.02560373 -0.62161297
vn -0.43612069 0.02381136 -0.89957309
vn -0.78200024 0.04573042 -0.62159824
vn -0.44488364 0.04284925 -0.89456278
vn -0.43612069 0.02381136 -0.89957309
vn -0.44488364 0.04284925 -0.89456278
vn -0.16578193 0.03146063 -0.98566049
vn -0.15830976 0.01720325 -0.98723960
vn -0.05773640 0.01134134 -0.99826747
vn -0.05659650 0.00518668 -0.99838376
vn -0.06194752 0.02142666 -0.99784940
vn -0.02415360 0.01375058 -0.99961370
vn -0.02219986 0.00677057 -0.99973065
vn -0.02166481 0.00325688 -0.99975997
vn -0.05618338 0.00027667 -0.99842042
vn -0.02146811 0.00024614 -0.99976957
vn -0.79124272 -0.01987105 0.61117917
vn -0.38545090 -0.02373308 0.92242318
vn -0.40889814 -0.01992902 0.91236252
vn -0.79148316 -0.01686846 0.61095816
vn -0.38545090 -0.02373308 0.92242318
vn -0.12095164 -0.02679514 0.99229676
vn -0.13352478 -0.02246359 0.99079084
vn -0.40889814 -0.01992902 0.91236252
vn -0.03924262 -0.02979058 0.99878561
vn -0.04435487 -0.02516233 0.99869901
vn -0.01406514 -0.03216757 0.99938357
vn -0.01612676 -0.02742121 0.99949396
vn -0.78272700 -0.01644128 -0.62214804
vn -0.41748801 -0.01929716 -0.90847760
vn -0.40001664 -0.01993316 -0.91629118
vn -0.78206748 -0.01695825 -0.62296313
vn -0.41748801 -0.01929716 -0.90847760
vn -0.14373018 -0.02174709 -0.98937804
vn -0.13093475 -0.02244894 -0.99113685
vn -0.40001664 -0.01993316 -0.91629118
vn -0.05012835 -0.02432974 -0.99844640
vn -0.04383085 -0.02514926 -0.99872237
vn -0.01878221 -0.02649833 -0.99947238
vn -0.01602505 -0.02740694 -0.99949598
vn -0.01398116 -0.03189137 -0.99939364
vn -0.03876813 -0.02952438 -0.99881196
vn -0.11850552 -0.02654345 -0.99259859
vn -0.37659648 -0.02353248 -0.92607850
vn -0.37659648 -0.02353248 -0.92607850
vn -0.78160709 -0.01983310 -0.62345570
vn -0.46301764 0.09726374 -0.88099629
vn -0.18016295 0.08683301 -0.97979659
vn -0.17359924 0.05124526 -0.98348224
vn -0.45458946 0.06345750 -0.88843781
vn -0.77962697 0.09560553 -0.61890346
vn -0.46301764 0.09726374 -0.88099629
vn -0.45458946 0.06345750 -0.88843781
vn -0.78127438 0.06522783 -0.62077022
vn -0.07026967 0.07837075 -0.99444473
vn -0.02807010 0.07260531 -0.99696571
vn -0.02626039 0.03291962 -0.99911302
vn -0.06643941 0.04072228 -0.99695915
vn -0.79085910 0.04583155 0.61027980
vn -0.45342335 0.04320307 0.89024764
vn -0.46320984 0.06384304 0.88394612
vn -0.79021233 0.06532038 0.60934216
vn -0.45342335 0.04320307 0.89024764
vn -0.16867718 0.03171197 0.98516119
vn -0.17658627 0.05150409 0.98293674
vn -0.46320984 0.06384304 0.88394612
vn -0.06265908 0.02156229 0.99780208
vn -0.06719834 0.04084591 0.99690324
vn -0.02434231 0.01381713 0.99960822
vn -0.02646999 0.03297042 0.99910575
vn -0.07106701 0.07844144 0.99438244
vn -0.18322709 0.08702337 0.97921133
vn -0.02829669 0.07262816 0.99695760
vn -0.47173920 0.09755660 0.87632459
vn -0.78867817 0.09553998 0.60733759
vn -0.47173920 0.09755660 0.87632459
vn 0.99886346 0.04766513 0.00008763
vn 0.99886709 0.04758880 -0.00000037
vn 0.99999946 0.00106065 -0.00000247
vn 0.99999714 0.00155247 0.00184845
vn 0.99883103 0.04833690 0.00030400
vn 0.99997020 0.00626574 0.00452498
vn 0.99886358 0.04766255 -0.00009019
vn 0.99883145 0.04832836 -0.00031702
vn 0.99997014 0.00625770 -0.00454127
vn 0.99999714 0.00155370 -0.00185513
vn 0.99936974 -0.03155282 -0.01626633
vn 0.99882805 -0.04800822 -0.00614407
vn 0.99871027 -0.05077223 -0.00001276
vn 0.99882621 -0.04805226 0.00611265
vn 0.99936897 -0.03161115 0.01620322
vn 0.99986845 -0.01080973 0.01210098
vn 0.99994373 -0.00975093 0.00417556
vn 0.99981290 -0.01929328 0.00144076
vn 0.99978650 -0.02032244 0.00375092
vn 0.99995786 -0.00918780 0.00001350
vn 0.99981701 -0.01912849 0.00002013
vn 0.99994403 -0.00974292 -0.00413114
vn 0.99981338 -0.01926814 -0.00138568
vn 0.99986899 -0.01068716 -0.01215975
vn 0.99978793 -0.02026228 -0.00368347
vn 0.99965614 -0.02621871 -0.00040820
vn 0.99966103 -0.02603530 -0.00017698
vn 0.99966204 -0.02599968 0.00000578
vn 0.99966085 -0.02604106 0.00018927
vn 0.99965590 -0.02623165 0.00041986
vn -0.05054708 -0.99872178 -0.00008941
vn -0.05055760 -0.99872118 -0.00001982
vn -0.11804777 -0.99300796 -0.00001199
vn -0.11802468 -0.99301064 -0.00005306
vn -0.05055932 -0.99872112 -0.00000143
vn -0.11805153 -0.99300748 -0.00000211
vn -0.26312825 -0.96476096 -0.00000223
vn -0.26312056 -0.96476305 -0.00000553
vn -0.26308051 -0.96477395 -0.00002259
vn -0.05055770 -0.99872118 0.00001723
vn -0.11804713 -0.99300802 0.00000951
vn -0.05054688 -0.99872178 0.00007732
vn -0.11802398 -0.99301076 0.00004186
vn -0.26307774 -0.96477467 0.00001065
vn -0.26312029 -0.96476310 0.00000184
vn -0.56498271 -0.82510281 0.00000267
vn -0.56499267 -0.82509601 -0.00000144
vn -0.56493187 -0.82513767 0.00001726
vn -0.56498271 -0.82510281 0.00000267
vn -0.56493187 -0.82513767 0.00001726
vn -0.85116959 -0.52489078 0.00006049
vn -0.85119206 -0.52485448 0.00001232
vn -0.56499267 -0.82509601 -0.00000144
vn -0.85119617 -0.52484781 -0.00000111
vn -0.56498325 -0.82510251 -0.00000672
vn -0.56493527 -0.82513529 -0.00002964
vn -0.56498325 -0.82510251 -0.00000672
vn -0.85119206 -0.52485442 -0.00001507
vn -0.56493527 -0.82513529 -0.00002964
vn -0.85116899 -0.52489173 -0.00006905
vn -0.99966764 -0.02577730 0.00041384
vn -0.99967259 -0.02558780 0.00018854
vn -0.99981731 -0.01906011 0.00144169
vn -0.99979120 -0.02009139 0.00374889
vn -0.99967366 -0.02554623 0.00000598
vn -0.99982148 -0.01889481 0.00002006
vn -0.99967277 -0.02558238 -0.00017670
vn -0.99981785 -0.01903513 -0.00138777
vn -0.99966794 -0.02576546 -0.00040303
vn -0.99979258 -0.02003175 -0.00368330
vn -0.99987125 -0.01045737 -0.01216961
vn -0.99994630 -0.00950366 -0.00413673
vn -0.99996006 -0.00894651 0.00001298
vn -0.99994612 -0.00951084 0.00417910
vn -0.99987078 -0.01057782 0.01210693
vn -0.99936879 -0.03161271 0.01620432
vn -0.99882615 -0.04805284 0.00611271
vn -0.99999714 0.00155287 0.00184871
vn -0.99997020 0.00626525 0.00452577
vn -0.99871022 -0.05077271 -0.00001238
vn -0.99999946 0.00106092 -0.00000199
vn -0.99882805 -0.04800879 -0.00614470
vn -0.99999708 0.00155342 -0.00185562
vn -0.99936962 -0.03155498 -0.01626784
vn -0.99997014 0.00625707 -0.00454320
vn -0.99886358 0.04766217 -0.00009050
vn -0.99886709 0.04758831 -0.00000003
vn -0.99883145 0.04832864 -0.00031892
vn -0.99886346 0.04766530 0.00008808
vn -0.99883103 0.04833692 0.00030508
vn -0.26199502 -0.96506530 -0.00276889
vn -0.11743043 -0.99307579 -0.00327728
vn -0.05027254 -0.99872863 -0.00372090
vn -0.85067117 -0.52569526 -0.00173765
vn -0.56357539 -0.82606161 -0.00226319
vn -0.56357539 -0.82606161 -0.00226319
vn -0.98182815 -0.00238869 0.18975748
vn -0.99040115 -0.03900547 0.13260585
vn -0.99996126 -0.00194508 0.00858559
vn -0.99995089 -0.00006766 0.00991689
vn -0.99619454 -0.05697118 0.06595991
vn -0.99999577 -0.00143095 0.00256189
vn -0.99996608 -0.00472142 0.00675271
vn 0.99996156 -0.00194092 0.00856285
vn 0.99996626 -0.00471199 0.00672950
vn 0.99619514 -0.05696809 0.06595385
vn 0.99040276 -0.03900342 0.13259432
vn 0.99999583 -0.00142173 0.00253732
vn 0.99995106 -0.00006668 0.00989596
vn 0.98183089 -0.00238837 0.18974298
vn 0.99964929 -0.02646011 -0.00108719
vn 0.99975359 -0.02219944 0.00019526
vn 0.99978298 -0.02064909 0.00278076
vn -0.99966109 -0.02601079 -0.00110480
vn -0.99975848 -0.02197647 0.00018619
vn -0.99978739 -0.02043126 0.00278432
vn -0.99987662 0.01571094 -0.00024952
vn -0.99876720 0.04959995 -0.00201876
vn 0.99987650 0.01571837 -0.00027595
vn 0.99876708 0.04960081 -0.00204605
vn 0.77397269 0.04683002 0.63148510
vn 0.91316634 0.03924431 0.40569353
vn 0.90724140 0.05730078 0.41668919
vn 0.77317500 0.06648639 0.63069803
vn 0.97453505 0.02792227 0.22249033
vn 0.97098297 0.04418083 0.23503223
vn 0.99356270 0.01801867 0.11184211
vn 0.99209529 0.03311016 0.12103987
vn 0.99850309 0.01088545 0.05360135
vn 0.99795324 0.02548298 0.05865151
vn 0.98964345 0.06216010 0.12939110
vn 0.96639866 0.07267239 0.24656144
vn 0.99645859 0.05560089 0.06307861
vn 0.90032619 0.08625062 0.42658377
vn 0.77144587 0.09680234 0.62888855
vn 0.99894696 -0.01987294 0.04135415
vn 0.99883699 -0.01663144 0.04525570
vn 0.99516499 -0.01536662 0.09700816
vn 0.99575317 -0.01833028 0.09021982
vn 0.99886131 -0.01113346 0.04639185
vn 0.99503475 -0.01031310 0.09899230
vn 0.97874445 -0.00950451 0.20486355
vn 0.97923100 -0.01405992 0.20225944
vn 0.98097271 -0.01670089 0.19342665
vn 0.99889594 -0.00081757 0.04697230
vn 0.99498707 -0.00079888 0.10000034
vn 0.99889141 0.00017278 0.04707415
vn 0.99496657 0.00021337 0.10020737
vn 0.97843587 0.00023615 0.20655093
vn 0.97850728 -0.00082533 0.20621096
vn 0.92050064 -0.00091268 0.39073995
vn 0.92095155 -0.00912763 0.38957018
vn 0.92034483 0.00024627 0.39110783
vn 0.77559233 0.00024704 0.63123417
vn 0.77562940 -0.00102911 0.63118792
vn 0.77557719 -0.00953470 0.63118076
vn 0.92178208 -0.01336028 0.38747805
vn 0.92460310 -0.01579051 0.38060471
vn 0.77538192 -0.01387144 0.63134021
vn 0.77458215 -0.01637874 0.63226128
vn 0.77289706 -0.02025208 0.63420826
vn 0.93538982 -0.01961014 0.35307410
vn 0.92924058 -0.01644576 0.36910909
vn 0.77356780 -0.01710501 0.63348258
vn 0.98618311 -0.02091284 0.16433421
vn 0.98360968 -0.01741802 0.17946814
vn 0.99722856 -0.02294786 0.07077096
vn 0.99661773 -0.01915963 0.07991307
vn 0.99920988 -0.02471665 0.03112759
vn 0.99915028 -0.02079380 0.03558618
vn -0.84255725 -0.53553236 0.05746733
vn -0.53962141 -0.83761466 0.08491430
vn -0.51654488 -0.84013140 0.16541046
vn -0.83415192 -0.53939563 0.11507798
vn -0.53962141 -0.83761466 0.08491430
vn -0.24252324 -0.96450549 0.10445940
vn -0.22440737 -0.95378512 0.19983864
vn -0.51654488 -0.84013140 0.16541046
vn -0.19884977 -0.91925031 0.33976123
vn -0.47959787 -0.82786018 0.29091847
vn -0.47959787 -0.82786018 0.29091847
vn -0.81715232 -0.53478229 0.21510431
vn -0.10674369 -0.98723745 0.11818621
vn -0.09715447 -0.96991318 0.22322503
vn -0.04532382 -0.99064434 0.12872306
vn -0.04094578 -0.96980816 0.24040711
vn -0.03544161 -0.91945070 0.39160472
vn -0.08468530 -0.92490685 0.37064236
vn -0.07088646 -0.82334226 0.56310099
vn -0.16880682 -0.82719642 0.53595763
vn -0.02946027 -0.81379861 0.58039993
vn -0.02361266 -0.63372594 0.77319729
vn -0.05782740 -0.64001733 0.76618135
vn -0.14287496 -0.64130622 0.75386548
vn -0.41811424 -0.77064455 0.48092344
vn -0.77976614 -0.50728762 0.36691156
vn -0.41811424 -0.77064455 0.48092344
vn -0.35451764 -0.60663122 0.71155876
vn -0.35451764 -0.60663122 0.71155876
vn -0.70656919 -0.45125294 0.54509711
vn -0.99896538 -0.01969456 0.04099352
vn -0.99916470 -0.02060468 0.03528885
vn -0.99674672 -0.01898391 0.07832999
vn -0.99590540 -0.01816639 0.08855747
vn -0.98472685 -0.01724096 0.17325108
vn -0.98217338 -0.01653828 0.18724877
vn -0.99922824 -0.02429710 0.03086716
vn -0.99734086 -0.02254609 0.06930390
vn -0.98717171 -0.02052368 0.15833811
vn -0.94110543 -0.01921281 0.33756721
vn -0.93522304 -0.01623544 0.35368702
vn -0.93058133 -0.01559907 0.36575276
vn -0.92773759 -0.01321311 0.37299940
vn -0.92691427 -0.00904183 0.37516430
vn -0.98001379 -0.00944052 0.19870545
vn -0.98048192 -0.01393879 0.19611481
vn -0.92650604 -0.00092328 0.37627906
vn -0.92637038 0.00021131 0.37661389
vn -0.97973657 0.00019886 0.20029022
vn -0.97979975 -0.00084334 0.19997986
vn -0.99516708 -0.00081327 0.09819267
vn -0.99520808 -0.01024375 0.09724194
vn -0.99514866 0.00018346 0.09838236
vn -0.99891371 0.00015451 0.04659926
vn -0.99891776 -0.00082294 0.04650535
vn -0.99888229 -0.01104562 0.04595998
vn -0.99533308 -0.01524167 0.09528885
vn -0.99885792 -0.01648929 0.04484574
vn -0.99651158 0.05553831 0.06229267
vn -0.99799854 0.02536064 0.05793060
vn -0.99238133 0.03283538 0.11874847
vn -0.98996931 0.06197128 0.12696600
vn -0.97266954 0.04358944 0.22806597
vn -0.96824372 0.07215273 0.23937027
vn -0.99853891 0.01074306 0.05295949
vn -0.99380612 0.01772541 0.10970595
vn -0.97606188 0.02735222 0.21576618
vn -0.91967791 0.03831282 0.39080012
vn -0.91408265 0.05626410 0.40160570
vn -0.90750903 0.08521368 0.41129798
vn -0.99876887 0.04956910 0.00197441
vn -0.99987793 0.01562663 0.00017538
vn -0.99981463 0.01803854 0.00673748
vn -0.99870902 0.05028255 0.00722297
vn -0.99999523 -0.00154985 -0.00269223
vn -0.99997741 0.00314412 0.00594122
vn -0.99965173 0.00658743 0.02555682
vn -0.99938911 0.02110099 0.02786019
vn -0.99819177 0.05223348 0.02974915
vn -0.99961680 -0.01732322 0.02159414
vn -0.99959052 -0.02069978 0.01975510
vn -0.99968791 -0.01159614 0.02212837
vn -0.99992180 -0.01167276 0.00449674
vn -0.99983567 -0.01755714 0.00450869
vn -0.99976748 -0.02110974 0.00440749
vn -0.99974865 -0.00084776 0.02240413
vn -0.99974799 0.00012113 0.02244982
vn -0.99998993 0.00004740 0.00450243
vn -0.99998963 -0.00086454 0.00447958
vn -0.99994767 -0.00007816 -0.01023846
vn -0.99994797 -0.00076766 -0.01017778
vn -0.99991316 -0.01035145 -0.00815983
vn -0.99986023 -0.01557301 -0.00609424
vn -0.99979395 -0.02010619 -0.00280784
vn -0.99976081 -0.02186977 -0.00019870
vn -0.99974531 -0.02218909 0.00413331
vn -0.99966156 -0.02599215 0.00110439
vn -0.99965531 -0.02596583 0.00388747
vn -0.99956417 -0.02536995 0.01510071
vn -0.99961954 -0.02166118 0.01708133
vn -0.85067028 -0.52569681 0.00171899
vn -0.56358349 -0.82605612 0.00223966
vn -0.56155461 -0.82739061 0.00901012
vn -0.84996933 -0.52679437 0.00631056
vn -0.56358349 -0.82605612 0.00223966
vn -0.26200506 -0.96506268 0.00274793
vn -0.26039630 -0.96543705 0.01118628
vn -0.56155461 -0.82739061 0.00901012
vn -0.11743740 -0.99307489 0.00326338
vn -0.11656444 -0.99309927 0.01290723
vn -0.05027584 -0.99872857 0.00371345
vn -0.04987404 -0.99865329 0.01429596
vn -0.11265705 -0.99201441 0.05670790
vn -0.25329965 -0.96610463 0.04981122
vn -0.04806421 -0.99691468 0.06205637
vn -0.55291313 -0.83226973 0.04017719
vn -0.84710932 -0.53072011 0.02723840
vn -0.55291313 -0.83226973 0.04017719
vn 0.99961275 -0.02186333 0.01721280
vn 0.99958313 -0.02089202 0.01992566
vn 0.99974048 -0.02240524 0.00414387
vn 0.99976295 -0.02131699 0.00443756
vn 0.99955148 -0.02580089 0.01520942
vn 0.99964374 -0.02640892 0.00388539
vn 0.99964988 -0.02644081 0.00108607
vn 0.99975598 -0.02209172 -0.00020787
vn 0.99978960 -0.02032100 -0.00280308
vn 0.99985754 -0.01575382 -0.00607587
vn 0.99983245 -0.01773060 0.00455479
vn 0.99991214 -0.01047330 -0.00813872
vn 0.99992019 -0.01179076 0.00454849
vn 0.99994814 -0.00077670 -0.01015746
vn 0.99998933 -0.00087256 0.00453642
vn 0.99994785 -0.00007662 -0.01021768
vn 0.99998969 0.00005001 0.00456043
vn 0.99974346 -0.00085022 0.02263720
vn 0.99968195 -0.01170036 0.02234183
vn 0.99974269 0.00012980 0.02268701
vn 0.99960959 -0.01748102 0.02179512
vn 0.99937814 0.02115517 0.02821292
vn 0.99817908 0.05225604 0.03013078
vn 0.99981374 0.01805338 0.00682432
vn 0.99870813 0.05028632 0.00731537
vn 0.99964315 0.00665285 0.02587267
vn 0.99997687 0.00316323 0.00601975
vn 0.99999529 -0.00153985 -0.00266768
vn 0.99987781 0.01563282 0.00020156
vn 0.99876869 0.04956964 0.00200149
vn -0.91593868 0.03830700 -0.39948604
vn -0.91012692 0.05624970 -0.41049358
vn -0.97546560 0.02730778 -0.21845175
vn -0.97203600 0.04349181 -0.23076922
vn -0.99381912 0.01771522 -0.10958923
vn -0.99241585 0.03276945 -0.11847821
vn -0.99857599 0.01079578 -0.05224597
vn -0.99804777 0.02537900 -0.05706691
vn -0.99003452 0.06183935 -0.12652145
vn -0.96758199 0.07204140 -0.24206439
vn -0.99657750 0.05548545 -0.06127444
vn -0.90332901 0.08529326 -0.42038292
vn -0.99894035 0.00016446 -0.04602456
vn -0.99891096 0.00251112 -0.04658925
vn -0.99504226 0.00423499 -0.09936343
vn -0.99514943 0.00019324 -0.09837521
vn -0.97889614 0.00652141 -0.20425470
vn -0.97920632 0.00020268 -0.20286685
vn -0.99884075 0.00531083 -0.04784449
vn -0.99478078 0.00938390 -0.10160374
vn -0.97815430 0.01491975 -0.20734438
vn -0.92088425 0.02125892 -0.38925627
vn -0.92228651 0.00912688 -0.38639927
vn -0.92292553 0.00020186 -0.38497844
vn -0.93823153 -0.01921865 -0.34547395
vn -0.93202573 -0.01633123 -0.36202395
vn -0.98685670 -0.02053427 -0.16028786
vn -0.98432893 -0.01732682 -0.17548929
vn -0.99734205 -0.02256078 -0.06928210
vn -0.99674815 -0.01907624 -0.07829034
vn -0.99923879 -0.02431403 -0.03050755
vn -0.99917829 -0.02070625 -0.03484450
vn -0.99898064 -0.02002658 -0.04045752
vn -0.99590564 -0.01847117 -0.08849272
vn -0.98171544 -0.01681833 -0.18960996
vn -0.92727429 -0.01587864 -0.37404600
vn -0.69901460 -0.44505382 -0.55973727
vn -0.34864831 -0.59449285 -0.72458452
vn -0.41556761 -0.76527387 -0.49158898
vn -0.77713907 -0.50492048 -0.37564632
vn -0.34864831 -0.59449285 -0.72458452
vn -0.14042561 -0.62766218 -0.76571602
vn -0.16749990 -0.82011271 -0.54713702
vn -0.41556761 -0.76527387 -0.49158898
vn -0.19846050 -0.91768324 -0.34419611
vn -0.47897431 -0.82686722 -0.29474446
vn -0.47897431 -0.82686722 -0.29474446
vn -0.81668162 -0.53434730 -0.21795446
vn -0.05690356 -0.62622011 -0.77756709
vn -0.07032678 -0.81560725 -0.57431608
vn -0.02325272 -0.62001908 -0.78424221
vn -0.02922448 -0.80576724 -0.59151083
vn -0.03535461 -0.91736901 -0.39646459
vn -0.08449368 -0.92301613 -0.37536931
vn -0.09711987 -0.96991056 -0.22325188
vn -0.22435281 -0.95378560 -0.19989748
vn -0.04092848 -0.96980906 -0.24040666
vn -0.04532330 -0.99085945 -0.12705655
vn -0.10674336 -0.98741746 -0.11667321
vn -0.24253254 -0.96464384 -0.10315213
vn -0.51650316 -0.84013921 -0.16550098
vn -0.83416116 -0.53936052 -0.11517557
vn -0.51650316 -0.84013921 -0.16550098
vn -0.53967577 -0.83768243 -0.08389515
vn -0.53967577 -0.83768243 -0.08389515
vn -0.84261745 -0.53550678 -0.05681810
vn 0.99896246 -0.02020754 -0.04081211
vn 0.99916404 -0.02089626 -0.03513674
vn 0.99661964 -0.01925264 -0.07986591
vn 0.99575412 -0.01863717 -0.09014677
vn 0.98318642 -0.01750444 -0.18176363
vn 0.98048842 -0.01698262 -0.19584201
vn 0.99922061 -0.02473434 -0.03076328
vn 0.99723029 -0.02296330 -0.07074232
vn 0.98584795 -0.02092339 -0.16633123
vn 0.93227458 -0.01961226 -0.36121938
vn 0.92578840 -0.01654041 -0.37768015
vn 0.76278085 -0.02019965 -0.64634150
vn 0.76368725 -0.01718692 -0.64535755
vn 0.92105418 -0.01607081 -0.38910303
vn 0.76514733 -0.01665833 -0.64363980
vn 0.76646912 0.00021812 -0.64228112
vn 0.76610190 0.01120356 -0.64262146
vn 0.91594070 0.00943526 -0.40120286
vn 0.91666830 0.00023321 -0.39964882
vn 0.97752970 0.00675282 -0.21068968
vn 0.97787631 0.00023718 -0.20918377
vn 0.76571107 0.02619215 -0.64265132
vn 0.91443181 0.02185543 -0.40414971
vn 0.76469892 0.04670629 -0.64269286
vn 0.90917712 0.03923213 -0.41455731
vn 0.97390562 0.02787456 -0.22523522
vn 0.97673976 0.01532020 -0.21388046
vn 0.99457568 0.00961299 -0.10357120
vn 0.99485004 0.00438010 -0.10126402
vn 0.99357706 0.01800779 -0.11171596
vn 0.99854112 0.01093884 -0.05287847
vn 0.99881369 0.00543183 -0.04839306
vn 0.99888682 0.00259278 -0.04710161
vn 0.99496740 0.00022113 -0.10019872
vn 0.99891853 0.00018151 -0.04649380
vn 0.99652648 0.05554608 -0.06204656
vn 0.99800390 0.02549942 -0.05777615
vn 0.99213195 0.03304089 -0.12075841
vn 0.98971158 0.06202583 -0.12893392
vn 0.97031415 0.04408050 -0.23779730
vn 0.96569932 0.07256085 -0.24931887
vn 0.90302378 0.05728151 -0.42575467
vn 0.76381451 0.06636820 -0.64201468
vn 0.89587200 0.08632664 -0.43584543
vn 0.76196235 0.09683880 -0.64034027
vn -0.01061345 0.06945324 -0.99752885
vn -0.00008463 0.06840365 -0.99765778
vn -0.00008408 0.02689295 -0.99963838
vn -0.00993674 0.02843186 -0.99954641
vn 0.01041786 0.06949435 -0.99752796
vn 0.02772753 0.07272793 -0.99696636
vn 0.02589395 0.03295698 -0.99912131
vn 0.00973698 0.02842490 -0.99954861
vn 0.02377389 0.01372914 -0.99962312
vn 0.00894882 0.00922579 -0.99991739
vn -0.00008013 0.00770649 -0.99997038
vn -0.00914525 0.00926194 -0.99991536
vn -0.00820547 0.00209600 -0.99996424
vn -0.00813030 0.00021807 -0.99996698
vn -0.00006946 0.00167877 -0.99999863
vn -0.00006275 0.00020285 -1.00000000
vn -0.00840878 0.00406414 -0.99995643
vn -0.00007353 0.00311226 -0.99999523
vn 0.00822211 0.00400942 -0.99995816
vn 0.00802686 0.00204572 -0.99996579
vn 0.02181729 0.00669276 -0.99973965
vn 0.02128931 0.00316784 -0.99976844
vn 0.00796613 0.00020243 -0.99996829
vn 0.02111197 0.00021558 -0.99977714
vn -0.00606919 -0.02875419 -0.99956816
vn -0.00531277 -0.03327017 -0.99943233
vn -0.00004926 -0.02922371 -0.99957293
vn -0.00004813 -0.03375097 -0.99943036
vn -0.00711031 -0.02779725 -0.99958831
vn -0.00005144 -0.02825134 -0.99960089
vn 0.00697411 -0.02780398 -0.99958915
vn 0.00594033 -0.02875799 -0.99956882
vn 0.01848107 -0.02651214 -0.99947762
vn 0.01574714 -0.02741502 -0.99950010
vn 0.00518837 -0.03327327 -0.99943292
vn 0.01372103 -0.03189790 -0.99939698
vn -0.01548455 -0.96804827 -0.25028542
vn -0.01717231 -0.99094284 -0.13318202
vn -0.01334905 -0.91282177 -0.40813988
vn -0.00009968 -0.91113603 -0.41210592
vn -0.00010674 -0.96728730 -0.25368375
vn -0.00011333 -0.99080336 -0.13530965
vn -0.01101827 -0.79930544 -0.60082394
vn -0.00877772 -0.61565232 -0.78796917
vn -0.00008145 -0.61415136 -0.78918827
vn -0.00009154 -0.79703158 -0.60393757
vn 0.01077743 -0.79929602 -0.60084081
vn 0.01308474 -0.91280663 -0.40818268
vn 0.00856544 -0.61566585 -0.78796077
vn 0.02280530 -0.62005311 -0.78422844
vn 0.02870474 -0.80575824 -0.59154868
vn 0.03477273 -0.91735095 -0.39655808
vn 0.01519947 -0.96803993 -0.25033510
vn 0.01686815 -0.99094194 -0.13322720
vn 0.04029170 -0.96980882 -0.24051516
vn 0.04463929 -0.99087834 -0.12715168
vn -0.01906841 -0.99981028 -0.00399742
vn -0.01917510 -0.99981618 -0.00011394
vn -0.00013130 -0.99999160 -0.00410057
vn -0.00013595 -1.00000000 -0.00012453
vn 0.01871823 -0.99981678 -0.00401557
vn 0.01881449 -0.99982297 -0.00011863
vn 0.04949539 -0.99876732 -0.00375803
vn 0.04975256 -0.99876159 -0.00009780
vn 0.04976174 -0.99876118 -0.00002203
vn 0.01881814 -0.99982297 -0.00002662
vn 0.04976341 -0.99876106 -0.00000143
vn 0.01881869 -0.99982291 -0.00000108
vn -0.00013649 -1.00000000 -0.00000117
vn -0.00013650 -1.00000000 -0.00002789
vn 0.04976194 -0.99876118 0.00001869
vn 0.01881788 -0.99982297 0.00002370
vn 0.04975241 -0.99876165 0.00008554
vn 0.01881420 -0.99982303 0.00010605
vn -0.00013587 -1.00000000 0.00011213
vn -0.00013633 -1.00000000 0.00002554
vn -0.01917967 -0.99981612 0.00002257
vn -0.01918057 -0.99981606 -0.00000163
vn -0.01917494 -0.99981612 0.00010171
vn -0.01917970 -0.99981612 -0.00002531
vn -0.01822297 -0.99770367 0.06523408
vn -0.01717232 -0.99070549 0.13493627
vn -0.01891656 -0.99970657 0.01513659
vn -0.00012746 -0.99988085 0.01543772
vn -0.00011925 -0.99779665 0.06634672
vn -0.00011337 -0.99055809 0.13709351
vn -0.01906959 -0.99981016 0.00399411
vn -0.00013140 -0.99999166 0.00409896
vn 0.01871926 -0.99981672 0.00401257
vn 0.01857594 -0.99971259 0.01516214
vn 0.04949873 -0.99876714 0.00375132
vn 0.04911448 -0.99869013 0.01434890
vn 0.01790342 -0.99770707 0.06527050
vn 0.01686812 -0.99070472 0.13498065
vn 0.04734492 -0.99694443 0.06213100
vn 0.04463961 -0.99066317 0.12881675
vn -0.01110936 -0.80747265 0.58980054
vn -0.00891371 -0.62927687 0.77713019
vn -0.01338344 -0.91500437 0.40322202
vn -0.00009972 -0.91335231 0.40717024
vn -0.00009213 -0.80524206 0.59294629
vn -0.00008285 -0.62774706 0.77841741
vn -0.01549139 -0.96804440 0.25030005
vn -0.00010665 -0.96728224 0.25370303
vn 0.01520559 -0.96803617 0.25034928
vn 0.01311798 -0.91498959 0.40326443
vn 0.04030788 -0.96980858 0.24051343
vn 0.03485731 -0.91943365 0.39169729
vn 0.01086670 -0.80746394 0.58981687
vn 0.00869885 -0.62929249 0.77711987
vn 0.02893611 -0.81378931 0.58043921
vn 0.02315906 -0.63375932 0.77318352
vn -0.00610829 -0.02876949 0.99956739
vn -0.00715592 -0.02748268 0.99959671
vn -0.00004946 -0.02923934 0.99957246
vn -0.00005155 -0.02793237 0.99960983
vn -0.00534537 -0.03355182 0.99942273
vn -0.00004834 -0.03403471 0.99942064
vn 0.00522016 -0.03355523 0.99942321
vn 0.00597862 -0.02877332 0.99956816
vn 0.01380420 -0.03217456 0.99938703
vn 0.01584766 -0.02742936 0.99949813
vn 0.00701898 -0.02748898 0.99959755
vn 0.01859866 -0.02620904 0.99948353
vn -0.00817674 -0.00106413 0.99996603
vn -0.00818478 0.00023685 0.99996650
vn -0.00808568 -0.01532856 0.99984986
vn -0.00005613 -0.01558372 0.99987859
vn -0.00006163 -0.00108169 0.99999940
vn -0.00006297 0.00021844 1.00000000
vn -0.00787902 -0.02296537 0.99970526
vn -0.00005412 -0.02334338 0.99972761
vn 0.00773432 -0.02297836 0.99970615
vn 0.00793586 -0.01534763 0.99985081
vn 0.02048132 -0.02191970 0.99954998
vn 0.02101516 -0.01465578 0.99967182
vn 0.00801465 -0.00107806 0.99996734
vn 0.00801960 0.00022014 0.99996787
vn 0.02123345 -0.00105666 0.99977398
vn 0.02125263 0.00024074 0.99977410
vn -0.01001646 0.02844565 0.99954522
vn -0.01069940 0.06945731 0.99752754
vn -0.00008426 0.02689431 0.99963826
vn -0.00008472 0.06840180 0.99765795
vn -0.00921733 0.00929174 0.99991435
vn -0.00008039 0.00772392 0.99997026
vn 0.00901984 0.00925656 0.99991649
vn 0.00981613 0.02843921 0.99954742
vn 0.02395984 0.01379812 0.99961776
vn 0.02610130 0.03300899 0.99911427
vn 0.01050336 0.06949744 0.99752682
vn 0.02795229 0.07274926 0.99695855
vn 0.06926686 0.07863291 -0.99449438
vn 0.17622182 0.08721504 -0.98047918
vn 0.16964811 0.05156723 -0.98415470
vn 0.06538787 0.04088537 -0.99702203
vn 0.44796494 0.09774594 -0.88869184
vn 0.43976375 0.06395242 -0.89583367
vn 0.44796494 0.09774594 -0.88869184
vn 0.43976375 0.06395242 -0.89583367
vn 0.43025741 0.04326841 -0.90166873
vn 0.43025741 0.04326841 -0.90166873
vn 0.16185857 0.03168556 -0.98630512
vn 0.06086792 0.02150098 -0.99791431
vn 0.05551628 0.00508196 -0.99844491
vn 0.05513413 0.00023278 -0.99847901
vn 0.15246402 0.00751098 -0.98828053
vn 0.15184802 0.00022820 -0.98840386
vn 0.05664546 0.01129149 -0.99833053
vn 0.15442085 0.01723149 -0.98785490
vn 0.42157176 0.02399541 -0.90647763
vn 0.41928560 0.01027008 -0.90779632
vn 0.42157176 0.02399541 -0.90647763
vn 0.41928560 0.01027008 -0.90779632
vn 0.41871080 0.00020983 -0.90811962
vn 0.41871080 0.00020983 -0.90811962
vn 0.36356571 -0.02360857 -0.93126935
vn 0.38590905 -0.01997780 -0.92232049
vn 0.36356571 -0.02360857 -0.93126935
vn 0.11567493 -0.02656146 -0.99293190
vn 0.12770860 -0.02246590 -0.99155730
vn 0.38590905 -0.01997780 -0.92232049
vn 0.03802011 -0.02953620 -0.99884039
vn 0.04300229 -0.02516311 -0.99875808
vn 0.04921590 -0.02435179 -0.99849129
vn 0.14024410 -0.02177425 -0.98987752
vn 0.40327767 -0.01935452 -0.91487306
vn 0.40327767 -0.01935452 -0.91487306
vn 0.09526710 -0.97004640 -0.22345974
vn 0.10474881 -0.98761123 -0.11684106
vn 0.08282372 -0.92308599 -0.37556985
vn 0.19322585 -0.91858774 -0.34476140
vn 0.21853310 -0.95504111 -0.20034963
vn 0.23633640 -0.96614701 -0.10346534
vn 0.06887460 -0.81564850 -0.57443368
vn 0.05568480 -0.62630820 -0.77758425
vn 0.13667788 -0.62809694 -0.76603752
vn 0.16303128 -0.82065946 -0.54766685
vn 0.40044406 -0.77107918 -0.49505696
vn 0.46235719 -0.83526790 -0.29757917
vn 0.33585864 -0.59792161 -0.72779715
vn 0.40044406 -0.77107918 -0.49505696
vn 0.33585864 -0.59792161 -0.72779715
vn 0.67327344 -0.46162450 -0.57758605
vn 0.75527471 -0.52710879 -0.38950825
vn 0.46235719 -0.83526790 -0.29757917
vn 0.79751784 -0.55929226 -0.22618054
vn 0.49927986 -0.85014415 -0.16725637
vn 0.52228481 -0.84853697 -0.08487440
vn 0.49927986 -0.85014415 -0.16725637
vn 0.81633770 -0.56511301 -0.11933230
vn 0.52228481 -0.84853697 -0.08487440
vn 0.82556689 -0.56123179 -0.05880821
vn 0.11520457 -0.99333626 -0.00333549
vn 0.11576302 -0.99327695 -0.00006599
vn 0.25528139 -0.96686262 -0.00284452
vn 0.25630113 -0.96659702 -0.00003759
vn 0.54595071 -0.83781403 -0.00234209
vn 0.54725140 -0.83696830 -0.00003977
vn 0.54725140 -0.83696830 -0.00003977
vn 0.54595071 -0.83781403 -0.00234209
vn 0.83438081 -0.55118567 -0.00180089
vn 0.83489716 -0.55040598 -0.00007142
vn 0.83491927 -0.55037254 -0.00001496
vn 0.54729420 -0.83694029 -0.00000823
vn 0.83492309 -0.55036658 -0.00000055
vn 0.54730213 -0.83693516 -0.00000086
vn 0.54729420 -0.83694029 -0.00000823
vn 0.54730213 -0.83693516 -0.00000086
vn 0.25634354 -0.96658576 -0.00000101
vn 0.25633729 -0.96658748 -0.00000761
vn 0.83491838 -0.55037385 0.00001377
vn 0.54729468 -0.83694005 0.00000596
vn 0.83489567 -0.55040830 0.00006317
vn 0.54724932 -0.83696967 0.00002913
vn 0.54729468 -0.83694005 0.00000596
vn 0.54724932 -0.83696967 0.00002913
vn 0.25630051 -0.96659714 0.00002543
vn 0.25633678 -0.96658754 0.00000561
vn 0.11578361 -0.99327451 0.00001248
vn 0.11578730 -0.99327403 -0.00000076
vn 0.11576289 -0.99327689 0.00005364
vn 0.11578351 -0.99327451 -0.00001474
vn 0.11056369 -0.99224275 0.05683381
vn 0.10474870 -0.98743123 0.11835327
vn 0.11437602 -0.99335259 0.01299210
vn 0.25376239 -0.96720058 0.01130415
vn 0.24686918 -0.96775705 0.05002104
vn 0.23632587 -0.96600860 0.10477344
vn 0.11521135 -0.99333555 0.00332277
vn 0.25529259 -0.96685976 0.00282462
vn 0.54595834 -0.83780909 0.00231879
vn 0.54400831 -0.83902955 0.00918539
vn 0.54400831 -0.83902955 0.00918539
vn 0.54595834 -0.83780909 0.00231879
vn 0.83437806 -0.55118990 0.00178104
vn 0.83364242 -0.55226594 0.00653658
vn 0.53545982 -0.84357905 0.04071068
vn 0.52222908 -0.84846771 0.08590408
vn 0.53545982 -0.84357905 0.04071068
vn 0.83051968 -0.55627489 0.02820173
vn 0.52222908 -0.84846771 0.08590408
vn 0.82550603 -0.56125045 0.05947978
vn 0.06942330 -0.82338518 0.56322050
vn 0.05658972 -0.64010406 0.76620132
vn 0.08301199 -0.92497921 0.37084040
vn 0.19360721 -0.92016119 0.34032282
vn 0.16430998 -0.82775724 0.53648889
vn 0.13907117 -0.64175451 0.75419527
vn 0.09530123 -0.97004998 0.22342953
vn 0.21858516 -0.95504218 0.20028710
vn 0.49931836 -0.85013956 0.16716491
vn 0.46297088 -0.83628941 0.29373142
vn 0.49931836 -0.85013956 0.16716491
vn 0.81632882 -0.56514722 0.11923096
vn 0.46297088 -0.83628941 0.29373142
vn 0.79800957 -0.55976993 0.22324559
vn 0.40295035 -0.77653599 0.48437878
vn 0.34158880 -0.61019027 0.71483213
vn 0.40295035 -0.77653599 0.48437878
vn 0.75802529 -0.52968305 0.38057005
vn 0.34158880 -0.61019027 0.71483213
vn 0.68105334 -0.46831563 0.56289154
vn 0.04352039 -0.02517659 0.99873531
vn 0.04976890 -0.02406990 0.99847072
vn 0.13024832 -0.02248158 0.99122655
vn 0.14282602 -0.02152098 0.98951381
vn 0.03849067 -0.02980297 0.99881446
vn 0.11807676 -0.02681449 0.99264240
vn 0.37223116 -0.02381630 0.92783445
vn 0.39461577 -0.01997825 0.91862911
vn 0.39461577 -0.01997825 0.91862911
vn 0.37223116 -0.02381630 0.92783445
vn 0.41171113 -0.01911201 0.91111404
vn 0.41171113 -0.01911201 0.91111404
vn 0.05567867 -0.00103054 0.99844831
vn 0.05573793 0.00026981 0.99844545
vn 0.05518299 -0.01351561 0.99838477
vn 0.15336196 -0.01220632 0.98809475
vn 0.15432373 -0.00103800 0.98801988
vn 0.15449551 0.00027558 0.98799348
vn 0.05398143 -0.02015975 0.99833846
vn 0.15101714 -0.01808716 0.98836571
vn 0.42227584 -0.01612902 0.90632391
vn 0.42528224 -0.01100710 0.90499395
vn 0.42227584 -0.01612902 0.90632391
vn 0.42528224 -0.01100710 0.90499395
vn 0.42661175 -0.00109317 0.90443426
vn 0.42694935 0.00025632 0.90427548
vn 0.42661175 -0.00109317 0.90443426
vn 0.42694935 0.00025632 0.90427548
vn 0.06613842 0.04101139 0.99696732
vn 0.07005563 0.07870319 0.99443352
vn 0.17257884 0.05182926 0.98363119
vn 0.17922816 0.08740546 0.97991711
vn 0.06157157 0.02164010 0.99786812
vn 0.16469996 0.03194145 0.98582643
vn 0.43866977 0.04363418 0.89758843
vn 0.44825950 0.06434991 0.89158428
vn 0.44825950 0.06434991 0.89158428
vn 0.43866977 0.04363418 0.89758843
vn 0.45656377 0.09805023 0.88427138
vn 0.45656377 0.09805023 0.88427138
vn 0.99995130 -0.00075301 0.00984254
vn 0.98214340 0.00158352 0.18812723
vn 0.76651639 -0.00101044 -0.64222395
vn 0.91683435 -0.00088548 -0.39926696
vn 0.97795039 -0.00078834 -0.20883594
vn 0.99498814 -0.00075868 -0.09999108
vn 0.99892300 -0.00077861 -0.04639287
vn 0.02109576 -0.00103014 -0.99977702
vn 0.05508235 -0.00101369 -0.99848139
vn 0.15169357 -0.00102901 -0.98842704
vn 0.41839942 -0.00108213 -0.90826249
vn 0.41839942 -0.00108213 -0.90826249
vn -0.02144726 -0.00100315 -0.99976957
vn -0.00812348 -0.00103129 -0.99996650
vn -0.00006147 -0.00104625 -0.99999952
vn 0.00796216 -0.00104500 -0.99996775
vn -0.78350633 -0.00100430 -0.62138307
vn -0.43275702 -0.00105280 -0.90151000
vn -0.43275702 -0.00105280 -0.90151000
vn -0.15547843 -0.00098375 -0.98783886
vn -0.05612240 -0.00097380 -0.99842340
vn -0.99894434 -0.00078406 -0.04593115
vn -0.99516803 -0.00077277 -0.09818419
vn -0.97927207 -0.00080533 -0.20254786
vn -0.92307097 -0.00089401 -0.38462886
vn -0.98213983 0.00159131 0.18814611
vn -0.99995118 -0.00074515 0.00986310
vn 0.99990553 -0.01130337 0.00782775
vn 0.99322903 0.01682994 0.11494713
vn 0.99984467 -0.01659654 0.00593700
vn 0.99862152 0.00906688 0.05170041
vn 0.76622468 -0.01458919 -0.64240724
vn 0.91817856 -0.01405051 -0.39591765
vn 0.76648319 -0.01025892 -0.64218253
vn 0.91732395 -0.00980774 -0.39802083
vn 0.97819960 -0.01018647 -0.20741703
vn 0.97869974 -0.01476462 -0.20476553
vn 0.99503160 -0.01104863 -0.09894492
vn 0.99887949 -0.01193192 -0.04579736
vn 0.99515903 -0.01613209 -0.09694477
vn 0.99884933 -0.01746243 -0.04466725
vn 0.02035560 -0.02291430 -0.99953026
vn 0.05341208 -0.02108631 -0.99834991
vn 0.02088615 -0.01566379 -0.99965918
vn 0.05460573 -0.01446283 -0.99840331
vn 0.15076335 -0.01308099 -0.98848343
vn 0.14842704 -0.01893069 -0.98874217
vn 0.41709453 -0.01181147 -0.90878648
vn 0.41709453 -0.01181147 -0.90878648
vn 0.41404405 -0.01690202 -0.91009992
vn 0.41404405 -0.01690202 -0.91009992
vn -0.02067682 -0.02288632 -0.99952430
vn -0.00783032 -0.02399979 -0.99968129
vn -0.02121808 -0.01562344 -0.99965286
vn -0.00803577 -0.01637376 -0.99983376
vn -0.00005597 -0.01664251 -0.99986160
vn -0.00005412 -0.02439211 -0.99970257
vn 0.00788645 -0.01639337 -0.99983460
vn 0.00768607 -0.02401325 -0.99968219
vn -0.78329718 -0.01440419 -0.62148064
vn -0.42826670 -0.01682856 -0.90349579
vn -0.78344148 -0.01013298 -0.62138301
vn -0.43134937 -0.01173410 -0.90210873
vn -0.42826670 -0.01682856 -0.90349579
vn -0.43134937 -0.01173410 -0.90210873
vn -0.15447606 -0.01300334 -0.98791099
vn -0.15207729 -0.01887657 -0.98818833
vn -0.05560763 -0.01439881 -0.99834889
vn -0.05438695 -0.02104204 -0.99829823
vn -0.99886984 -0.01731400 -0.04426477
vn -0.99532670 -0.01600253 -0.09523094
vn -0.99890000 -0.01184036 -0.04537286
vn -0.99520457 -0.01097931 -0.09719804
vn -0.97949719 -0.01012286 -0.20120323
vn -0.97997814 -0.01463981 -0.19856603
vn -0.92351502 -0.00971762 -0.38343921
vn -0.92436439 -0.01389861 -0.38125759
vn -0.99861801 0.00928035 0.05172956
vn -0.99322194 0.01697374 0.11498732
vn -0.99990684 -0.01117348 0.00784743
vn -0.99984777 -0.01640597 0.00595275
vn 0.99995893 -0.00204860 -0.00884112
vn 0.99998862 0.00025802 0.00476888
vn 0.99996394 -0.00486171 -0.00696079
vn 0.99998695 0.00041822 0.00509559
vn 0.99971628 0.00280612 0.02365636
vn 0.99973440 0.00143177 0.02300631
vn 0.99878442 0.00537658 0.04899837
vn 0.99885929 0.00258139 0.04768069
vn 0.97810173 0.00685687 0.20801477
vn 0.91966730 0.00962513 0.39258072
vn 0.77529109 0.01150404 0.63149935
vn 0.99485004 0.00441502 0.10126180
vn 0.99457395 0.00960006 0.10358830
vn 0.97732711 0.01535595 0.21117738
vn 0.91822392 0.02192133 0.39545479
vn 0.77493995 0.02637097 0.63148463
vn 0.02198253 0.00678328 0.99973541
vn 0.05730307 0.01145515 0.99829113
vn 0.02144419 0.00328742 0.99976474
vn 0.05615109 0.00528679 0.99840832
vn 0.15517162 0.00781953 0.98785657
vn 0.15717182 0.01749820 0.98741627
vn 0.42760620 0.01065894 0.90390235
vn 0.42760620 0.01065894 0.90390235
vn 0.42993906 0.02434488 0.90252966
vn 0.42993906 0.02434488 0.90252966
vn -0.02236742 0.00686131 0.99972630
vn -0.00847280 0.00411063 0.99995565
vn -0.02182150 0.00338071 0.99975622
vn -0.00826540 0.00216756 0.99996352
vn -0.00006972 0.00173150 0.99999857
vn -0.00007382 0.00314412 0.99999505
vn 0.00808559 0.00211490 0.99996507
vn 0.00828480 0.00405700 0.99995750
vn -0.79172528 0.02575623 0.61033416
vn -0.44461948 0.02414705 0.89539415
vn -0.79200882 0.01121058 0.61040670
vn -0.44221723 0.01062636 0.89684510
vn -0.44461948 0.02414705 0.89539415
vn -0.44221723 0.01062636 0.89684510
vn -0.15908036 0.00790160 0.98723406
vn -0.16111480 0.01746785 0.98678106
vn -0.05723916 0.00539570 0.99834591
vn -0.05840208 0.01150713 0.99822682
vn -0.97943741 0.00662084 0.20164010
vn -0.99504262 0.00426520 0.09935813
vn -0.99888420 0.00249811 0.04716101
vn -0.92577648 0.00930705 0.37795690
vn -0.92443657 0.02131335 0.38073978
vn -0.97871017 0.01495266 0.20470206
vn -0.99477959 0.00937261 0.10161571
vn -0.99881214 0.00525898 0.04844183
vn -0.99998891 0.00024689 0.00470468
vn -0.99995863 -0.00205354 -0.00886442
vn -0.99974030 0.00139039 0.02274730
vn -0.99972290 0.00274774 0.02338069
vn -0.99998736 0.00040113 0.00502644
vn -0.99996376 -0.00487013 -0.00698458
vn 0.77966297 0.00000001 -0.62619948
vn 0.21135296 0.00000006 -0.97740978
vn 0.21135211 -0.00000005 -0.97741002
vn 0.77966309 -0.00000004 -0.62619936
vn 0.21135296 0.00000006 -0.97740978
vn 0.03473705 0.00000002 -0.99939650
vn 0.03473704 -0.00000002 -0.99939656
vn 0.21135211 -0.00000005 -0.97741002
vn 0.03473689 0.00000000 -0.99939650
vn 0.21135248 -0.00000000 -0.97740990
vn 0.21135248 -0.00000000 -0.97740990
vn 0.77966416 0.00000000 -0.62619787
vn 0.00428747 0.00000000 -0.99999082
vn 0.00428747 0.00000000 -0.99999088
vn 0.00000000 0.00000000 -1.00000000
vn 0.00000000 0.00000000 -1.00000000
vn 0.00000000 0.00000000 -1.00000000
vn 0.00428742 0.00000000 -0.99999088
vn 0.00428746 0.00000006 -0.99999082
vn 0.03473689 0.00000021 -0.99939650
vn 0.00000000 0.00000000 -1.00000000
vn 0.00000000 0.00000000 -1.00000000
vn 0.00428749 0.00000000 -0.99999082
vn 0.03473679 0.00000000 -0.99939656
vn 0.21135283 0.00000034 -0.97740990
vn 0.77966243 0.00000028 -0.62620008
vn 0.21135283 0.00000034 -0.97740990
vn 0.21135254 0.00000001 -0.97740990
vn 0.21135254 0.00000001 -0.97740990
vn 0.77966183 0.00000009 -0.62620097
vn 0.19588464 0.00000003 0.98062694
vn 0.03209149 0.00000000 0.99948502
vn 0.03209161 0.00000000 0.99948502
vn 0.19588278 -0.00000000 0.98062730
vn 0.75465125 0.00000004 0.65612614
vn 0.19588464 0.00000003 0.98062694
vn 0.19588278 -0.00000000 0.98062730
vn 0.75464976 0.00000000 0.65612787
vn 0.00396047 0.00000000 0.99999219
vn 0.00000000 0.00000000 1.00000000
vn 0.00000000 0.00000000 1.00000000
vn 0.00396052 0.00000000 0.99999219
vn 0.00396045 0.00000011 0.99999219
vn 0.03209158 0.00000028 0.99948502
vn 0.00000000 0.00000000 1.00000000
vn 0.00007063 0.00418269 0.99999124
vn 0.00413080 0.00386836 0.99998403
vn 0.03249381 0.00348576 0.99946594
vn 0.19588424 -0.00000021 0.98062712
vn 0.75464940 -0.00000067 0.65612817
vn 0.19588424 -0.00000021 0.98062712
vn 0.19690013 0.00320672 0.98041832
vn 0.19690013 0.00320672 0.98041832
vn 0.75487274 0.00286477 0.65586507
vn 0.77897567 0.03744688 -0.62593520
vn 0.77883625 0.02029485 -0.62689894
vn 0.18681380 0.02679703 -0.98202986
vn 0.22499298 0.05895607 -0.97257513
vn 0.77939636 0.00989740 -0.62645310
vn 0.20430276 0.01148075 -0.97884047
vn 0.18681380 0.02679703 -0.98202986
vn 0.20430276 0.01148075 -0.97884047
vn 0.03399246 0.01158033 -0.99935508
vn 0.03585561 0.02943039 -0.99892360
vn 0.22499298 0.05895607 -0.97257513
vn 0.04868928 0.07302807 -0.99614078
vn 0.77960545 0.00276520 -0.62626499
vn 0.20960808 0.00299660 -0.97778088
vn 0.20960808 0.00299660 -0.97778088
vn 0.03444228 0.00302398 -0.99940211
vn 0.00425894 0.00307797 -0.99998623
vn 0.00422529 0.01160258 -0.99992383
vn 0.00000000 0.00309051 -0.99999523
vn -0.00000000 0.01160495 -0.99993277
vn 0.00447618 0.02899521 -0.99956959
vn 0.00601471 0.07157571 -0.99741709
vn -0.00000000 0.02882323 -0.99958456
vn 0.00000000 0.07063439 -0.99750227
vn 0.75464898 0.00000000 0.65612882
vn 0.75461161 0.00270693 0.65616614
vn 0.19425821 0.00280901 0.98094648
vn 0.19588467 -0.00000000 0.98062700
vn 0.75445896 0.00959068 0.65627718
vn 0.18935046 0.01069741 0.98185140
vn 0.19425821 0.00280901 0.98094648
vn 0.18935046 0.01069741 0.98185140
vn 0.03140863 0.01074919 0.99944884
vn 0.03181788 0.00282555 0.99948978
vn 0.19588467 -0.00000000 0.98062700
vn 0.03209154 -0.00000000 0.99948496
vn 0.75405288 0.01959458 0.65652144
vn 0.17299914 0.02487147 0.98460788
vn 0.75405753 0.03619997 0.65581012
vn 0.20884711 0.05466928 0.97641915
vn 0.17299914 0.02487147 0.98460788
vn 0.20884711 0.05466928 0.97641915
vn 0.04501548 0.06750473 0.99670303
vn 0.03314002 0.02722620 0.99907988
vn 0.00413604 0.02682087 0.99963170
vn 0.00390410 0.01076828 0.99993449
vn 0.00555847 0.06614561 0.99779451
vn 0.00000000 0.06527355 0.99786747
vn 0.00000000 0.02666205 0.99964458
vn -0.00000000 0.01077038 0.99994206
vn 0.00393425 0.00287533 0.99998814
vn 0.00396033 -0.00000000 0.99999219
vn 0.00000000 0.00288686 0.99999589
vn 0.00000000 0.00000000 1.00000000
vn 0.75677931 0.05981673 0.65092796
vn 0.75614017 0.02060341 0.65408528
vn 0.20413262 0.02290233 0.97867531
vn 0.21780202 0.06672037 0.97370982
vn 0.21780202 0.06672037 0.97370982
vn 0.20413262 0.02290233 0.97867531
vn 0.03537648 0.02471893 0.99906838
vn 0.04101538 0.07164880 0.99658632
vn 0.00534917 0.02735404 0.99961150
vn 0.00057534 0.02954272 0.99956340
vn 0.00769843 0.07904547 0.99684131
vn 0.00154297 0.08524251 0.99635911
vn 0.77979428 0.00282977 -0.62602949
vn 0.78040612 0.02038320 -0.62494063
vn 0.21942496 0.02295262 -0.97535944
vn 0.21235006 0.00320838 -0.97718847
vn 0.21235006 0.00320838 -0.97718847
vn 0.21942496 0.02295262 -0.97535944
vn 0.03800527 0.02470719 -0.99897206
vn 0.03513596 0.00347740 -0.99937654
vn 0.77978802 0.05925346 -0.62323332
vn 0.23269615 0.06691252 -0.97024500
vn 0.23269615 0.06691252 -0.97024500
vn 0.04363197 0.07168298 -0.99647266
vn 0.00802290 0.07903711 -0.99683940
vn 0.00567368 0.02732459 -0.99961060
vn 0.00154273 0.08522751 -0.99636036
vn 0.00057505 0.02950869 -0.99956441
vn 0.00445744 0.00385635 -0.99998266
vn 0.00007078 0.00416957 -0.99999136
vn -0.99771804 0.06751550 0.00065051
vn -0.99994075 0.00866935 0.00658823
vn -0.99999428 0.00213759 0.00263950
vn -0.99778110 0.06657996 0.00017133
vn -0.99999899 0.00146428 -0.00000270
vn -0.99778801 0.06647606 0.00000049
vn -0.99874431 -0.04450920 0.02299861
vn -0.99770081 -0.06722604 0.00859850
vn -0.99747807 -0.07097641 -0.00001732
vn -0.99770468 -0.06716304 -0.00864008
vn -0.99999428 0.00214047 -0.00264558
vn -0.99874663 -0.04441827 -0.02307171
vn -0.99994075 0.00866391 -0.00659532
vn -0.99778134 0.06657674 -0.00017038
vn -0.99771863 0.06750803 -0.00064917
vn -0.99935460 0.02618169 0.02459822
vn -0.99989730 0.01049713 0.00975533
vn -0.99989349 0.01395471 0.00429543
vn -0.99949265 0.03053230 0.00906986
vn -0.99990886 0.01321771 0.00277347
vn -0.99989063 0.01472782 0.00141341
vn -0.99988443 0.01520963 -0.00001266
vn -0.99988991 0.01483780 -0.00003838
vn -0.99950010 0.03161842 -0.00014720
vn -0.99963146 0.02714405 0.00047874
vn -0.99962044 0.02755059 0.00028424
vn -0.99788505 0.06500442 0.00000008
vn -0.99788499 0.06500456 -0.00000007
vn -0.99788499 0.06500441 -0.00000000
vn -0.99961621 0.02770571 -0.00000340
vn -0.99962068 0.02753989 -0.00029065
vn -0.99989080 0.01470805 -0.00143725
vn -0.99788505 0.06500444 0.00000007
vn -0.99788499 0.06500448 -0.00000008
vn -0.99963200 0.02712229 -0.00048533
vn -0.99990922 0.01318112 -0.00279778
vn -0.99989361 0.01391536 -0.00438015
vn -0.99949533 0.03033438 -0.00943598
vn -0.99989712 0.01043034 -0.00984863
vn -0.99934638 0.02576582 -0.02535654
vn 0.00000000 1.00000000 -0.00000000
vn 0.06043914 0.99817199 0.00000000
vn 0.06043921 0.99817193 0.00000000
vn 0.00000000 1.00000000 -0.00000000
vn 0.44063488 0.89768654 0.00000005
vn 0.44063503 0.89768636 0.00000015
vn 0.44063488 0.89768648 -0.00000000
vn 0.06043921 0.99817199 -0.00000000
vn 0.00000000 1.00000000 0.00000000
vn 0.44063488 0.89768654 0.00000005
vn 0.95034188 0.31120792 0.00000004
vn 0.95034206 0.31120759 0.00000039
vn 0.44063503 0.89768636 0.00000015
vn 0.99838668 0.05678152 -0.00000000
vn 0.99838662 0.05678134 0.00000014
vn 0.99838668 0.05678114 0.00000000
vn 0.95034200 0.31120759 0.00000000
vn 0.44063488 0.89768648 -0.00000000
vn 0.95034200 0.31120750 -0.00000024
vn 0.44063491 0.89768642 -0.00000000
vn 0.99838668 0.05678128 -0.00000014
vn 0.99838662 0.05678143 0.00000000
vn 0.95034206 0.31120753 0.00000001
vn 0.44063506 0.89768636 0.00000000
vn 0.06043914 0.99817193 -0.00000000
vn 0.00000000 1.00000000 0.00000000
vn 0.44063491 0.89768642 -0.00000000
vn 0.44063506 0.89768636 0.00000000
vn 0.06043914 0.99817199 0.00000000
vn 0.00000000 1.00000000 -0.00000000
vn 0.99971676 0.02379782 0.00048223
vn 0.99970698 0.02420548 0.00027576
vn 0.99992543 0.01189779 0.00278238
vn 0.99990922 0.01340114 0.00139303
vn 0.99990392 0.01386874 -0.00001183
vn 0.99970341 0.02435447 -0.00000304
vn 0.99990064 0.01017335 0.00976145
vn 0.99989831 0.01360895 0.00428217
vn 0.99935448 0.02618242 0.02459836
vn 0.99949265 0.03053227 0.00906977
vn 0.99950010 0.03161835 -0.00014707
vn 0.99989539 0.01446849 -0.00003779
vn 0.99989837 0.01357066 -0.00436578
vn 0.99990952 0.01338349 -0.00141509
vn 0.99949527 0.03033478 -0.00943598
vn 0.99934638 0.02576536 -0.02535649
vn 0.99990046 0.01010846 -0.00985248
vn 0.99992567 0.01186556 -0.00280389
vn 0.99970722 0.02419623 -0.00028138
vn 0.99971718 0.02377901 -0.00048784
vn 0.99874431 -0.04450935 0.02299842
vn 0.99994075 0.00866921 0.00658807
vn 0.99999428 0.00213750 0.00263949
vn 0.99770081 -0.06722610 0.00859852
vn 0.99999899 0.00146410 -0.00000268
vn 0.99747807 -0.07097624 -0.00001742
vn 0.99771804 0.06751543 0.00065044
vn 0.99778110 0.06657956 0.00017134
vn 0.99778813 0.06647573 0.00000057
vn 0.99778140 0.06657635 -0.00017021
vn 0.99999428 0.00214046 -0.00264532
vn 0.99771863 0.06750766 -0.00064921
vn 0.99994075 0.00866402 -0.00659518
vn 0.99770474 -0.06716192 -0.00863978
vn 0.99874669 -0.04441774 -0.02307122
vn 0.99838674 0.05678117 -0.00000008
vn 0.95034194 0.31120771 -0.00000019
vn 0.44063511 0.89768642 -0.00000006
vn 0.44063511 0.89768642 -0.00000006
vn 0.06043920 0.99817199 0.00000000
vn 0.00000000 1.00000000 -0.00000000
vn 0.96422172 -0.00336396 0.26507610
vn 0.99985588 -0.00016294 0.01698316
vn 0.99987864 -0.00335781 0.01521332
vn 0.98082870 -0.05518904 0.18689412
vn 0.99989176 -0.00767469 0.01256118
vn 0.99239635 -0.08051310 0.09309836
vn 0.99997306 -0.00314772 0.00664723
vn -0.99985582 -0.00016269 0.01698318
vn -0.96422166 -0.00336339 0.26507610
vn -0.98082912 -0.05518932 0.18689154
vn -0.99987870 -0.00335777 0.01521351
vn -0.99239630 -0.08051413 0.09309788
vn -0.99989170 -0.00767574 0.01256123
vn -0.99997300 -0.00314771 0.00664723
vn -0.99993491 0.01136458 0.00108685
vn -0.99964374 0.02669116 0.00017522
vn -0.99788499 0.06500446 0.00000004
vn -0.99996740 0.00295062 0.00751657
vn -0.99998277 0.00455121 0.00372631
vn 0.99994934 0.01000726 0.00109964
vn 0.99998432 0.00418286 0.00373554
vn 0.99996740 0.00295156 0.00751660
vn 0.99972790 0.02332885 0.00018042
vn 0.99977374 0.02108378 0.00284620
vn 0.99763066 0.06879730 0.00039901
vn -0.99977374 0.02108380 0.00284620
vn -0.99763060 0.06879709 0.00039904
vn -0.73621923 0.00287157 -0.67673707
vn -0.73781228 0.02065914 -0.67468971
vn -0.95922065 0.01865283 -0.28204262
vn -0.96083981 0.00259384 -0.27709243
vn -0.99686927 0.01890150 -0.07677552
vn -0.99737400 0.00264684 -0.07237446
vn -0.73913068 0.06002330 -0.67088234
vn -0.95482439 0.05447026 -0.29213619
vn -0.99482101 0.05503569 -0.08545392
vn -0.99804693 0.05957171 -0.01880675
vn -0.99969178 0.02054127 -0.01394153
vn -0.99793845 0.06407391 -0.00367227
vn -0.99975395 0.02214275 -0.00136995
vn -0.99993056 0.00289144 -0.01142508
vn -0.99999511 0.00312504 -0.00016871
vn -1.00000000 0.00000000 0.00000000
vn -0.99993873 0.00000000 -0.01107244
vn -0.99993879 0.00000000 -0.01107244
vn -1.00000000 0.00000000 0.00000000
vn -0.99742186 0.00000000 -0.07176167
vn -0.99742186 0.00000001 -0.07176201
vn -0.99742174 0.00000001 -0.07176262
vn -0.99993873 0.00000000 -0.01107243
vn -1.00000000 0.00000000 0.00000000
vn -0.96103847 -0.00000002 -0.27641469
vn -0.96103853 -0.00000012 -0.27641439
vn -0.73595065 -0.00000003 -0.67703521
vn -0.73595065 -0.00000028 -0.67703521
vn -0.73595238 -0.00000019 -0.67703336
vn -0.96103895 -0.00000012 -0.27641341
vn -0.96103871 0.00000000 -0.27641371
vn -0.99742180 0.00000000 -0.07176182
vn -0.73595130 0.00000001 -0.67703450
vn -0.73595107 -0.00000001 -0.67703480
vn -0.96103859 0.00000000 -0.27641442
vn -0.99742180 0.00000000 -0.07176179
vn -0.99993879 0.00000000 -0.01107245
vn -1.00000000 0.00000000 0.00000000
vn -0.99993873 0.00000000 -0.01107244
vn -1.00000000 0.00000000 0.00000000
vn -0.73528808 0.04054778 -0.67654073
vn -0.73548800 0.02207304 -0.67717808
vn -0.96428138 0.02458925 -0.26373640
vn -0.94567090 0.05314965 -0.32075176
vn -0.73581213 0.01075974 -0.67710036
vn -0.96185505 0.01082633 -0.27334544
vn -0.99742287 0.01079560 -0.07093054
vn -0.99673080 0.02756948 -0.07594483
vn -0.99231035 0.06751080 -0.10374257
vn -0.73592293 0.00298943 -0.67705870
vn -0.96134651 0.00282484 -0.27532682
vn -0.99745154 0.00279112 -0.07129321
vn -0.99993551 0.00283070 -0.01100232
vn -0.99988300 0.01070704 -0.01092897
vn -0.99999601 0.00284295 0.00000000
vn -0.99994308 0.01067587 0.00000000
vn -0.99956888 0.02697168 -0.01160946
vn -0.99760008 0.06741518 -0.01579252
vn -0.99964833 0.02651766 -0.00000000
vn -0.99788505 0.06500444 0.00000000
vn 0.99838662 0.05678143 0.00000000
vn 0.99816889 0.05889535 -0.01379781
vn 0.94077408 0.33395821 -0.05844855
vn 0.95034206 0.31120750 -0.00000000
vn 0.99411595 0.05906393 -0.09080151
vn 0.86954945 0.31247947 -0.38241374
vn 0.30710903 0.65910733 -0.68648499
vn 0.41889745 0.89616835 -0.14631210
vn 0.44063511 0.89768636 0.00000000
vn 0.95771158 0.04698377 -0.28386819
vn 0.54326135 0.15636726 -0.82487357
vn 0.54326135 0.15636726 -0.82487357
vn 0.12014762 0.23154809 -0.96537566
vn 0.86954945 0.31247947 -0.38241374
vn 0.30710903 0.65910733 -0.68648499
vn 0.01403296 0.22555846 -0.97412860
vn 0.04001752 0.67880243 -0.73322976
vn 0.00000000 0.22089288 -0.97529811
vn -0.00000000 0.67117375 -0.74130011
vn 0.44063511 0.89768636 0.00000000
vn 0.41889745 0.89616835 -0.14631210
vn 0.05865732 0.98453748 -0.16506174
vn 0.06043913 0.99817199 0.00000000
vn 0.30710903 0.65910733 -0.68648499
vn 0.04001752 0.67880243 -0.73322976
vn -0.00000000 0.67117375 -0.74130011
vn 0.00000000 0.98585719 -0.16758788
vn 0.00000000 1.00000000 0.00000000
vn 1.00000000 0.00000000 0.00000000
vn 0.99995333 0.00000000 -0.00966708
vn 0.99995083 0.00247125 -0.00960546
vn 0.99999690 0.00248202 -0.00000000
vn 0.99803305 0.00000001 -0.06269019
vn 0.99805564 0.00243806 -0.06228253
vn 0.99803370 0.00943158 -0.06196743
vn 0.99991089 0.00934819 -0.00954108
vn 0.99995661 0.00932070 0.00000000
vn 0.96988875 0.00000007 -0.24354847
vn 0.97012532 0.00248885 -0.24259174
vn 0.97052389 0.00954536 -0.24081574
vn 0.97244680 0.02166948 -0.23211575
vn 0.99750459 0.02409264 -0.06636461
vn 0.99967128 0.02355094 -0.01013645
vn 0.99973196 0.02315346 -0.00000000
vn 0.96988875 0.00000013 -0.24354868
vn 0.99803305 0.00000002 -0.06269014
vn 0.99803311 -0.00000003 -0.06269017
vn 0.96988869 -0.00000005 -0.24354865
vn 0.99995333 0.00000000 -0.00966697
vn 1.00000000 0.00000000 0.00000000
vn 1.00000000 0.00000000 0.00000000
vn 0.99995327 0.00000000 -0.00966678
vn 0.99995327 0.00000000 -0.00966680
vn 0.99803311 -0.00000000 -0.06269014
vn 1.00000000 0.00000000 0.00000000
vn 1.00000000 0.00000000 0.00000000
vn 0.99995333 0.00000000 -0.00966679
vn 0.99803311 0.00000001 -0.06269013
vn 0.96988875 -0.00000002 -0.24354878
vn 0.96988851 0.00000001 -0.24354951
vn 0.99807370 0.05954410 -0.01741880
vn 0.99555218 0.05483259 -0.07661149
vn 0.99752110 0.01882944 -0.06780300
vn 0.99971050 0.02053193 -0.01254531
vn 0.99793845 0.06407373 -0.00367262
vn 0.99975395 0.02214272 -0.00137000
vn 0.96381605 0.05372529 -0.26109850
vn 0.96810627 0.01838152 -0.24986471
vn 0.96969306 0.00255473 -0.24431300
vn 0.99799001 0.00263631 -0.06331579
vn 0.99994564 0.00288987 -0.01002068
vn 0.99999511 0.00312508 -0.00016871
vn 0.99997157 -0.00325635 -0.00680139
vn 0.99977499 0.02101232 -0.00290859
vn 0.99972808 0.02331780 -0.00040790
vn 0.99999684 0.00243053 -0.00064528
vn 0.99763179 0.06878102 -0.00040705
vn 0.99763161 0.06878291 -0.00039270
vn 0.99775064 0.06701464 -0.00162150
vn 0.99973112 0.02318006 -0.00060385
vn 0.99999464 0.00327502 -0.00007403
vn 1.00000000 0.00000000 0.00000000
vn 1.00000000 0.00000000 0.00000000
vn 0.99999970 0.00035297 -0.00078832
vn 0.99999934 0.00038667 -0.00110430
vn 0.99999917 0.00030041 -0.00131809
vn 1.00000000 0.00000000 0.00000000
vn 0.99996591 0.00293309 -0.00773307
vn 0.99992311 0.00367073 -0.01184863
vn 0.99988800 0.00234115 -0.01478578
vn 0.99984926 0.00017019 -0.01736379
vn 0.99999905 0.00002220 -0.00143094
vn 0.99984783 -0.00017429 -0.01744841
vn 0.99999899 -0.00002278 -0.00143197
vn 1.00000000 0.00000000 0.00000000
vn 1.00000000 0.00000000 0.00000000
vn 0.99999607 0.00276972 -0.00043872
vn 0.99998403 0.00416728 -0.00383997
vn 0.99995524 0.00946844 -0.00015284
vn 0.99994963 0.00997408 -0.00113050
vn 0.99999696 0.00248200 -0.00000008
vn 0.99995655 0.00932073 -0.00000015
vn 0.99973202 0.02315348 -0.00000009
vn 0.99973130 0.02318445 -0.00002404
vn 0.99838668 0.05678120 -0.00000017
vn 0.99838668 0.05678109 0.00000000
vn 0.99972844 0.02330366 -0.00018628
vn 0.99838662 0.05678122 0.00000008
vn 0.95034218 0.31120721 0.00000000
vn 0.95034212 0.31120723 0.00000014
vn 0.44063517 0.89768636 0.00000000
vn 0.44063514 0.89768630 0.00000000
vn 0.95034212 0.31120712 -0.00000030
vn 0.44063494 0.89768642 0.00000000
vn 0.44063517 0.89768636 0.00000000
vn 0.44063494 0.89768642 0.00000000
vn 0.06043917 0.99817199 0.00000000
vn 0.06043918 0.99817193 0.00000000
vn 0.00000000 1.00000000 -0.00000000
vn 0.00000000 1.00000000 -0.00000000
vn 0.44063514 0.89768630 0.00000000
vn 0.06043920 0.99817199 0.00000000
vn 0.00000000 1.00000000 0.00000000
vn -1.00000000 0.00000000 0.00000000
vn -0.99999595 0.00284297 0.00000000
vn -0.99999970 0.00035414 -0.00078820
vn -0.99999499 0.00313169 -0.00043674
vn -0.99994147 0.01082128 -0.00015007
vn -0.99994302 0.01067599 0.00000015
vn -0.99996591 0.00293468 -0.00773315
vn -0.99998248 0.00453188 -0.00383108
vn -0.99993527 0.01132419 -0.00111804
vn -0.99964452 0.02666174 -0.00018120
vn -0.99964762 0.02654639 -0.00002284
vn -0.99788505 0.06500450 -0.00000004
vn -0.99788505 0.06500448 0.00000004
vn -0.99964839 0.02651771 0.00000023
vn -0.99788505 0.06500430 0.00000008
vn -0.99999934 0.00038645 -0.00110445
vn -0.99992311 0.00367066 -0.01184876
vn -0.99999911 0.00029892 -0.00131818
vn -0.99988800 0.00233914 -0.01478561
vn -1.00000000 0.00000000 0.00000000
vn -1.00000000 0.00000000 0.00000000
vn -1.00000000 0.00000000 0.00000000
vn -0.99999905 0.00002215 -0.00143094
vn -1.00000000 0.00000000 0.00000000
vn -0.99999905 -0.00002272 -0.00143197
vn -0.99984926 0.00017018 -0.01736372
vn -0.99984777 -0.00017418 -0.01744845
vn -0.99775070 0.06701460 -0.00162202
vn -0.99763155 0.06878342 -0.00039272
vn -0.99972808 0.02331803 -0.00040784
vn -0.99973112 0.02318029 -0.00060446
vn -0.99763167 0.06878152 -0.00040670
vn -0.99977505 0.02101252 -0.00290816
vn -0.99997163 -0.00325517 -0.00680100
vn -0.99999690 0.00243155 -0.00064509
vn -0.99999470 0.00327503 -0.00007448
vn 0.96492732 0.01854609 0.26186138
vn 0.96661127 0.00258101 0.25623456
vn 0.99744356 0.01888183 0.06891880
vn 0.99792302 0.00264835 0.06436405
vn 0.96042907 0.05415731 0.27320901
vn 0.99545002 0.05493760 0.07785349
vn 0.99807340 0.05958336 0.01730526
vn 0.99971080 0.02056522 0.01246457
vn 0.99793732 0.06409673 0.00359358
vn 0.99975336 0.02217256 0.00134146
vn 0.99994630 0.00290036 0.00995455
vn 0.99999511 0.00313546 0.00016525
vn 0.99995399 0.00000000 0.00960254
vn 0.99796730 -0.00000000 0.06372906
vn 0.99796724 -0.00000001 0.06372906
vn 0.99995399 0.00000000 0.00960250
vn 1.00000000 0.00000000 0.00000000
vn 1.00000000 0.00000000 0.00000000
vn 0.96681958 -0.00000002 0.25546032
vn 0.96681952 -0.00000002 0.25546044
vn 0.96681958 0.00000008 0.25546047
vn 0.99796724 -0.00000000 0.06372890
vn 0.99995393 0.00000000 0.00960253
vn 1.00000000 0.00000000 0.00000000
vn 0.97006923 0.02150798 0.24187407
vn 0.95445955 0.04642655 0.29470602
vn 0.96762323 0.00952684 0.25221905
vn 0.99797255 0.00947232 0.06293859
vn 0.99744081 0.02410790 0.06731034
vn 0.99401295 0.05897588 0.09197903
vn 0.96710157 0.00250288 0.25437853
vn 0.96681982 0.00000001 0.25545958
vn 0.99796730 0.00000001 0.06372906
vn 0.99799156 0.00246440 0.06329920
vn 0.99995142 0.00249923 0.00954106
vn 0.99991107 0.00939174 0.00947719
vn 0.99995399 0.00000000 0.00960282
vn 1.00000000 0.00000000 0.00000000
vn 0.99999684 0.00250994 0.00000000
vn 0.99995619 0.00936423 -0.00000000
vn 0.99967140 0.02357782 0.01006699
vn 0.99817127 0.05887868 0.01369675
vn 0.99973130 0.02318315 -0.00000000
vn 0.99838668 0.05678137 0.00000000
vn 0.52835447 0.14988533 0.83568889
vn 0.86809039 0.31071770 0.38713527
vn 0.52835447 0.14988533 0.83568889
vn 0.86809039 0.31071770 0.38713527
vn 0.30560586 0.65429980 0.69173467
vn 0.11529791 0.22130390 0.96836513
vn 0.94086945 0.33376008 0.05804316
vn 0.95034182 0.31120816 0.00000000
vn 0.44063455 0.89768660 -0.00000000
vn 0.41910917 0.89623332 0.14530510
vn 0.30560586 0.65429980 0.69173467
vn 0.30560586 0.65429980 0.69173467
vn 0.41910917 0.89623332 0.14530510
vn 0.05867579 0.98471820 0.16397321
vn 0.03968376 0.67296118 0.73861253
vn 0.44063455 0.89768660 -0.00000000
vn 0.06043914 0.99817199 0.00000000
vn 0.00000000 1.00000000 0.00000000
vn 0.00000004 0.98604071 0.16650459
vn 0.00000004 0.66507059 0.74678051
vn 0.01336649 0.21506141 0.97650915
vn 0.03968376 0.67296118 0.73861253
vn 0.00000004 0.66507059 0.74678051
vn 0.00000000 0.21042435 0.97761023
vn -1.00000000 0.00000000 0.00000000
vn -0.99993956 -0.00000000 0.01099883
vn -0.99993616 0.00286285 0.01092854
vn -0.99999589 0.00287508 0.00000000
vn -0.99733567 -0.00000001 0.07294945
vn -0.99736762 0.00282133 0.07245631
vn -0.99734277 0.01084178 0.07204218
vn -0.99988323 0.01075691 0.01085542
vn -0.99994254 0.01072571 0.00000000
vn -0.95712674 -0.00000001 0.28966954
vn -0.95749253 0.00283850 0.28844422
vn -0.70857173 0.00000000 0.70563883
vn -0.70856887 0.00291137 0.70563567
vn -0.70853078 0.01037754 0.70560360
vn -0.95815527 0.01079408 0.28604534
vn -0.96123457 0.02438636 0.27465186
vn -0.99664748 0.02758622 0.07702539
vn -0.70839947 0.02120850 0.70549303
vn -0.70803148 0.03899471 0.70510346
vn -0.94158095 0.05247260 0.33267424
vn -0.99217647 0.06740828 0.10508148
vn -0.99956888 0.02700245 0.01152928
vn -0.99964744 0.02655154 0.00000000
vn -0.99760318 0.06739662 0.01567665
vn -0.99788499 0.06500459 0.00000000
vn -0.95712692 0.00000014 0.28966907
vn -0.99733573 0.00000007 0.07294948
vn -0.99733561 0.00000000 0.07295033
vn -0.95712698 -0.00000000 0.28966868
vn -0.70857155 0.00000007 0.70563900
vn -0.70857078 0.00000000 0.70563984
vn -0.99993950 0.00000000 0.01099886
vn -1.00000000 0.00000000 0.00000000
vn -1.00000000 0.00000000 0.00000000
vn -0.99993956 -0.00000000 0.01099882
vn -0.99993956 -0.00000000 0.01099884
vn -0.99733573 0.00000000 0.07294961
vn -1.00000000 0.00000000 0.00000000
vn -0.99999511 0.00313548 0.00016525
vn -0.99993145 0.00290158 0.01134947
vn -0.99728644 0.00265873 0.07357123
vn -0.95712686 -0.00000013 0.28966925
vn -0.70857108 -0.00000039 0.70563942
vn -0.95691669 0.00262172 0.29035097
vn -0.70894241 0.00290009 0.70526046
vn -0.99804693 0.05960933 0.01868283
vn -0.99469543 0.05514256 0.08683570
vn -0.99677026 0.01895460 0.07803698
vn -0.99969244 0.02057431 0.01385079
vn -0.99793732 0.06409641 0.00359384
vn -0.99975330 0.02217258 0.00134147
vn -0.95063269 0.05490901 0.30542198
vn -0.71404016 0.06045071 0.69749004
vn -0.71127653 0.02082874 0.70260358
vn -0.95521158 0.01882115 0.29532474
vn 0.00021311 0.03083943 0.99952435
vn 0.00057128 0.08892228 0.99603844
vn -0.00000001 0.03129337 0.99951029
vn -0.00000008 0.09021491 0.99592239
vn 0.00002628 0.00436830 0.99999046
vn -0.00000000 0.00443309 0.99999022
vn -0.00002623 0.00436823 0.99999046
vn -0.00021274 0.03083889 0.99952435
vn -0.00007048 0.00418223 0.99999130
vn -0.00057287 0.02954034 0.99956352
vn -0.00057029 0.08892030 0.99603868
vn -0.00153574 0.08523527 0.99635977
vn 0.00000000 0.00000000 1.00000000
vn 0.00000000 0.00000000 1.00000000
vn 0.00000000 0.00000000 1.00000000
vn 0.00000000 0.00000000 1.00000000
vn 0.00000000 0.00000000 1.00000000
vn 0.00000000 0.00000000 1.00000000
vn 0.00000000 0.00000000 1.00000000
vn 0.00000000 0.00000000 1.00000000
vn 0.00000000 0.00000000 1.00000000
vn 0.00000000 0.00000000 1.00000000
vn 0.00000000 0.00000000 1.00000000
vn 0.00000000 0.00000000 1.00000000
vn 0.00000008 0.06527356 0.99786747
vn 0.00000006 0.02666198 0.99964458
vn -0.00000000 0.06527356 0.99786747
vn -0.00000000 0.02666190 0.99964458
vn 0.00000000 0.01077038 0.99994200
vn -0.00000000 0.01077038 0.99994206
vn -0.00000008 0.06527353 0.99786747
vn -0.00000006 0.02666197 0.99964458
vn 0.00000000 0.06527352 0.99786741
vn 0.00000000 0.02666205 0.99964458
vn -0.00000000 0.01077038 0.99994200
vn 0.00000000 0.01077038 0.99994206
vn -0.00000000 0.00288686 0.99999589
vn -0.00000000 0.00288686 0.99999589
vn 0.00000000 0.00288686 0.99999583
vn 0.00000000 0.00000000 1.00000000
vn 0.00000000 0.00000000 1.00000000
vn 0.00000000 0.00000000 1.00000000
vn 0.00000000 0.00288686 0.99999583
vn 0.00000000 0.00000000 1.00000000
vn 0.00000000 1.00000000 -0.00000030
vn 0.00000000 0.98604071 0.16650444
vn 0.00000000 1.00000000 -0.00000015
vn -0.00000003 0.98604083 0.16650400
vn -0.00000003 0.66507089 0.74678034
vn 0.00000000 0.66507053 0.74678063
vn 0.00000000 1.00000000 0.00000013
vn -0.00000000 0.98604071 0.16650446
vn 0.00000000 1.00000000 0.00000000
vn 0.00000004 0.98604077 0.16650453
vn 0.00000004 0.66507089 0.74678034
vn 0.00000000 0.66507107 0.74678010
vn -0.00000003 0.66507089 0.74678034
vn 0.00000000 0.66507107 0.74678010
vn 0.00000000 0.21042448 0.97761011
vn 0.00000000 0.21042459 0.97761011
vn 0.00000004 0.66507089 0.74678034
vn 0.00000000 0.21042429 0.97761017
vn 0.00000000 0.66507053 0.74678063
vn 0.00000000 0.21042441 0.97761011
vn 0.00000000 1.00000000 0.00000017
vn 0.00000000 1.00000000 0.00000005
vn 0.00000000 1.00000000 0.00000004
vn 0.00000000 1.00000000 0.00000011
vn 0.00000000 1.00000000 -0.00000012
vn 0.00000000 1.00000000 0.00000000
vn 0.00000000 1.00000000 0.00000000
vn 0.00000000 1.00000000 -0.00000006
vn 0.00000000 1.00000000 0.00000000
vn 0.00000000 1.00000000 0.00000000
vn 0.00000000 1.00000000 -0.00000002
vn 0.00000000 1.00000000 0.00000009
vn 0.00000000 1.00000000 0.00000018
vn 0.00000000 1.00000000 -0.00000000
vn 0.00000000 1.00000000 -0.00000002
vn 0.00000000 1.00000000 -0.00000009
vn 0.00000000 1.00000000 -0.00000008
vn 0.00000000 1.00000000 0.00000011
vn 0.00000000 1.00000000 0.00000003
vn 0.00000000 1.00000000 0.00000004
vn 0.00000000 1.00000000 0.00000020
vn 0.00000000 1.00000000 -0.00000000
vn 0.00000000 1.00000000 0.00000002
vn 0.00000000 1.00000000 0.00000000
vn 0.00000000 1.00000000 -0.00000030
vn 0.00000000 1.00000000 -0.00000024
vn 0.00000000 1.00000000 -0.00000016
vn 0.00000000 1.00000000 -0.00000018
vn 0.00000000 1.00000000 -0.00000005
vn 0.00000000 1.00000000 0.00000000
vn 0.00000000 1.00000000 0.00000013
vn 0.00000000 1.00000000 0.00000004
vn 0.00000000 1.00000000 0.00000000
vn 0.00000000 1.00000000 0.00000000
vn 0.00000000 1.00000000 -0.00000000
vn 0.00000000 1.00000000 -0.00000005
vn 0.00000000 1.00000000 0.00000000
vn 0.00000000 1.00000000 0.00000001
vn 0.00000000 1.00000000 0.00000001
vn 0.00000000 1.00000000 0.00000000
vn 0.00000000 0.07063445 -0.99750233
vn 0.00000000 0.22089264 -0.97529823
vn 0.00000000 0.07063445 -0.99750227
vn 0.00000000 0.22089243 -0.97529829
vn 0.00000003 0.67117411 -0.74129981
vn -0.00000003 0.67117381 -0.74130005
vn 0.00000000 0.07063435 -0.99750233
vn 0.00000000 0.22089249 -0.97529817
vn 0.00000000 0.07063429 -0.99750233
vn 0.00000000 0.22089271 -0.97529811
vn -0.00000004 0.67117399 -0.74129987
vn 0.00000003 0.67117423 -0.74129969
vn 0.00000003 0.67117411 -0.74129981
vn 0.00000003 0.67117423 -0.74129969
vn 0.00000003 0.98585719 -0.16758773
vn 0.00000003 0.98585731 -0.16758738
vn -0.00000004 0.67117399 -0.74129987
vn -0.00000004 0.98585719 -0.16758777
vn -0.00000003 0.67117381 -0.74130005
vn -0.00000003 0.98585725 -0.16758765
vn 0.00000000 0.00000000 -1.00000000
vn 0.00000000 0.00309047 -0.99999523
vn 0.00000000 0.00000000 -1.00000000
vn 0.00000000 0.00309044 -0.99999523
vn 0.00000000 0.01160487 -0.99993277
vn 0.00000011 0.01160491 -0.99993277
vn 0.00000000 0.00000000 -1.00000000
vn 0.00000000 0.00309047 -0.99999529
vn 0.00000000 0.00000000 -1.00000000
vn 0.00000000 0.00309051 -0.99999523
vn 0.00000000 0.01160495 -0.99993277
vn -0.00000011 0.01160490 -0.99993277
vn -0.00000012 0.02882337 -0.99958462
vn -0.00000000 0.02882348 -0.99958462
vn 0.00000000 0.02882324 -0.99958456
vn 0.00000012 0.02882337 -0.99958456
vn 0.00000000 0.00000000 -1.00000000
vn 0.00000000 0.00000000 -1.00000000
vn 0.00000000 0.00000000 -1.00000000
vn 0.00000000 0.00000000 -1.00000000
vn 0.00000000 0.00000000 -1.00000000
vn 0.00000000 0.00000000 -1.00000000
vn 0.00000000 0.00000000 -1.00000000
vn 0.00000000 0.00000000 -1.00000000
vn 0.00000000 0.00000000 -1.00000000
vn 0.00000000 0.00000000 -1.00000000
vn 0.00000000 0.00000000 -1.00000000
vn 0.00000000 0.00000000 -1.00000000
vn 0.00000000 0.00000000 -1.00000000
vn 0.00000000 0.00000000 -1.00000000
vn 0.00000000 0.00000000 -1.00000000
vn 0.00000000 0.00000000 -1.00000000
vn 0.00057125 0.08890631 -0.99603993
vn 0.00000007 0.09019911 -0.99592382
vn 0.00000000 0.03125722 -0.99951142
vn 0.00021291 0.03080382 -0.99952549
vn -0.00057026 0.08890514 -0.99603999
vn -0.00153584 0.08522056 -0.99636102
vn -0.00057249 0.02950623 -0.99956447
vn -0.00021254 0.03080331 -0.99952543
vn -0.00007045 0.00416925 -0.99999130
vn -0.00002615 0.00435467 -0.99999052
vn 0.00000000 0.00441933 -0.99999022
vn 0.00002620 0.00435474 -0.99999058
vn -0.00529098 0.02734717 0.99961197
vn -0.00761480 0.07902472 0.99684358
vn -0.03453792 0.02469451 0.99909824
vn -0.04004787 0.07157312 0.99663115
vn -0.00408582 0.00386710 0.99998420
vn -0.03172171 0.00348239 0.99949074
vn -0.18586047 0.00319003 0.98257107
vn -0.19274692 0.02277282 0.98098427
vn -0.19274692 0.02277282 0.98098427
vn -0.18586047 0.00319003 0.98257107
vn -0.20591652 0.06633526 0.97631860
vn -0.20591652 0.06633526 0.97631860
vn -0.00391732 0.00000000 0.99999243
vn -0.03132927 0.00000000 0.99950916
vn -0.03132939 0.00000000 0.99950922
vn -0.00391736 0.00000000 0.99999243
vn -0.18489681 0.00000002 0.98275793
vn -0.18489502 -0.00000000 0.98275834
vn -0.18489681 0.00000002 0.98275793
vn -0.18489502 -0.00000000 0.98275834
vn -0.18489638 0.00000018 0.98275805
vn -0.03132936 0.00000034 0.99950916
vn -0.18489638 0.00000018 0.98275805
vn -0.00391730 0.00000012 0.99999237
vn -0.00549867 0.06613634 0.99779546
vn -0.00409168 0.02681880 0.99963200
vn -0.04402630 0.06750386 0.99674720
vn -0.03240895 0.02722329 0.99910390
vn -0.03068571 0.01075157 0.99947131
vn -0.00386157 0.01076793 0.99993461
vn -0.19984919 0.05538973 0.97825986
vn -0.16512471 0.02512005 0.98595279
vn -0.19984919 0.05538973 0.97825986
vn -0.16512471 0.02512005 0.98595279
vn -0.17924412 0.01078099 0.98374563
vn -0.17924412 0.01078099 0.98374563
vn -0.18345329 0.00282645 0.98302436
vn -0.03106686 0.00282642 0.99951333
vn -0.18345329 0.00282645 0.98302436
vn -0.18489692 -0.00000000 0.98275799
vn -0.18489692 -0.00000000 0.98275799
vn -0.03132933 0.00000000 0.99950916
vn -0.00389119 0.00287524 0.99998832
vn -0.00391718 0.00000000 0.99999231
vn -0.05978305 0.99821138 0.00000000
vn -0.05805156 0.98475218 0.16399124
vn -0.43213415 0.90180933 0.00000000
vn -0.41129962 0.89975911 0.14582983
vn -0.29950872 0.65588236 0.69290185
vn -0.03925421 0.67291117 0.73868102
vn -0.43213415 0.90180933 0.00000000
vn -0.94453859 0.32840055 0.00000000
vn -0.93446451 0.35080719 0.06091460
vn -0.41129962 0.89975911 0.14582983
vn -0.85714924 0.32422277 0.40021852
vn -0.29950872 0.65588236 0.69290185
vn -0.29950872 0.65588236 0.69290185
vn -0.85714924 0.32422277 0.40021852
vn -0.51023161 0.15423360 0.84609443
vn -0.11257575 0.22146724 0.96864808
vn -0.51023161 0.15423360 0.84609443
vn -0.03925421 0.67291117 0.73868102
vn -0.01321734 0.21502320 0.97651953
vn -0.05978306 0.99821144 0.00000000
vn -0.43213439 0.90180933 -0.00000005
vn -0.43213463 0.90180922 0.00000005
vn -0.05978305 0.99821138 0.00000000
vn -0.94453877 0.32840019 -0.00000006
vn -0.94453871 0.32840022 0.00000005
vn -0.43213439 0.90180933 -0.00000005
vn -0.43213463 0.90180922 0.00000005
vn -0.94453865 0.32840055 -0.00000011
vn -0.43213445 0.90180928 -0.00000011
vn -0.43213448 0.90180922 0.00000000
vn -0.94453871 0.32840031 -0.00000000
vn -0.05978305 0.99821144 0.00000000
vn -0.43213445 0.90180928 -0.00000011
vn -0.05978304 0.99821138 0.00000000
vn -0.43213448 0.90180922 0.00000000
vn -0.05978304 0.99821138 0.00000000
vn -0.43213448 0.90180922 0.00000011
vn -0.05978304 0.99821138 0.00000000
vn -0.43213439 0.90180933 -0.00000010
vn -0.94453883 0.32839984 0.00000011
vn -0.43213448 0.90180922 0.00000011
vn -0.43213439 0.90180933 -0.00000010
vn -0.94453871 0.32840025 -0.00000009
vn -0.05978309 0.99821144 0.00000000
vn -0.05978301 0.99821138 -0.00000000
vn -0.43213442 0.90180928 0.00000000
vn -0.43213421 0.90180933 -0.00000005
vn -0.43213478 0.90180916 0.00000006
vn -0.05978305 0.99821144 -0.00000000
vn -0.43213442 0.90180928 0.00000000
vn -0.94453865 0.32840022 0.00000000
vn -0.94453883 0.32839975 -0.00000006
vn -0.43213421 0.90180933 -0.00000005
vn -0.94453865 0.32840052 0.00000005
vn -0.43213478 0.90180916 0.00000006
vn -0.94453853 0.32840070 0.00000003
vn -0.43213457 0.90180922 0.00000002
vn -0.43213457 0.90180922 0.00000002
vn -0.05978305 0.99821138 0.00000000
vn -0.00595023 0.07156575 -0.99741811
vn -0.01387730 0.22551969 -0.97413975
vn -0.04762010 0.07302824 -0.99619240
vn -0.11733533 0.23171920 -0.96568048
vn -0.30100474 0.66069919 -0.68765742
vn -0.03958536 0.67875403 -0.73329800
vn -0.21537298 0.05974955 -0.97470230
vn -0.52500355 0.16088611 -0.83575529
vn -0.21537298 0.05974955 -0.97470230
vn -0.52500355 0.16088611 -0.83575529
vn -0.85867089 0.32604012 -0.39545199
vn -0.85867089 0.32604012 -0.39545199
vn -0.30100474 0.66069919 -0.68765742
vn -0.93436301 0.35100296 -0.06134147
vn -0.41109437 0.89968854 -0.14684059
vn -0.03958536 0.67875403 -0.73329800
vn -0.05803347 0.98457140 -0.16507976
vn -0.30100474 0.66069919 -0.68765742
vn -0.41109437 0.89968854 -0.14684059
vn -0.00424078 0.00000000 -0.99999100
vn -0.00421262 0.00307793 -0.99998641
vn -0.03391188 -0.00000000 -0.99942487
vn -0.03362954 0.00302510 -0.99942982
vn -0.03321070 0.01158289 -0.99938136
vn -0.00417968 0.01160219 -0.99992406
vn -0.19956855 0.00000000 -0.97988397
vn -0.19801739 0.00301645 -0.98019391
vn -0.19956855 0.00000000 -0.97988397
vn -0.19801739 0.00301645 -0.98019391
vn -0.19345665 0.01157522 -0.98104054
vn -0.19345665 0.01157522 -0.98104054
vn -0.17833038 0.02707194 -0.98359829
vn -0.03506531 0.02942719 -0.99895179
vn -0.17833038 0.02707194 -0.98359829
vn -0.00442828 0.02899289 -0.99956983
vn -0.00424076 0.00000000 -0.99999106
vn -0.00424076 0.00000000 -0.99999100
vn -0.03391213 0.00000002 -0.99942487
vn -0.03391211 -0.00000002 -0.99942482
vn -0.03391202 0.00000000 -0.99942482
vn -0.00424071 0.00000000 -0.99999106
vn -0.19956869 0.00000005 -0.97988385
vn -0.19956799 -0.00000004 -0.97988403
vn -0.19956869 0.00000005 -0.97988385
vn -0.19956799 -0.00000004 -0.97988403
vn -0.19956835 -0.00000000 -0.97988397
vn -0.19956835 -0.00000000 -0.97988397
vn -0.19956852 0.00000018 -0.97988391
vn -0.03391196 0.00000019 -0.99942487
vn -0.19956852 0.00000018 -0.97988391
vn -0.00424075 0.00000005 -0.99999100
vn -0.00793574 0.07901596 -0.99684185
vn -0.04260245 0.07160593 -0.99652278
vn -0.03710490 0.02468201 -0.99900657
vn -0.00561196 0.02731733 -0.99961102
vn -0.22008167 0.06652927 -0.97321016
vn -0.20725948 0.02282324 -0.97801977
vn -0.22008167 0.06652927 -0.97321016
vn -0.20725948 0.02282324 -0.97801977
vn -0.20051551 0.00319163 -0.97968543
vn -0.20051551 0.00319163 -0.97968543
vn -0.03430188 0.00347423 -0.99940556
vn -0.00440889 0.00385544 -0.99998283
vn -0.99985713 0.00016109 0.01690489
vn -0.96454948 0.00334036 0.26388112
vn -0.99733573 -0.00000007 0.07294950
vn -0.99993950 -0.00000000 0.01099886
vn -1.00000000 0.00000000 0.00000000
vn -0.70857155 -0.00000002 0.70563900
vn -0.95712698 -0.00000010 0.28966871
vn -0.03132929 0.00000000 0.99950916
vn -0.18489653 -0.00000002 0.98275799
vn -0.18489653 -0.00000002 0.98275799
vn 0.00000000 0.00000000 1.00000000
vn -0.00391731 0.00000000 0.99999237
vn 0.00000000 0.00000000 1.00000000
vn 0.00000000 0.00000000 1.00000000
vn 0.00000000 0.00000000 1.00000000
vn 0.00000000 0.00000000 1.00000000
vn 0.03209150 0.00000000 0.99948502
vn 0.00396046 0.00000000 0.99999219
vn 0.75465131 -0.00000004 0.65612620
vn 0.19588433 -0.00000003 0.98062706
vn 0.19588433 -0.00000003 0.98062706
vn 0.99796724 0.00000000 0.06372906
vn 0.96681970 0.00000002 0.25546002
vn 1.00000000 0.00000000 0.00000000
vn 0.99995399 0.00000000 0.00960254
vn 0.96454954 0.00334019 0.26388106
vn 0.99985719 0.00016108 0.01690494
vn -0.99614966 0.04246206 0.07670049
vn -0.99992746 0.00379337 0.01143779
vn -0.98501533 0.04323614 0.16695955
vn -0.99989551 0.00246856 0.01425058
vn -0.95712680 -0.00000004 0.28966933
vn -0.70857179 0.00000004 0.70563883
vn -0.99733567 -0.00000000 0.07294971
vn -0.99733561 -0.00000000 0.07295036
vn -0.95712686 -0.00000000 0.28966910
vn -0.70857149 0.00000000 0.70563912
vn -0.99993956 0.00000000 0.01099885
vn -1.00000000 0.00000000 0.00000000
vn -1.00000000 0.00000000 0.00000000
vn -0.99993950 -0.00000000 0.01099882
vn -0.00391721 -0.00000006 0.99999237
vn 0.00000000 0.00000000 1.00000000
vn -0.03132935 -0.00000016 0.99950916
vn -0.03132939 0.00000000 0.99950910
vn -0.00391729 0.00000000 0.99999243
vn 0.00000000 0.00000000 1.00000000
vn -0.18489696 -0.00000008 0.98275799
vn -0.18489696 -0.00000008 0.98275799
vn -0.18489635 0.00000000 0.98275810
vn -0.18489635 0.00000000 0.98275810
vn 0.00000000 0.00000000 1.00000000
vn 0.00000000 0.00000000 1.00000000
vn 0.00000000 0.00000000 1.00000000
vn 0.00000000 0.00000000 1.00000000
vn 0.00000000 0.00000000 1.00000000
vn 0.00000000 0.00000000 1.00000000
vn 0.00000000 0.00000000 1.00000000
vn 0.00000000 0.00000000 1.00000000
vn 0.19588482 0.00000010 0.98062694
vn 0.75464886 0.00000031 0.65612900
vn 0.03209160 -0.00000013 0.99948496
vn 0.19588482 0.00000010 0.98062694
vn 0.03209162 0.00000000 0.99948496
vn 0.19588435 0.00000000 0.98062700
vn 0.19588435 0.00000000 0.98062700
vn 0.75465012 -0.00000000 0.65612739
vn 0.00396036 -0.00000005 0.99999219
vn 0.00396044 0.00000000 0.99999219
vn 0.99995393 0.00000000 0.00960272
vn 1.00000000 0.00000000 0.00000000
vn 0.99796724 0.00000000 0.06372896
vn 0.99796730 -0.00000001 0.06372905
vn 0.99995399 0.00000000 0.00960252
vn 1.00000000 0.00000000 0.00000000
vn 0.96681964 -0.00000004 0.25545996
vn 0.96681947 -0.00000001 0.25546056
vn 0.99992740 0.00379343 0.01143781
vn 0.99614954 0.04246328 0.07670128
vn 0.99989551 0.00246874 0.01425072
vn 0.98501533 0.04323732 0.16695917
vn -0.99999899 -0.00046723 -0.00133470
vn -0.99987215 -0.00348900 -0.01560875
vn -1.00000000 0.00000000 0.00000000
vn -1.00000000 0.00000000 0.00000000
vn -1.00000000 0.00000000 0.00000000
vn -0.99999905 -0.00087182 -0.00112887
vn -1.00000000 0.00000000 0.00000000
vn -0.99988645 -0.00783011 -0.01287663
vn -0.73595178 0.00000041 -0.67703402
vn -0.96103889 0.00000030 -0.27641332
vn -0.99742174 0.00000000 -0.07176259
vn -0.73595154 0.00000063 -0.67703432
vn -0.96103859 0.00000029 -0.27641416
vn -0.99742180 0.00000000 -0.07176217
vn -0.99993873 0.00000000 -0.01107245
vn -0.99993879 0.00000000 -0.01107243
vn -0.00424075 -0.00000012 -0.99999100
vn 0.00000000 0.00000000 -1.00000000
vn -0.03391183 -0.00000044 -0.99942487
vn -0.03391182 -0.00000000 -0.99942487
vn -0.00424068 0.00000000 -0.99999106
vn 0.00000000 0.00000000 -1.00000000
vn -0.19956797 -0.00000040 -0.97988397
vn -0.19956797 -0.00000040 -0.97988397
vn -0.19956808 -0.00000000 -0.97988403
vn -0.19956808 -0.00000000 -0.97988403
vn 0.00000000 0.00000000 -1.00000000
vn 0.00000000 0.00000000 -1.00000000
vn 0.00000000 0.00000000 -1.00000000
vn 0.00000000 0.00000000 -1.00000000
vn 0.00000000 0.00000000 -1.00000000
vn 0.00000000 0.00000000 -1.00000000
vn 0.00000000 0.00000000 -1.00000000
vn 0.00000000 0.00000000 -1.00000000
vn 0.21135226 -0.00000077 -0.97741002
vn 0.77966297 -0.00000032 -0.62619936
vn 0.03473672 -0.00000048 -0.99939650
vn 0.21135226 -0.00000077 -0.97741002
vn 0.03473673 -0.00000002 -0.99939650
vn 0.21135268 -0.00000005 -0.97740996
vn 0.21135268 -0.00000005 -0.97740996
vn 0.77966326 -0.00000000 -0.62619913
vn 0.00428747 -0.00000013 -0.99999088
vn 0.00428739 0.00000000 -0.99999082
vn 1.00000000 0.00000000 0.00000000
vn 0.99995327 0.00000000 -0.00966678
vn 0.99803311 0.00000000 -0.06269014
vn 1.00000000 0.00000000 0.00000000
vn 0.99995333 0.00000000 -0.00966695
vn 0.99803305 0.00000000 -0.06269024
vn 0.96988881 0.00000000 -0.24354851
vn 0.96988863 0.00000000 -0.24354893
vn 0.99987221 -0.00348713 -0.01560841
vn 0.99999899 -0.00046602 -0.00133477
vn 0.99988645 -0.00783059 -0.01287677
vn 0.99999899 -0.00087237 -0.00112910
vn 1.00000000 0.00000000 0.00000000
vn 1.00000000 0.00000000 0.00000000
vn 0.24511541 0.18752193 0.95118552
vn 0.75209945 0.16672388 0.63761252
vn 0.05318760 0.20042089 0.97826505
vn 0.24511541 0.18752193 0.95118552
vn 0.24511541 0.18752193 0.95118552
vn 0.05318760 0.20042089 0.97826505
vn 0.06362492 0.35569710 0.93243313
vn 0.26380956 0.33717087 0.90372592
vn 0.75209945 0.16672388 0.63761252
vn 0.73086512 0.30103254 0.61254847
vn 0.01296668 0.21956366 0.97551209
vn 0.00374701 0.23560362 0.97184205
vn 0.01296668 0.21956366 0.97551209
vn 0.00374701 0.23560362 0.97184205
vn 0.00574706 0.40779376 0.91305602
vn 0.01769488 0.38405269 0.92314160
vn 0.02022663 0.77534062 0.63121927
vn 0.06352299 0.75404727 0.65374118
vn 0.00717622 0.79363966 0.60834587
vn 0.22792183 0.74453276 0.62747324
vn 0.55259031 0.70186394 0.44947866
vn 0.01328334 0.21955520 -0.97550970
vn 0.00374708 0.23559184 -0.97184491
vn 0.05572626 0.20050755 -0.97810602
vn 0.01328334 0.21955520 -0.97550970
vn 0.05572626 0.20050755 -0.97810602
vn 0.06602909 0.35572585 -0.93225491
vn 0.01800017 0.38397542 -0.92316782
vn 0.00374708 0.23559184 -0.97184491
vn 0.00575032 0.40774283 -0.91307873
vn 0.25903255 0.18793388 -0.94740868
vn 0.77257460 0.16535768 -0.61301333
vn 0.25903255 0.18793388 -0.94740868
vn 0.25903255 0.18793388 -0.94740868
vn 0.77257460 0.16535768 -0.61301333
vn 0.74902868 0.29881406 -0.59132576
vn 0.27639231 0.33756959 -0.89980781
vn 0.23627532 0.74432939 -0.62461811
vn 0.06524815 0.75378859 -0.65386963
vn 0.56586277 0.69876051 -0.43764502
vn 0.02047094 0.77510059 -0.63150620
vn 0.00719422 0.79350448 -0.60852194
vn -0.98109770 0.19351354 0.00000033
vn -0.98109859 0.19350904 0.00000105
vn -0.98109746 0.19351465 -0.00000011
vn -0.98109770 0.19351354 0.00000033
vn -0.98109746 0.19351465 -0.00000011
vn -0.93967468 0.34206957 -0.00000023
vn -0.93967754 0.34206158 0.00000220
vn -0.98109859 0.19350904 0.00000105
vn -0.93969041 0.34202617 0.00000941
vn -0.98109746 0.19351421 -0.00000033
vn -0.98109853 0.19350933 -0.00000099
vn -0.98109746 0.19351421 -0.00000033
vn -0.98109853 0.19350933 -0.00000099
vn -0.93969065 0.34202582 -0.00000932
vn -0.93967700 0.34206322 -0.00000220
vn -0.67464912 0.73813862 -0.00003579
vn -0.67460334 0.73818046 -0.00000039
vn -0.67496473 0.73785007 -0.00015799
vn -0.67464972 0.73813808 0.00003467
vn -0.67495728 0.73785681 0.00015468
vn -0.95000142 -0.31085423 -0.02944542
vn -0.94842172 -0.30728865 -0.07791089
vn -0.95122612 -0.30849481 -0.00010856
vn -0.21696359 -0.97617960 -0.00042795
vn -0.21500017 -0.97429538 -0.06725782
vn -0.20772079 -0.96083713 -0.18342356
vn -0.94987005 -0.31128269 0.02915624
vn -0.94814157 -0.30829331 0.07734833
vn -0.20704097 -0.96145773 0.18092318
vn -0.21468320 -0.97444516 0.06609000
vn -0.21468320 -0.97444516 0.06609000
vn -0.20704097 -0.96145773 0.18092318
vn 0.15487258 -0.97170639 0.17832913
vn 0.15669444 -0.98548031 0.06538712
vn -0.21696359 -0.97617960 -0.00042795
vn 0.15683499 -0.98762476 -0.00043295
vn -0.21500017 -0.97429538 -0.06725782
vn 0.15691492 -0.98536688 -0.06655784
vn -0.20772079 -0.96083713 -0.18342356
vn 0.15535593 -0.97116923 -0.18081744
vn -0.99525970 0.09591540 0.01608038
vn -0.99271578 0.11090576 0.04706715
vn -0.99589407 0.09052562 -0.00056991
vn -0.60153294 0.79882365 -0.00624766
vn -0.57529271 0.81644851 0.04949935
vn -0.50259978 0.85280120 0.14185762
vn -0.99530786 0.09511667 -0.01775678
vn -0.99272132 0.10878227 -0.05168081
vn -0.50782430 0.84212434 -0.18149701
vn -0.57847530 0.81294990 -0.06692374
vn -0.57847530 0.81294990 -0.06692374
vn -0.50782430 0.84212434 -0.18149701
vn 0.46124747 0.86701125 -0.18852703
vn 0.52634597 0.84734577 -0.07046331
vn -0.60153294 0.79882365 -0.00624766
vn 0.54779905 0.83658403 -0.00659100
vn -0.57529271 0.81644851 0.04949935
vn 0.52397257 0.85013413 0.05220080
vn -0.50259978 0.85280120 0.14185762
vn 0.45838416 0.87647516 0.14722532
vn 0.99530792 0.09511550 -0.01775674
vn 0.99272120 0.10878245 -0.05168158
vn 0.99589401 0.09052560 -0.00056970
vn 0.60156047 0.79880291 -0.00624761
vn 0.57850438 0.81292957 -0.06692083
vn 0.50785452 0.84210789 -0.18148921
vn 0.99525952 0.09591693 0.01607999
vn 0.99271566 0.11090667 0.04706722
vn 0.50263083 0.85278368 0.14185284
vn 0.57532156 0.81642830 0.04949739
vn 0.57532156 0.81642830 0.04949739
vn 0.50263083 0.85278368 0.14185284
vn -0.45795509 0.87669742 0.14723739
vn -0.52348363 0.85043466 0.05220803
vn 0.60156047 0.79880291 -0.00624761
vn -0.54729241 0.83691543 -0.00659340
vn 0.57850438 0.81292957 -0.06692083
vn -0.52585751 0.84764802 -0.07047582
vn 0.50785452 0.84210789 -0.18148921
vn -0.46082318 0.86723250 -0.18854712
vn 0.94987017 -0.31128246 0.02915614
vn 0.94814217 -0.30829147 0.07734839
vn 0.95122623 -0.30849451 -0.00010885
vn 0.21696188 -0.97618008 -0.00042832
vn 0.21468042 -0.97444576 0.06608969
vn 0.20703731 -0.96145880 0.18092191
vn 0.95000190 -0.31085277 -0.02944560
vn 0.94842231 -0.30728701 -0.07790965
vn 0.20771994 -0.96083742 -0.18342330
vn 0.21499904 -0.97429550 -0.06725837
vn 0.21499904 -0.97429550 -0.06725837
vn 0.20771994 -0.96083742 -0.18342330
vn -0.15535624 -0.97116929 -0.18081705
vn -0.15691458 -0.98536682 -0.06655847
vn 0.21696188 -0.97618008 -0.00042832
vn -0.15683605 -0.98762465 -0.00043324
vn 0.21468042 -0.97444576 0.06608969
vn -0.15669747 -0.98547983 0.06538687
vn 0.20703731 -0.96145880 0.18092191
vn -0.15487602 -0.97170603 0.17832780
vn 0.98109770 0.19351307 -0.00000033
vn 0.98109865 0.19350852 -0.00000105
vn 0.98109758 0.19351389 0.00000000
vn 0.98109770 0.19351307 -0.00000033
vn 0.98109758 0.19351389 0.00000000
vn 0.93967479 0.34206915 -0.00000023
vn 0.93967730 0.34206226 -0.00000220
vn 0.98109865 0.19350852 -0.00000105
vn 0.93969089 0.34202498 -0.00000932
vn 0.98109752 0.19351391 0.00000033
vn 0.98109847 0.19350956 0.00000099
vn 0.98109752 0.19351391 0.00000033
vn 0.98109847 0.19350956 0.00000099
vn 0.93969107 0.34202448 0.00000949
vn 0.93967772 0.34206116 0.00000228
vn 0.67464930 0.73813844 0.00003503
vn 0.67460304 0.73818070 -0.00000039
vn 0.67495835 0.73785585 0.00015561
vn 0.67464972 0.73813808 -0.00003551
vn 0.67496437 0.73785037 -0.00015775
vn 0.76945674 -0.26281029 0.58212304
vn 0.59591460 -0.01476425 0.80291218
vn 0.59591460 -0.01476425 0.80291218
vn 0.76945674 -0.26281029 0.58212304
vn 0.09903730 -0.48517704 0.86878932
vn 0.05445371 -0.02120386 0.99829113
vn 0.91676098 -0.32418105 0.23335834
vn 0.16879359 -0.86852717 0.46601439
vn 0.09903730 -0.48517704 0.86878932
vn 0.16879359 -0.86852717 0.46601439
vn -0.12729609 -0.87652922 0.46421149
vn 0.09903730 -0.48517704 0.86878932
vn -0.07343721 -0.48710054 0.87025285
vn -0.07343721 -0.48710054 0.87025285
vn -0.03930464 -0.02128424 0.99900055
vn -0.91676170 -0.32418031 0.23335658
vn -0.76946205 -0.26280907 0.58211643
vn -0.09903833 -0.48517647 0.86878949
vn -0.16879582 -0.86852676 0.46601430
vn -0.59591699 -0.01476410 0.80291039
vn -0.76946205 -0.26280907 0.58211643
vn -0.59591699 -0.01476410 0.80291039
vn -0.05445380 -0.02120379 0.99829119
vn -0.09903833 -0.48517647 0.86878949
vn 0.03930714 -0.02128405 0.99900055
vn 0.07344025 -0.48710135 0.87025219
vn -0.16879582 -0.86852676 0.46601430
vn -0.09903833 -0.48517647 0.86878949
vn 0.07344025 -0.48710135 0.87025219
vn 0.12729517 -0.87652975 0.46421087
vn 0.98120922 0.19294706 0.00020402
vn 0.98120922 0.19294706 0.00020402
vn 0.94011760 0.34085023 0.00035426
vn 0.67917472 0.73397583 0.00112677
vn -0.98120922 0.19294688 0.00020416
vn -0.98120922 0.19294688 0.00020416
vn -0.94011843 0.34084791 0.00035453
vn -0.67918473 0.73396659 0.00112841
vn -0.98548019 0.16717544 -0.02968523
vn -0.98379648 0.17906472 -0.00897074
vn -0.98239607 0.15540521 -0.10366964
vn -0.98548019 0.16717544 -0.02968523
vn -0.98239607 0.15540521 -0.10366964
vn -0.95198286 0.28191301 -0.11938912
vn -0.95320791 0.29967692 -0.03985494
vn -0.98379648 0.17906472 -0.00897074
vn -0.94789463 0.31827283 -0.01407639
vn -0.93824160 0.15388663 -0.30987364
vn -0.73592222 0.16738695 -0.65604883
vn -0.93824160 0.15388663 -0.30987364
vn -0.73592222 0.16738695 -0.65604883
vn -0.71629989 0.30191526 -0.62909597
vn -0.90473747 0.28083658 -0.32028267
vn -0.68560272 0.67644376 -0.26902190
vn -0.73220915 0.67044896 -0.11986678
vn -0.54370415 0.70152652 -0.46070197
vn -0.72633135 0.68562245 -0.04862776
vn -0.70941997 0.70449799 -0.02014934
vn 0.94741005 0.15209928 -0.28156716
vn 0.98332483 0.15492275 -0.09524372
vn 0.94741005 0.15209928 -0.28156716
vn 0.98332483 0.15492275 -0.09524372
vn 0.95313203 0.28126332 -0.11149102
vn 0.91407776 0.27824655 -0.29502642
vn 0.77257460 0.16535768 -0.61301333
vn 0.74902868 0.29881406 -0.59132576
vn 0.98552746 0.16713071 -0.02833712
vn 0.98379356 0.17908075 -0.00896947
vn 0.98552746 0.16713071 -0.02833712
vn 0.98379356 0.17908075 -0.00896947
vn 0.94787061 0.31834507 -0.01406399
vn 0.95325929 0.29968405 -0.03855250
vn 0.72614080 0.68589818 -0.04757437
vn 0.73343974 0.67009008 -0.11421660
vn 0.70918036 0.70474118 -0.02007759
vn 0.69394433 0.67414218 -0.25292987
vn 0.56586277 0.69876051 -0.43764502
vn 0.98236853 0.18691239 -0.00397632
vn 0.98138523 0.19204774 -0.00085420
vn 0.98236853 0.18691239 -0.00397632
vn 0.98138523 0.19204774 -0.00085420
vn 0.94064432 0.33939120 -0.00138139
vn 0.94369882 0.33074632 -0.00626837
vn 0.98120791 0.19295327 -0.00020827
vn 0.98120791 0.19295327 -0.00020827
vn 0.94010931 0.34087327 -0.00036061
vn 0.67910194 0.73404312 -0.00114150
vn 0.68126011 0.73203653 -0.00270186
vn 0.69576895 0.71820396 -0.00941630
vn 0.96433693 -0.00350867 -0.26465440
vn 0.96473920 0.00344208 -0.26318505
vn 0.60396338 0.01519119 -0.79686743
vn 0.60051626 -0.01536924 -0.79946482
vn 0.98462272 0.04010860 -0.17002772
vn 0.84848189 0.19483510 -0.49205470
vn 0.60396338 0.01519119 -0.79686743
vn 0.84848189 0.19483510 -0.49205470
vn 0.14010954 0.47827911 -0.86695927
vn 0.05536893 0.02193972 -0.99822491
vn 0.60051626 -0.01536924 -0.79946482
vn 0.05511511 -0.02216408 -0.99823409
vn 0.99602455 0.04054525 -0.07931697
vn 0.97485709 0.15324229 -0.16177320
vn 0.34258276 0.81169689 -0.47305945
vn 0.14010954 0.47827911 -0.86695927
vn 0.34258276 0.81169689 -0.47305945
vn -0.31178451 0.81724185 -0.48467132
vn 0.14010954 0.47827911 -0.86695927
vn -0.12386351 0.47578970 -0.87079394
vn -0.12386351 0.47578970 -0.87079394
vn -0.04142504 0.02235943 -0.99889141
vn -0.03976943 -0.02225245 -0.99896109
vn -0.99602473 0.04054457 -0.07931603
vn -0.97485763 0.15324007 -0.16177230
vn -0.98462284 0.04010746 -0.17002760
vn -0.84848201 0.19483469 -0.49205473
vn -0.14009432 0.47827306 -0.86696517
vn -0.34255442 0.81170106 -0.47307283
vn -0.96473926 0.00344271 -0.26318508
vn -0.60396188 0.01519165 -0.79686838
vn -0.96433711 -0.00350813 -0.26465395
vn -0.60051596 -0.01536863 -0.79946506
vn -0.60396188 0.01519165 -0.79686838
vn -0.60051596 -0.01536863 -0.79946506
vn -0.05511524 -0.02216414 -0.99823397
vn -0.05536814 0.02193921 -0.99822497
vn -0.84848201 0.19483469 -0.49205473
vn -0.14009432 0.47827306 -0.86696517
vn 0.03977092 -0.02225251 -0.99896103
vn 0.04143170 0.02235895 -0.99889112
vn 0.12394520 0.47576022 -0.87079841
vn -0.34255442 0.81170106 -0.47307283
vn -0.14009432 0.47827306 -0.86696517
vn 0.12394520 0.47576022 -0.87079841
vn 0.31205830 0.81713998 -0.48466694
vn -0.98138553 0.19204651 -0.00085436
vn -0.98120797 0.19295314 -0.00020815
vn -0.98120797 0.19295314 -0.00020815
vn -0.98138553 0.19204651 -0.00085436
vn -0.94064718 0.33938327 -0.00138247
vn -0.94011050 0.34086969 -0.00036068
vn -0.98236990 0.18690544 -0.00397776
vn -0.98236990 0.18690544 -0.00397776
vn -0.94371009 0.33071432 -0.00627467
vn -0.69587988 0.71809614 -0.00944723
vn -0.68128610 0.73201233 -0.00270861
vn -0.67911237 0.73403352 -0.00114298
vn 0.98552090 0.16720046 0.02815266
vn 0.98379117 0.17910326 0.00877721
vn 0.98313826 0.15518673 0.09672793
vn 0.98552090 0.16720046 0.02815266
vn 0.98313826 0.15518673 0.09672793
vn 0.95279193 0.28175223 0.11315162
vn 0.95323706 0.29978663 0.03830325
vn 0.98379117 0.17910326 0.00877721
vn 0.94787079 0.31835753 0.01376678
vn 0.94355905 0.15319236 0.29364711
vn 0.94355905 0.15319236 0.29364711
vn 0.75209945 0.16672388 0.63761252
vn 0.73086512 0.30103254 0.61254847
vn 0.90967357 0.28012541 0.30663297
vn 0.68804133 0.67723650 0.26067185
vn 0.73233044 0.67106628 0.11559510
vn 0.55259031 0.70186394 0.44947866
vn 0.72603381 0.68603408 0.04724553
vn 0.70926541 0.70466733 0.01966386
vn -0.93365377 0.15498814 0.32290763
vn -0.71375221 0.16846459 0.67983633
vn -0.98218191 0.15567628 0.10527901
vn -0.93365377 0.15498814 0.32290763
vn -0.98218191 0.15567628 0.10527901
vn -0.95160884 0.28241903 0.12116241
vn -0.89968240 0.28272378 0.33262423
vn -0.71375221 0.16846459 0.67983633
vn -0.69684273 0.30375078 0.64972740
vn -0.98547405 0.16724637 0.02949096
vn -0.98379385 0.17908856 0.00877993
vn -0.98547405 0.16724637 0.02949096
vn -0.98379385 0.17908856 0.00877993
vn -0.94789404 0.31828773 0.01377887
vn -0.95318532 0.29978302 0.03959682
vn -0.72622567 0.68575847 0.04828743
vn -0.73105186 0.67145216 0.12130634
vn -0.70950687 0.70442218 0.01973516
vn -0.67929804 0.67954397 0.27708140
vn -0.52999085 0.70429456 0.47231242
vn 0.00138620 0.24508606 0.96950036
vn -0.00000002 0.24841532 0.96865362
vn 0.00138620 0.24508606 0.96950036
vn -0.00000002 0.24841532 0.96865362
vn 0.00000098 0.42654368 0.90446693
vn 0.00211909 0.42167139 0.90674633
vn -0.00138348 0.24508879 0.96949971
vn -0.00372891 0.23559587 0.97184396
vn -0.00138348 0.24508879 0.96949971
vn -0.00372891 0.23559587 0.97184396
vn -0.00571861 0.40781900 0.91304499
vn -0.00211348 0.42169815 0.90673393
vn -0.00260514 0.80403900 0.59457099
vn 0.00000706 0.80764765 0.58966553
vn -0.00712949 0.79374760 0.60820550
vn 0.00262411 0.80396152 0.59467554
vn -0.00138381 0.24508372 -0.96950102
vn -0.00372980 0.23558530 -0.97184652
vn 0.00000035 0.24841259 -0.96865433
vn -0.00138381 0.24508372 -0.96950102
vn 0.00000035 0.24841259 -0.96865433
vn 0.00000103 0.42652741 -0.90447462
vn -0.00211485 0.42167023 -0.90674692
vn -0.00372980 0.23558530 -0.97184652
vn -0.00572163 0.40776324 -0.91306978
vn 0.00138645 0.24508116 -0.96950161
vn 0.00138645 0.24508116 -0.96950161
vn 0.00212024 0.42164806 -0.90675712
vn 0.00262974 0.80389696 -0.59476286
vn 0.00000687 0.80760568 -0.58972287
vn -0.00261099 0.80397564 -0.59465665
vn -0.00714660 0.79361480 -0.60837853
vn -0.01282635 0.21951951 0.97552383
vn -0.05195098 0.20022228 0.97837222
vn -0.01282635 0.21951951 0.97552383
vn -0.05195098 0.20022228 0.97837222
vn -0.06217011 0.35538247 0.93265122
vn -0.01750356 0.38402271 0.92315775
vn -0.23226824 0.18655220 0.95459402
vn -0.23226824 0.18655220 0.95459402
vn -0.23226824 0.18655220 0.95459402
vn -0.71375221 0.16846459 0.67983633
vn -0.69684273 0.30375078 0.64972740
vn -0.25071859 0.33561137 0.90802270
vn -0.21785116 0.74251682 0.63341111
vn -0.06215896 0.75367510 0.65430129
vn -0.52999085 0.70429456 0.47231242
vn -0.02000693 0.77540368 0.63114893
vn -0.24555059 0.18697783 -0.95118046
vn -0.05443003 0.20030788 -0.97821987
vn -0.24555059 0.18697783 -0.95118046
vn -0.24555059 0.18697783 -0.95118046
vn -0.05443003 0.20030788 -0.97821987
vn -0.06452018 0.35540801 -0.93248183
vn -0.26277965 0.33604145 -0.90444630
vn -0.24555059 0.18697783 -0.95118046
vn -0.26277965 0.33604145 -0.90444630
vn -0.01313990 0.21951404 -0.97552097
vn -0.01313990 0.21951404 -0.97552097
vn -0.01780566 0.38394454 -0.92318457
vn -0.02024842 0.77516550 -0.63143378
vn -0.06384861 0.75340980 -0.65444416
vn -0.22591367 0.74235296 -0.63077348
vn -0.22591367 0.74235296 -0.63077348
vn -0.59860307 0.01480147 0.80090904
vn -0.59860307 0.01480147 0.80090904
vn -0.05457307 0.02125525 0.99828357
vn 0.04086644 0.02167808 0.99892950
vn 0.59860241 0.01480135 0.80090964
vn 0.59860241 0.01480135 0.80090964
vn 0.05457419 0.02125570 0.99828351
vn -0.04085893 0.02167836 0.99892974
vn -0.85311466 0.21227093 0.47658831
vn -0.85311466 0.21227093 0.47658831
vn -0.14527328 0.53401041 0.83290374
vn -0.97608960 0.15874247 0.14849237
vn -0.34643784 0.85047567 0.39581802
vn -0.14527328 0.53401041 0.83290374
vn -0.34643784 0.85047567 0.39581802
vn 0.32026738 0.85642916 0.40491733
vn -0.14527328 0.53401041 0.83290374
vn 0.13172588 0.53155941 0.83671552
vn 0.13172588 0.53155941 0.83671552
vn 0.97608984 0.15874061 0.14849292
vn 0.85311884 0.21227033 0.47658131
vn 0.14529130 0.53401858 0.83289546
vn 0.34647113 0.85046816 0.39580515
vn 0.85311884 0.21227033 0.47658131
vn 0.14529130 0.53401858 0.83289546
vn -0.13163131 0.53159553 0.83670747
vn 0.34647113 0.85046816 0.39580515
vn 0.14529130 0.53401858 0.83289546
vn -0.13163131 0.53159553 0.83670747
vn -0.31997052 0.85654193 0.40491331
vn -0.98092216 -0.05591781 -0.18618555
vn -0.77235764 -0.26538494 -0.57709140
vn -0.77235764 -0.26538494 -0.57709140
vn -0.09998081 -0.49270901 -0.86443144
vn -0.99242061 -0.08032904 -0.09299871
vn -0.91734868 -0.32286778 -0.23286900
vn -0.16941577 -0.86805516 -0.46666762
vn -0.09998081 -0.49270901 -0.86443144
vn -0.16941577 -0.86805516 -0.46666762
vn 0.12774205 -0.87606221 -0.46496984
vn -0.09998081 -0.49270901 -0.86443144
vn 0.07414658 -0.49470177 -0.86589402
vn 0.07414658 -0.49470177 -0.86589402
vn 0.99242067 -0.08032808 -0.09299828
vn 0.91735059 -0.32286382 -0.23286682
vn 0.98092240 -0.05591487 -0.18618484
vn 0.77235514 -0.26538098 -0.57709670
vn 0.09998000 -0.49270883 -0.86443168
vn 0.16941413 -0.86805618 -0.46666643
vn 0.77235514 -0.26538098 -0.57709670
vn 0.09998000 -0.49270883 -0.86443168
vn -0.07414423 -0.49470252 -0.86589378
vn 0.16941413 -0.86805618 -0.46666643
vn 0.09998000 -0.49270883 -0.86443168
vn -0.07414423 -0.49470252 -0.86589378
vn -0.12774076 -0.87606323 -0.46496844
vn 0.05854462 0.98312998 0.17328589
vn 0.15921593 0.97658032 0.14471060
vn 0.02370206 0.97802955 0.20711507
vn 0.00821460 0.97783023 0.20923829
vn 0.00291494 0.97942108 0.20180659
vn -0.02533560 0.89128792 -0.45272946
vn -0.07284094 0.87810874 -0.47288409
vn -0.00937308 0.90049803 -0.43475929
vn -0.21699661 0.86370224 -0.45489672
vn -0.41655007 0.84543324 -0.33425853
vn 0.00829351 0.97780174 -0.20936826
vn 0.00291472 0.97939265 -0.20194426
vn 0.02422437 0.97804850 -0.20696481
vn 0.05994517 0.98318279 -0.17250563
vn 0.16358714 0.97621453 -0.14228290
vn -0.22256285 0.86287266 0.45378041
vn -0.07443665 0.87758726 0.47360325
vn -0.42452231 0.84356958 0.32889411
vn -0.02568176 0.89099681 0.45328289
vn -0.00945210 0.90038854 0.43498418
vn -0.20331848 0.97911274 0.00008247
vn -0.20423785 0.97892129 0.00037318
vn -0.20319106 0.97913921 -0.00000081
vn -0.20332478 0.97911137 -0.00008533
vn -0.20427094 0.97891438 -0.00038376
vn 0.55805790 0.82980204 -0.00011700
vn 0.55816859 0.82972765 -0.00000124
vn 0.55734497 0.83028090 -0.00053123
vn 0.55806375 0.82979816 0.00011250
vn 0.55737984 0.83025748 0.00051174
vn 0.20332672 0.97911102 -0.00008519
vn 0.20426871 0.97891486 -0.00038298
vn 0.20319127 0.97913909 -0.00000108
vn 0.20331496 0.97911340 0.00008262
vn 0.20423308 0.97892225 0.00037391
vn -0.55806172 0.82979953 0.00011206
vn -0.55816752 0.82972836 -0.00000206
vn -0.55737793 0.83025885 0.00051140
vn -0.55805904 0.82980126 -0.00011722
vn -0.55735171 0.83027631 -0.00052977
vn 0.21486047 0.97664315 0.00183312
vn -0.55064744 0.83473629 0.00167529
vn -0.21488827 0.97663695 0.00183404
vn 0.55063087 0.83474731 0.00167126
vn -0.25165018 0.96755165 -0.02271615
vn -0.24670549 0.96903545 -0.01033881
vn -0.24105659 0.96919572 -0.05051266
vn -0.20293874 0.97436947 -0.09705705
vn -0.15717082 0.97631460 -0.14868498
vn 0.51283491 0.82600486 0.23391525
vn 0.55733645 0.82060248 0.12644233
vn 0.41251785 0.84463251 0.34121120
vn 0.55886889 0.82717150 0.05876224
vn 0.54905194 0.83542770 0.02454893
vn 0.20698670 0.97395891 -0.09252372
vn 0.16358714 0.97621453 -0.14228290
vn 0.24245587 0.96894836 -0.04852100
vn 0.25176853 0.96753013 -0.02231841
vn 0.24650069 0.96908748 -0.01034522
vn -0.55813307 0.82776380 0.05740019
vn -0.55756956 0.82113600 0.12186860
vn -0.54863751 0.83571011 0.02420001
vn -0.51764685 0.82571208 0.22414619
vn -0.42452231 0.84356958 0.32889411
vn 0.23950294 0.97087926 -0.00564504
vn 0.21348266 0.97694260 -0.00289495
vn 0.21474755 0.97666788 -0.00186673
vn -0.55060148 0.83476651 -0.00173337
vn -0.55023795 0.83500797 -0.00034474
vn -0.54160106 0.84058481 0.00924379
vn -0.21351837 0.97693479 -0.00289545
vn -0.21477498 0.97666180 -0.00186738
vn -0.23962766 0.97084850 -0.00564128
vn 0.54172510 0.84050328 0.00939168
vn 0.55024105 0.83500582 -0.00031730
vn 0.55058122 0.83477992 -0.00172908
vn 0.25097552 0.96773803 0.02223863
vn 0.24636503 0.96912366 0.01017951
vn 0.23977263 0.96959364 0.04896301
vn 0.20151697 0.97497410 0.09389686
vn 0.15921593 0.97658032 0.14471060
vn -0.51386195 0.82669765 -0.22916578
vn -0.55733579 0.82108420 -0.12327922
vn -0.41655007 0.84543324 -0.33425853
vn -0.55867195 0.82741868 -0.05713332
vn -0.54911143 0.83541179 -0.02374362
vn -0.19746666 0.97535825 0.09840412
vn -0.15285844 0.97662818 0.15110186
vn -0.23834744 0.96984226 0.05095672
vn -0.25085750 0.96775949 0.02263273
vn -0.24657232 0.96907103 0.01017514
vn 0.55939442 0.82683551 -0.05848832
vn 0.55704439 0.82057625 -0.12789193
vn 0.54951847 0.83513445 -0.02408474
vn 0.50882733 0.82702053 -0.23902252
vn 0.40437770 0.84643710 -0.34644333
vn 0.00104614 0.98040473 0.19699116
vn 0.00000911 0.98088253 0.19460110
vn -0.00102459 0.98041999 0.19691552
vn -0.00287705 0.97942013 0.20181210
vn 0.00339358 0.90577012 -0.42375588
vn -0.00000723 0.90728319 -0.42052013
vn 0.00930468 0.90069246 -0.43435761
vn -0.00341581 0.90568727 -0.42393264
vn -0.00102387 0.98040175 -0.19700611
vn -0.00287621 0.97939253 -0.20194551
vn 0.00000897 0.98086745 -0.19467703
vn 0.00104538 0.98038626 -0.19708352
vn -0.00344293 0.90566677 0.42397630
vn -0.00000719 0.90728945 0.42050678
vn 0.00342077 0.90574807 0.42380279
vn 0.00938318 0.90058261 0.43458366
vn -0.00809405 0.97778350 0.20946106
vn -0.02325401 0.97776562 0.20840780
vn -0.05811045 0.98243988 0.17729943
vn -0.15285844 0.97662818 0.15110186
vn 0.20911667 0.86383903 -0.45831472
vn 0.07122358 0.87840134 -0.47258708
vn 0.40437770 0.84643710 -0.34644333
vn 0.02502254 0.89157134 -0.45218867
vn -0.05953209 0.98250049 -0.17649022
vn -0.02377206 0.97778094 -0.20827721
vn -0.05953209 0.98250049 -0.17649022
vn -0.00817200 0.97775465 -0.20959277
vn 0.02536410 0.89128065 0.45274237
vn 0.07278671 0.87787610 0.47332418
vn 0.21456951 0.86301202 0.45735151
vn 0.21456951 0.86301202 0.45735151
vn -0.42236161 0.39396045 -0.81633699
vn -0.72894549 0.36528394 -0.57896996
vn -0.15890296 0.40697330 -0.89951241
vn -0.06092355 0.42313629 -0.90401554
vn -0.02404463 0.43816486 -0.89857304
vn -0.06883391 0.24263170 -0.96767342
vn -0.17606673 0.23835135 -0.95508605
vn -0.02743813 0.24814358 -0.96833467
vn -0.06883391 0.24263170 -0.96767342
vn -0.02743813 0.24814358 -0.96833467
vn -0.17606673 0.23835135 -0.95508605
vn -0.45067766 0.23684618 -0.86069369
vn -0.76208770 0.22021297 -0.60887504
vn -0.45067766 0.23684618 -0.86069369
vn -0.76208770 0.22021297 -0.60887504
vn -0.45067766 0.23684618 -0.86069369
vn -0.06162991 0.42261627 0.90421081
vn -0.02423412 0.43789437 0.89869976
vn -0.16177285 0.40626818 0.89931953
vn -0.43110317 0.39299297 0.81222332
vn -0.73863316 0.36330724 0.56782818
vn -0.45937261 0.23646812 0.85618907
vn -0.17910759 0.23805298 0.95459485
vn -0.77144146 0.21919411 0.59735429
vn -0.45937261 0.23646812 0.85618907
vn -0.77144146 0.21919411 0.59735429
vn -0.17910759 0.23805298 0.95459485
vn -0.45937261 0.23646812 0.85618907
vn -0.06961876 0.24236153 0.96768498
vn -0.02765673 0.24798298 0.96836960
vn -0.06961876 0.24236153 0.96768498
vn -0.02765673 0.24798298 0.96836960
vn 0.93547213 0.35340077 0.00004383
vn 0.93545383 0.35344908 0.00019793
vn 0.93547767 0.35338604 -0.00000117
vn 0.93547279 0.35339883 -0.00004825
vn 0.93545115 0.35345596 -0.00021784
vn 0.98094994 0.19426116 -0.00000924
vn 0.98094922 0.19426461 -0.00000104
vn 0.98095840 0.19421829 -0.00003983
vn 0.98094994 0.19426116 -0.00000924
vn 0.98095840 0.19421829 -0.00003983
vn 0.98094922 0.19426461 -0.00000104
vn 0.98094934 0.19426382 0.00000514
vn 0.98095822 0.19421913 0.00002194
vn 0.98094934 0.19426382 0.00000514
vn 0.98095822 0.19421913 0.00002194
vn 0.15683499 -0.98762476 -0.00043295
vn 0.15669444 -0.98548031 0.06538712
vn 0.93894196 -0.34274819 0.03019713
vn 0.93900883 -0.34389311 -0.00013011
vn 0.15487258 -0.97170639 0.17832913
vn 0.94072914 -0.32951748 0.08029357
vn 0.15535593 -0.97116923 -0.18081744
vn 0.15691492 -0.98536688 -0.06655784
vn 0.93911207 -0.34225094 -0.03054132
vn 0.94106632 -0.32839435 -0.08094045
vn 0.54779905 0.83658403 -0.00659100
vn 0.52634597 0.84734577 -0.07046331
vn 0.99704343 0.07545216 -0.01453735
vn 0.99745327 0.07132155 -0.00049191
vn 0.46124747 0.86701125 -0.18852703
vn 0.99502635 0.09005871 -0.04256721
vn 0.45838416 0.87647516 0.14722532
vn 0.52397257 0.85013413 0.05220080
vn 0.99700785 0.07618196 0.01310507
vn 0.99501944 0.09184613 0.03873862
vn -0.54729241 0.83691543 -0.00659340
vn -0.52348363 0.85043466 0.05220803
vn -0.99698418 0.07648927 0.01311498
vn -0.99743134 0.07162762 -0.00049360
vn -0.45795509 0.87669742 0.14723739
vn -0.99499023 0.09214897 0.03876826
vn -0.46082318 0.86723250 -0.18854712
vn -0.52585751 0.84764802 -0.07047582
vn -0.99702024 0.07575522 -0.01455172
vn -0.99499804 0.09035390 -0.04260590
vn -0.15683605 -0.98762465 -0.00043324
vn -0.15691458 -0.98536682 -0.06655847
vn -0.93911195 -0.34225157 -0.03054155
vn -0.93900973 -0.34389061 -0.00013006
vn -0.15535624 -0.97116929 -0.18081705
vn -0.94106561 -0.32839641 -0.08094079
vn -0.15487602 -0.97170603 0.17832780
vn -0.15669747 -0.98547983 0.06538687
vn -0.93894219 -0.34274757 0.03019677
vn -0.94072837 -0.32951936 0.08029395
vn -0.93547320 0.35339767 -0.00004805
vn -0.93545228 0.35345289 -0.00021711
vn -0.93547732 0.35338691 -0.00000184
vn -0.93547255 0.35339931 0.00004383
vn -0.93545407 0.35344815 0.00019819
vn -0.98094976 0.19426191 0.00000540
vn -0.98094958 0.19426280 -0.00000138
vn -0.98095864 0.19421686 0.00002274
vn -0.98094976 0.19426191 0.00000540
vn -0.98095864 0.19421686 0.00002274
vn -0.98094958 0.19426280 -0.00000138
vn -0.98094994 0.19426079 -0.00000908
vn -0.98095816 0.19421919 -0.00004019
vn -0.98094994 0.19426079 -0.00000908
vn -0.98095816 0.19421919 -0.00004019
vn -0.07343721 -0.48710054 0.87025285
vn -0.12729609 -0.87652922 0.46421149
vn -0.90567994 -0.35032690 0.23877786
vn -0.74073148 -0.28951418 0.60621649
vn -0.74073148 -0.28951418 0.60621649
vn -0.54894626 -0.01588213 0.83570677
vn -0.54894626 -0.01588213 0.83570677
vn 0.54896176 -0.01588178 0.83569670
vn 0.74074316 -0.28950858 0.60620499
vn 0.74074316 -0.28950858 0.60620499
vn 0.54896176 -0.01588178 0.83569670
vn 0.12729517 -0.87652975 0.46421087
vn 0.90568435 -0.35031962 0.23877232
vn 0.07344025 -0.48710135 0.87025219
vn -0.93535590 0.35370785 -0.00047183
vn -0.98104459 0.19377740 -0.00140453
vn -0.98104459 0.19377740 -0.00140453
vn 0.93535876 0.35370013 -0.00048692
vn 0.98104656 0.19376706 -0.00142553
vn 0.98104656 0.19376706 -0.00142553
vn 0.93437952 0.33602953 0.11840276
vn 0.93752164 0.34345308 0.05561758
vn 0.91385883 0.33397156 0.23092213
vn 0.84773231 0.34440857 0.40340149
vn 0.72099918 0.36496273 0.58903515
vn 0.88076794 0.20552365 0.42662376
vn 0.94922936 0.19356696 0.24798320
vn 0.75377148 0.22062056 0.61899543
vn 0.88076794 0.20552365 0.42662376
vn 0.75377148 0.22062056 0.61899543
vn 0.94922936 0.19356696 0.24798320
vn 0.97333401 0.18928245 0.12958857
vn 0.97983062 0.18990861 0.06218299
vn 0.97333401 0.18928245 0.12958857
vn 0.97983062 0.18990861 0.06218299
vn -0.85509551 0.34371790 0.38816199
vn -0.73863316 0.36330724 0.56782818
vn -0.91551447 0.33425397 0.22384754
vn -0.93446833 0.33657613 0.11612698
vn -0.93743110 0.34381050 0.05493044
vn -0.97361779 0.18948756 0.12713349
vn -0.95114219 0.19346561 0.24062341
vn -0.97984475 0.19008714 0.06141062
vn -0.97361779 0.18948756 0.12713349
vn -0.97984475 0.19008714 0.06141062
vn -0.95114219 0.19346561 0.24062341
vn -0.88831854 0.20468727 0.41108811
vn -0.77144146 0.21919411 0.59735429
vn -0.88831854 0.20468727 0.41108811
vn -0.93625998 0.35043114 0.02480433
vn -0.93588275 0.35228342 0.00446951
vn -0.93532610 0.35378656 0.00041202
vn -0.98103642 0.19381908 0.00135092
vn -0.98110098 0.19339982 0.00611782
vn -0.98110098 0.19339982 0.00611782
vn -0.98103642 0.19381908 0.00135092
vn -0.98097074 0.19205450 0.02848932
vn -0.98097074 0.19205450 0.02848932
vn -0.12386351 0.47578970 -0.87079394
vn -0.31178451 0.81724185 -0.48467132
vn -0.97906619 0.14626484 -0.14154880
vn -0.84735113 0.20952186 -0.48795149
vn -0.99856991 0.00894925 -0.05270896
vn -0.99303448 0.01592934 -0.11674237
vn -0.56064630 0.01621693 -0.82789660
vn -0.55347341 -0.01653267 -0.83270282
vn -0.84735113 0.20952186 -0.48795149
vn -0.56064630 0.01621693 -0.82789660
vn -0.98222923 0.00164716 -0.18767792
vn -0.55347341 -0.01653267 -0.83270282
vn -0.98187584 -0.00249206 -0.18950948
vn 0.56068790 0.01621361 -0.82786852
vn 0.84748328 0.20936105 -0.48779097
vn 0.55348831 -0.01653247 -0.83269298
vn 0.56068790 0.01621361 -0.82786852
vn 0.55348831 -0.01653247 -0.83269298
vn 0.98187864 -0.00249213 -0.18949494
vn 0.98223341 0.00163818 -0.18765637
vn 0.84748328 0.20936105 -0.48779097
vn 0.99304259 0.01579839 -0.11669184
vn 0.31205830 0.81713998 -0.48466694
vn 0.97912157 0.14598872 -0.14145048
vn 0.12394520 0.47576022 -0.87079841
vn 0.99857384 0.00874457 -0.05266905
vn 0.93589509 0.35224977 0.00453739
vn 0.93532830 0.35378098 0.00042755
vn 0.93630892 0.35027754 0.02512436
vn 0.98097795 0.19196272 0.02885529
vn 0.98110580 0.19337320 0.00620064
vn 0.98097795 0.19196272 0.02885529
vn 0.98110580 0.19337320 0.00620064
vn 0.98103845 0.19380859 0.00137228
vn 0.98103845 0.19380859 0.00137228
vn -0.93466866 0.33622313 -0.11553616
vn -0.93763614 0.34341085 -0.05392092
vn -0.91487640 0.33438158 -0.22625232
vn -0.85053289 0.34497264 -0.39697316
vn -0.72894549 0.36528394 -0.57896996
vn -0.88383484 0.20540723 -0.42029020
vn -0.95045263 0.19352058 -0.24328917
vn -0.76208770 0.22021297 -0.60887504
vn -0.88383484 0.20540723 -0.42029020
vn -0.95045263 0.19352058 -0.24328917
vn -0.97373420 0.18925667 -0.12658496
vn -0.97995716 0.18985090 -0.06033899
vn -0.97373420 0.18925667 -0.12658496
vn -0.97995716 0.18985090 -0.06033899
vn 0.84286863 0.34569848 -0.41238943
vn 0.71087641 0.36690083 -0.60003209
vn 0.91317660 0.33412379 -0.23338775
vn 0.93458176 0.33567855 -0.11780001
vn 0.93772787 0.34305412 -0.05459375
vn 0.97345263 0.18905455 -0.12902889
vn 0.94849753 0.19363837 -0.25071260
vn 0.97994477 0.18967251 -0.06109663
vn 0.97345263 0.18905455 -0.12902889
vn 0.97994477 0.18967251 -0.06109663
vn 0.94849753 0.19363837 -0.25071260
vn 0.87599289 0.20626114 -0.43599629
vn 0.74398094 0.22161040 -0.63038182
vn 0.87599289 0.20626114 -0.43599629
vn 0.74398094 0.22161040 -0.63038182
vn -0.00900964 0.44784367 -0.89406651
vn -0.00005104 0.45121112 -0.89241731
vn 0.00889022 0.44813797 -0.89392024
vn 0.02382191 0.43873325 -0.89830160
vn 0.01015617 0.25227374 -0.96760261
vn -0.00007087 0.25353453 -0.96732634
vn 0.02714956 0.24853259 -0.96824306
vn 0.01015617 0.25227374 -0.96760261
vn 0.02714956 0.24853259 -0.96824306
vn -0.00007087 0.25353453 -0.96732634
vn -0.01031887 0.25207487 -0.96765274
vn -0.01031887 0.25207487 -0.96765274
vn 0.00895986 0.44803023 0.89397359
vn 0.02401021 0.43846753 0.89842629
vn -0.00005118 0.45115852 0.89244390
vn -0.00907984 0.44773445 0.89412051
vn -0.01040109 0.25199601 0.96767241
vn -0.00007107 0.25348571 0.96733922
vn -0.01040109 0.25199601 0.96767241
vn -0.00007107 0.25348571 0.96733922
vn 0.01023738 0.25219551 0.96762222
vn 0.02736644 0.24837378 0.96827763
vn 0.01023738 0.25219551 0.96762222
vn 0.02736644 0.24837378 0.96827763
vn 0.06017276 0.42385668 -0.90372831
vn 0.15554839 0.40751782 -0.89985222
vn 0.40800765 0.39408219 -0.82354659
vn 0.71087641 0.36690083 -0.60003209
vn 0.43603799 0.23707671 -0.86813915
vn 0.17232214 0.23879232 -0.95565867
vn 0.74398094 0.22161040 -0.63038182
vn 0.43603799 0.23707671 -0.86813915
vn 0.17232214 0.23879232 -0.95565867
vn 0.43603799 0.23707671 -0.86813915
vn 0.06793307 0.24315533 -0.96760559
vn 0.06793307 0.24315533 -0.96760559
vn 0.41660869 0.39311746 0.81969255
vn 0.15836528 0.40680078 0.89968532
vn 0.41660869 0.39311746 0.81969255
vn 0.06087172 0.42333865 0.90392429
vn 0.06870968 0.24288750 0.96761811
vn 0.17530693 0.23848885 0.95519137
vn 0.06870968 0.24288750 0.96761811
vn 0.17530693 0.23848885 0.95519137
vn 0.44461140 0.23670533 0.86388159
vn 0.44461140 0.23670533 0.86388159
vn 0.44461140 0.23670533 0.86388159
vn 0.44461140 0.23670533 0.86388159
vn 0.55537957 0.01576204 0.83144772
vn 0.55537957 0.01576204 0.83144772
vn -0.55534267 0.01576515 0.83147228
vn -0.55534267 0.01576515 0.83147228
vn 0.13172588 0.53155941 0.83671552
vn 0.32026738 0.85642916 0.40491733
vn 0.98027426 0.14999615 0.12869994
vn 0.85386580 0.22654249 0.46860614
vn 0.85386580 0.22654249 0.46860614
vn -0.85372812 0.22673413 0.46876448
vn -0.85372812 0.22673413 0.46876448
vn -0.31997052 0.85654193 0.40491331
vn -0.98021847 0.15029047 0.12878104
vn -0.13163131 0.53159553 0.83670747
vn 0.07414658 -0.49470177 -0.86589402
vn 0.12774205 -0.87606221 -0.46496984
vn 0.90629607 -0.34907299 -0.23827636
vn 0.74380988 -0.29244104 -0.60102004
vn 0.99620444 -0.05685910 -0.06590748
vn 0.99044245 -0.03953065 -0.13214105
vn 0.74380988 -0.29244104 -0.60102004
vn -0.74379867 -0.29244766 -0.60103071
vn -0.74379867 -0.29244766 -0.60103071
vn -0.99044138 -0.03953050 -0.13214852
vn -0.12774076 -0.87606323 -0.46496844
vn -0.90629470 -0.34907472 -0.23827893
vn -0.07414423 -0.49470252 -0.86589378
vn -0.99620420 -0.05686086 -0.06590964
vn -0.02325272 -0.62001908 -0.78424221
vn -0.01687493 -0.32356861 -0.94605428
vn -0.00639820 -0.32401222 -0.94603133
vn -0.00877772 -0.61565232 -0.78796917
vn -0.01299115 -0.10991282 -0.99385643
vn -0.00493392 -0.11152731 -0.99374920
vn -0.00005195 -0.11209218 -0.99369782
vn -0.00006517 -0.32418165 -0.94599485
vn -0.00008145 -0.61415136 -0.78918827
vn 0.00480099 -0.11153966 -0.99374843
vn 0.01272112 -0.10993648 -0.99385726
vn 0.00623034 -0.32403681 -0.94602406
vn 0.00856544 -0.61566585 -0.78796077
vn 0.01653004 -0.32361868 -0.94604319
vn 0.02280530 -0.62005311 -0.78422844
vn -0.11081287 -0.10002723 -0.98879474
vn -0.36218417 -0.09024815 -0.92772728
vn -0.36218417 -0.09024815 -0.92772728
vn -0.77806860 -0.07591210 -0.62357575
vn -0.03601896 -0.10643142 -0.99366748
vn -0.04357327 -0.32104278 -0.94606191
vn -0.11972965 -0.31188425 -0.94254613
vn -0.04357327 -0.32104278 -0.94606191
vn -0.01687493 -0.32356861 -0.94605428
vn -0.11972965 -0.31188425 -0.94254613
vn -0.34973606 -0.28030249 -0.89393252
vn -0.76198268 -0.21649820 -0.61033666
vn -0.34973606 -0.28030249 -0.89393252
vn -0.14042561 -0.62766218 -0.76571602
vn -0.34864831 -0.59449285 -0.72458452
vn -0.91012698 -0.22951208 -0.34495378
vn -0.95221674 -0.25154874 -0.17322423
vn -0.98483723 -0.07920285 -0.15434565
vn -0.93740201 -0.07476089 -0.34012994
vn -0.96184522 -0.26087075 -0.08246417
vn -0.96372736 -0.26405892 -0.03876320
vn -0.99576205 -0.08726234 -0.02903910
vn -0.99425292 -0.08423104 -0.06607868
vn -0.96476650 -0.26310754 -0.00010997
vn -0.96471143 -0.26330557 -0.00146837
vn -0.99602783 -0.08904287 -0.00013688
vn -0.99602634 -0.08905014 -0.00134192
vn -0.96476763 -0.26310328 -0.00002460
vn -0.96476787 -0.26310265 -0.00000042
vn -0.99602818 -0.08903919 -0.00000007
vn -0.99602813 -0.08903950 -0.00003086
vn -0.96476799 -0.26310238 0.00002368
vn -0.96476740 -0.26310435 0.00010480
vn -0.99602771 -0.08904399 0.00013438
vn -0.99602801 -0.08904105 0.00003091
vn -0.99602109 -0.08903717 0.00378926
vn -0.99597692 -0.08845697 0.01433017
vn -0.99575168 -0.08727575 0.02935185
vn -0.99602622 -0.08905148 0.00133829
vn -0.96471059 -0.26330876 0.00145753
vn -0.96461195 -0.26363251 0.00465998
vn -0.96431661 -0.26407948 0.01885727
vn -0.96369952 -0.26409772 0.03918684
vn -0.98514098 -0.07928380 0.15235266
vn -0.94027340 -0.07513147 0.33202609
vn -0.78813505 -0.07698473 0.61066896
vn -0.99425447 -0.08424398 0.06603780
vn -0.96184206 -0.26090470 0.08239407
vn -0.95255440 -0.25178874 0.17100504
vn -0.91285306 -0.23069508 0.33686683
vn -0.77165592 -0.21995553 0.59679705
vn -0.35834658 -0.28856233 0.88787359
vn -0.12256470 -0.32161951 0.93890297
vn -0.35834658 -0.28856233 0.88787359
vn -0.35834658 -0.28856233 0.88787359
vn -0.12256470 -0.32161951 0.93890297
vn -0.11340845 -0.10296521 0.98819876
vn -0.37138823 -0.09269192 0.92383933
vn -0.37138823 -0.09269192 0.92383933
vn -0.04441632 -0.33090493 0.94261831
vn -0.01715337 -0.33333689 0.94265181
vn -0.04441632 -0.33090493 0.94261831
vn -0.01715337 -0.33333689 0.94265181
vn -0.01312459 -0.11296452 0.99351239
vn -0.03659099 -0.10947138 0.99331623
vn -0.00005225 -0.11513250 0.99335015
vn 0.00485041 -0.11458220 0.99340200
vn 0.01285170 -0.11298805 0.99351323
vn -0.00498449 -0.11457088 0.99340266
vn -0.00650276 -0.33369023 0.94266039
vn -0.00006622 -0.33382773 0.94263417
vn -0.00650276 -0.33369023 0.94266039
vn -0.00006622 -0.33382773 0.94263417
vn 0.00633282 -0.33371234 0.94265366
vn 0.01680322 -0.33338439 0.94264132
vn 0.00633282 -0.33371234 0.94265366
vn 0.01680322 -0.33338439 0.94264132
vn 0.11058167 -0.10309111 0.98850590
vn 0.35818690 -0.09351291 0.92895502
vn 0.35818690 -0.09351291 0.92895502
vn 0.76868707 -0.08010760 0.63458896
vn 0.03582887 -0.10951462 0.99333924
vn 0.04346358 -0.33100402 0.94262797
vn 0.11943016 -0.32194528 0.93919533
vn 0.04346358 -0.33100402 0.94262797
vn 0.11943016 -0.32194528 0.93919533
vn 0.34564912 -0.29070061 0.89219946
vn 0.75054407 -0.22948658 0.61969316
vn 0.34564912 -0.29070061 0.89219946
vn 0.34564912 -0.29070061 0.89219946
vn 0.90313983 -0.24401674 0.35326260
vn 0.94693512 -0.26709104 0.17881912
vn 0.98372698 -0.08371373 0.15897551
vn 0.93395919 -0.07913481 0.34850830
vn 0.95714819 -0.27669066 0.08549695
vn 0.95918888 -0.27985910 0.04044241
vn 0.99531662 -0.09194544 0.02984745
vn 0.99372500 -0.08886280 0.06792708
vn 0.99559557 -0.09367571 0.00380827
vn 0.99560016 -0.09369463 0.00132284
vn 0.99554962 -0.09310957 0.01454541
vn 0.95989472 -0.27968612 0.01944062
vn 0.96024036 -0.27913406 0.00477627
vn 0.96034467 -0.27881184 0.00147642
vn 0.99560207 -0.09368381 -0.00000022
vn 0.99560207 -0.09368370 -0.00002947
vn 0.99560177 -0.09368604 -0.00013105
vn 0.99560171 -0.09368715 0.00012814
vn 0.99560201 -0.09368420 0.00002864
vn 0.96040779 -0.27859813 0.00002244
vn 0.96040851 -0.27859592 -0.00000014
vn 0.96040642 -0.27860290 0.00010193
vn 0.96040845 -0.27859595 -0.00002325
vn 0.96040791 -0.27859801 -0.00010770
vn 0.96034622 -0.27880627 -0.00148776
vn 0.99560034 -0.09369222 -0.00132661
vn 0.98339969 -0.08362979 -0.16103204
vn 0.93082947 -0.07872119 -0.35687476
vn 0.75810242 -0.07892181 -0.64734232
vn 0.99532747 -0.09193100 -0.02952877
vn 0.99372345 -0.08885191 -0.06796403
vn 0.95715016 -0.27666178 -0.08556869
vn 0.94656944 -0.26683995 -0.18111558
vn 0.95921785 -0.27982271 -0.04000589
vn 0.90018106 -0.24271621 -0.36161155
vn 0.74040717 -0.22570504 -0.63313067
vn 0.01653004 -0.32361868 -0.94604319
vn 0.04263674 -0.32114318 -0.94607043
vn 0.03526516 -0.10647553 -0.99368984
vn 0.04263674 -0.32114318 -0.94607043
vn 0.10803559 -0.10015231 -0.98908949
vn 0.11665474 -0.31220454 -0.94282556
vn 0.11665474 -0.31220454 -0.94282556
vn 0.34918833 -0.09102619 -0.93262094
vn 0.34918833 -0.09102619 -0.93262094
vn 0.13667788 -0.62809694 -0.76603752
vn 0.33724490 -0.28234166 -0.89808077
vn 0.33585864 -0.59792161 -0.72779715
vn 0.33724490 -0.28234166 -0.89808077
vn 0.99763089 0.06879381 0.00038126
vn 0.98138624 0.19204280 0.00082945
vn 0.98138624 0.19204280 0.00082945
vn 0.94065142 0.33937186 0.00134254
vn 0.99774987 0.06702740 0.00157464
vn 0.98236978 0.18690854 0.00386213
vn 0.98236978 0.18690854 0.00386213
vn 0.94371086 0.33071572 0.00608993
vn 0.69592685 0.71805423 0.00916139
vn 0.68128169 0.73201662 0.00263685
vn 0.21322146 0.97699982 0.00282850
vn -0.55056685 0.83479100 0.00031727
vn 0.23969145 0.97083342 0.00551740
vn -0.54187757 0.84040934 -0.00899471
vn -0.98112148 0.19329827 -0.00604561
vn -0.99870831 0.05030856 -0.00713009
vn -0.93596625 0.35206196 -0.00442114
vn -0.98112148 0.19329827 -0.00604561
vn -0.93639040 0.35012546 -0.02419103
vn -0.98102391 0.19188227 -0.02781130
vn -0.99821097 0.05224544 -0.02907422
vn -0.98102391 0.19188227 -0.02781130
vn -0.99966437 0.00667607 -0.02503458
vn -0.99940407 0.02117388 -0.02726034
vn -0.99997771 0.00320836 -0.00586733
vn -0.99981409 0.01810202 -0.00665177
vn -0.99998921 0.00027521 -0.00464300
vn -0.99999017 0.00005173 -0.00443808
vn -0.99998766 0.00045131 -0.00496332
vn -0.99973333 0.00282006 -0.02292022
vn -0.99975038 0.00142220 -0.02230165
vn -0.99975795 0.00012858 -0.02200213
vn -0.99998993 -0.00083373 -0.00441510
vn -0.99975866 -0.00081162 -0.02195688
vn -0.99982011 -0.01844716 -0.00442594
vn -0.99976039 -0.02146185 -0.00432587
vn -0.99991173 -0.01253649 -0.00442327
vn -0.99968785 -0.01243424 -0.02167259
vn -0.99961096 -0.01819089 -0.02114461
vn -0.99959135 -0.02104817 -0.01934407
vn -0.99956793 -0.02538737 -0.01481543
vn -0.99962306 -0.02176737 -0.01673771
vn -0.99965507 -0.02598409 -0.00382574
vn -0.99974316 -0.02229678 -0.00406183
vn -0.84714472 -0.53068948 -0.02673264
vn -0.96433294 -0.26404402 -0.01851847
vn -0.84998405 -0.52677161 -0.00622504
vn -0.96461803 -0.26361132 -0.00459837
vn -0.99602187 -0.08903079 -0.00373626
vn -0.99598169 -0.08844528 -0.01407450
vn -0.55294132 -0.83228844 -0.03939325
vn -0.25329533 -0.96615726 -0.04880392
vn -0.55294132 -0.83228844 -0.03939325
vn -0.26039302 -0.96544003 -0.01100329
vn -0.56156868 -0.82738256 -0.00887486
vn -0.56156868 -0.82738256 -0.00887486
vn -0.11265016 -0.99208152 -0.05553566
vn -0.04806072 -0.99699473 -0.06075855
vn -0.04987142 -0.99865699 -0.01403654
vn -0.11655949 -0.99310285 -0.01268208
vn 0.01857501 -0.99971682 -0.01488068
vn 0.04911157 -0.99869394 -0.01408727
vn -0.00012736 -0.99988526 -0.01514965
vn -0.01891561 -0.99971080 -0.01485625
vn -0.01822181 -0.99779236 -0.06386262
vn -0.00011910 -0.99788857 -0.06494932
vn 0.01790204 -0.99779582 -0.06389774
vn 0.04734115 -0.99702477 -0.06083124
vn 0.54402232 -0.83902204 -0.00904785
vn 0.83365870 -0.55224246 -0.00644851
vn 0.25375828 -0.96720386 -0.01111831
vn 0.54402232 -0.83902204 -0.00904785
vn 0.11437133 -0.99335611 -0.01276405
vn 0.11055766 -0.99230999 -0.05565896
vn 0.24686597 -0.96780950 -0.04900983
vn 0.53548938 -0.84359813 -0.03991683
vn 0.83055562 -0.55624753 -0.02767690
vn 0.53548938 -0.84359813 -0.03991683
vn 0.99559653 -0.09366733 -0.00375531
vn 0.99964345 -0.02642757 -0.00382456
vn 0.96024680 -0.27911282 -0.00471347
vn 0.95991158 -0.27965239 -0.01909047
vn 0.99555475 -0.09309527 -0.01428521
vn 0.99955535 -0.02581867 -0.01492021
vn 0.99973828 -0.02251415 -0.00407280
vn 0.99975568 -0.02167249 -0.00435549
vn 0.99961638 -0.02197059 -0.01686487
vn 0.99958402 -0.02124322 -0.01951022
vn 0.99960381 -0.01835564 -0.02134093
vn 0.99968195 -0.01254577 -0.02188081
vn 0.99990982 -0.01266240 -0.00447441
vn 0.99981648 -0.01862970 -0.00447111
vn 0.99975359 -0.00081416 -0.02218370
vn 0.99998969 -0.00084101 -0.00447079
vn 0.99975282 0.00013695 -0.02223268
vn 0.99998993 0.00005387 -0.00449475
vn 0.99974459 0.00146428 -0.02255381
vn 0.99998897 0.00028574 -0.00470524
vn 0.99972701 0.00287781 -0.02319001
vn 0.99965614 0.00674321 -0.02534403
vn 0.99997717 0.00322779 -0.00594419
vn 0.99998730 0.00046842 -0.00503013
vn 0.99981326 0.01811825 -0.00673703
vn 0.99870747 0.05031224 -0.00722063
vn 0.99939358 0.02122825 -0.02760450
vn 0.99819905 0.05226649 -0.02944533
vn 0.54199648 0.84033120 -0.00913890
vn 0.93644035 0.34997043 -0.02450174
vn 0.55056936 0.83478945 0.00029067
vn 0.93597984 0.35202509 -0.00448729
vn 0.98112631 0.19327082 -0.00612645
vn 0.98112631 0.19327082 -0.00612645
vn 0.98103148 0.19179153 -0.02816674
vn 0.98103148 0.19179153 -0.02816674
vn -0.69603735 0.71794677 0.00919201
vn -0.23981868 0.97080213 0.00551470
vn -0.68130702 0.73199308 0.00264330
vn -0.21325700 0.97699207 0.00282897
vn -0.99774987 0.06702740 0.00157457
vn -0.98237091 0.18690263 0.00386281
vn -0.99763089 0.06879354 0.00038124
vn -0.98138636 0.19204213 0.00082963
vn -0.98237091 0.18690263 0.00386281
vn -0.98138636 0.19204213 0.00082963
vn -0.94065410 0.33936444 0.00134361
vn -0.94372165 0.33068490 0.00609524
vn -0.99972743 0.02334309 0.00039581
vn -0.99999684 0.00243936 0.00062570
vn -0.99973059 0.02320748 0.00058677
vn -0.99999470 0.00328544 0.00007196
vn -1.00000000 0.00000000 0.00000000
vn -0.99999905 -0.00002147 0.00138907
vn -0.99999911 -0.00045825 0.00129579
vn -1.00000000 0.00000000 0.00000000
vn -0.99999911 -0.00087299 0.00109604
vn -1.00000000 0.00000000 0.00000000
vn -0.99999911 0.00002135 0.00138842
vn -1.00000000 0.00000000 0.00000000
vn -1.00000000 0.00000000 0.00000000
vn -1.00000000 0.00000000 0.00000000
vn -0.99999964 0.00036230 0.00076275
vn -0.99999934 0.00040728 0.00106932
vn -0.99999917 0.00032201 0.00127790
vn -1.00000000 0.00000000 0.00000000
vn -0.99964672 0.02657976 0.00002190
vn -0.99788505 0.06500454 -0.00000004
vn -0.99994099 0.01087106 0.00014490
vn -0.99999499 0.00316607 0.00042276
vn -0.99999589 0.00287506 0.00000000
vn -0.99994254 0.01072575 -0.00000015
vn -0.99964744 0.02655159 -0.00000022
vn -0.99788505 0.06500454 -0.00000008
vn -0.05978307 0.99821138 0.00000000
vn 0.00000000 1.00000000 0.00000000
vn -0.43213448 0.90180916 0.00000003
vn -0.94453871 0.32840037 0.00000003
vn -0.43213448 0.90180916 0.00000003
vn -0.94453865 0.32840040 -0.00000010
vn -0.43213445 0.90180922 -0.00000012
vn -0.05978307 0.99821144 0.00000000
vn 0.00000000 1.00000000 0.00000000
vn -0.43213445 0.90180922 -0.00000012
vn 0.00000000 1.00000000 0.00000000
vn 0.00000000 1.00000000 0.00000000
vn 0.00000000 1.00000000 0.00000000
vn 0.00000000 1.00000000 0.00000000
vn 0.00000000 1.00000000 0.00000014
vn 0.00000000 1.00000000 -0.00000009
vn 0.00000000 1.00000000 -0.00000023
vn 0.00000000 1.00000000 0.00000000
vn 0.99838668 0.05678144 0.00000017
vn 0.95034188 0.31120801 0.00000040
vn 0.99838674 0.05678115 0.00000000
vn 0.95034200 0.31120774 0.00000000
vn 0.44063506 0.89768642 0.00000000
vn 0.44063514 0.89768642 0.00000012
vn 0.44063506 0.89768642 0.00000000
vn 0.06043921 0.99817199 0.00000000
vn 0.44063514 0.89768642 0.00000012
vn 0.06043918 0.99817193 0.00000000
vn 0.99973130 0.02318308 0.00000008
vn 0.99995619 0.00936421 0.00000015
vn 0.99995482 0.00951100 0.00014717
vn 0.99973059 0.02321348 0.00002298
vn 0.99999690 0.00250999 0.00000008
vn 1.00000000 0.00000000 0.00000000
vn 0.99999964 0.00036304 0.00076257
vn 0.99999607 0.00280020 0.00042405
vn 0.99999917 0.00032201 0.00127790
vn 0.99999911 0.00002135 0.00138842
vn 0.99999940 0.00040728 0.00106932
vn 1.00000000 0.00000000 0.00000000
vn 1.00000000 0.00000000 0.00000000
vn 1.00000000 0.00000000 0.00000000
vn 0.99999911 -0.00002163 0.00138904
vn 1.00000000 0.00000000 0.00000000
vn 0.99999905 -0.00087216 0.00109598
vn 0.99999690 0.00243936 0.00062585
vn 0.99999911 -0.00045825 0.00129550
vn 1.00000000 0.00000000 0.00000000
vn 1.00000000 0.00000000 0.00000000
vn 0.99999470 0.00328544 0.00007196
vn 0.99973053 0.02320748 0.00058677
vn 0.99972749 0.02334310 0.00039589
vt 0.82422930 0.66317785
vt 0.79887974 0.66316104
vt 0.79888022 0.66648573
vt 0.82422447 0.66649097
vt 0.79522157 0.66312087
vt 0.79521948 0.66643745
vt 0.09680691 0.56946695
vt 0.09684154 0.57351458
vt 0.10804549 0.57351947
vt 0.10801595 0.56946611
vt 0.09677675 0.54113817
vt 0.10796782 0.54115021
vt 0.78999293 0.66300952
vt 0.78998369 0.66629708
vt 0.78189307 0.66279227
vt 0.78186917 0.66601837
vt 0.09693009 0.57930386
vt 0.09709829 0.58827627
vt 0.10822695 0.58833653
vt 0.10811073 0.57932711
vt 0.13072719 0.57935572
vt 0.13068192 0.57352573
vt 0.13079998 0.58841038
vt 0.16989066 0.58847773
vt 0.16985130 0.57938164
vt 0.16982338 0.57353121
vt 0.13065724 0.56946504
vt 0.13059770 0.54116476
vt 0.16980460 0.56946403
vt 0.16974689 0.54117823
vt 0.82417369 0.35392708
vt 0.82713658 0.35395253
vt 0.82712853 0.35072905
vt 0.82416874 0.35070157
vt 0.50937265 0.37659389
vt 0.50935167 0.37337905
vt 0.49813020 0.37339848
vt 0.49813634 0.37660587
vt 0.82989693 0.35404330
vt 0.82988548 0.35081726
vt 0.83292544 0.35423344
vt 0.83291084 0.35099667
vt 0.50926936 0.37038386
vt 0.50909317 0.36709774
vt 0.49795407 0.36713314
vt 0.49807775 0.37041140
vt 0.47539639 0.37044525
vt 0.47541732 0.37342185
vt 0.47533041 0.36717629
vt 0.43608510 0.36721599
vt 0.43610442 0.37047601
vt 0.43610194 0.37344354
vt 0.47540954 0.37662047
vt 0.43608719 0.37663323
vt 0.72030777 0.66093141
vt 0.72015500 0.66360515
vt 0.75517297 0.66499496
vt 0.75525135 0.66200197
vt 0.09851155 0.65651453
vt 0.10916185 0.65689898
vt 0.10862803 0.61799228
vt 0.09770000 0.61779469
vt 0.13134114 0.65737021
vt 0.13103509 0.61823422
vt 0.17014390 0.65779907
vt 0.17000362 0.61845452
vt 0.78158391 0.35431635
vt 0.78156054 0.35117596
vt 0.75515395 0.35219330
vt 0.75523067 0.35510206
vt 0.50905502 0.42317933
vt 0.49787992 0.42323804
vt 0.49747878 0.45205748
vt 0.50845248 0.45186496
vt 0.47520918 0.42331040
vt 0.47497356 0.45229399
vt 0.43594378 0.42337608
vt 0.43583074 0.45250940
vt 0.43568984 0.49111360
vt 0.47466668 0.49069393
vt 0.49694335 0.49023306
vt 0.50763917 0.48985845
vt 0.72017890 0.35357481
vt 0.72032833 0.35616541
vt 0.50760716 0.35469109
vt 0.49665415 0.35054904
vt 0.49743086 0.35862023
vt 0.50838691 0.35857320
vt 0.85148144 0.35613364
vt 0.85146165 0.35287112
vt 0.84075779 0.35171556
vt 0.84077740 0.35499448
vt 0.47451720 0.35061061
vt 0.43569434 0.35066652
vt 0.43595162 0.35873020
vt 0.47501740 0.35867774
vt 0.83290863 0.66286409
vt 0.83289415 0.66618943
vt 0.84075695 0.66546369
vt 0.84077609 0.66209513
vt 0.09705466 0.53155184
vt 0.10814908 0.53158790
vt 0.10867414 0.52290559
vt 0.09776321 0.52285802
vt 0.13067621 0.53163183
vt 0.13099062 0.52296394
vt 0.16974831 0.53167206
vt 0.16988271 0.52301711
vt 0.13149264 0.51475084
vt 0.10945326 0.51468873
vt 0.17014065 0.51480746
vt 0.85146350 0.66430473
vt 0.85148305 0.66095221
vt 0.09836543 0.51677334
vt 0.68005210 0.51711118
vt 0.68005085 0.49957728
vt 0.67215502 0.49957776
vt 0.67210722 0.51733732
vt 0.68005574 0.53213215
vt 0.67204601 0.53247178
vt 0.68005210 0.48204023
vt 0.68005574 0.46700859
vt 0.67204487 0.46666968
vt 0.67210650 0.48181432
vt 0.65597254 0.45964646
vt 0.65735340 0.48076475
vt 0.65768099 0.49957806
vt 0.65735811 0.51838964
vt 0.65598553 0.53856969
vt 0.60753936 0.53856528
vt 0.60464299 0.51838803
vt 0.57496357 0.51733428
vt 0.57510430 0.53246462
vt 0.60386330 0.49957806
vt 0.57483667 0.49957776
vt 0.60472459 0.48076612
vt 0.57497436 0.48181707
vt 0.60777014 0.45965046
vt 0.57512456 0.46667689
vt 0.53772813 0.46701443
vt 0.53772855 0.48204261
vt 0.53772873 0.49957728
vt 0.53772855 0.51710880
vt 0.53772831 0.53212619
vt 0.15462656 0.86344570
vt 0.15462556 0.84890181
vt 0.11556654 0.84890199
vt 0.11556779 0.86344606
vt 0.15462531 0.83192337
vt 0.11556603 0.83192337
vt 0.09301345 0.83192337
vt 0.09301394 0.84890217
vt 0.09301521 0.86344641
vt 0.15462568 0.81494141
vt 0.11556654 0.81494135
vt 0.15462670 0.80038738
vt 0.11556779 0.80038708
vt 0.09301533 0.80038667
vt 0.09301394 0.81494129
vt 0.08202773 0.81494105
vt 0.08202735 0.83192337
vt 0.08202899 0.80038643
vt 0.70667005 0.52712917
vt 0.70666975 0.54220748
vt 0.70846611 0.54220778
vt 0.70846647 0.52712917
vt 0.70667011 0.50953579
vt 0.70846671 0.50953579
vt 0.08202773 0.84890234
vt 0.08202899 0.86344665
vt 0.70667005 0.49194574
vt 0.70846653 0.49194574
vt 0.70666975 0.47687811
vt 0.70846617 0.47687769
vt 0.71862125 0.47687769
vt 0.71862167 0.49194574
vt 0.75449836 0.49171925
vt 0.75462854 0.47653830
vt 0.71862185 0.50953579
vt 0.75438094 0.50953567
vt 0.71862167 0.52712935
vt 0.75450826 0.52735543
vt 0.71862119 0.54220796
vt 0.75464725 0.54254675
vt 0.78499198 0.54707170
vt 0.78203064 0.52840996
vt 0.78123373 0.50953507
vt 0.78195518 0.49066228
vt 0.78477830 0.46706694
vt 0.83199275 0.46706289
vt 0.83311993 0.49066067
vt 0.84031397 0.49171633
vt 0.84025741 0.47069138
vt 0.83341897 0.50953496
vt 0.84035814 0.50953567
vt 0.83311570 0.52841151
vt 0.84031337 0.52735823
vt 0.83198088 0.54707575
vt 0.84025621 0.54345226
vt 0.85081947 0.52713156
vt 0.85078162 0.50953567
vt 0.85087103 0.54311210
vt 0.85081899 0.49194312
vt 0.85087013 0.47103196
vt 0.09302138 0.88019681
vt 0.11557333 0.88019568
vt 0.15463123 0.88019454
vt 0.70846450 0.45952278
vt 0.70666867 0.45952380
vt 0.08203515 0.88019818
vt 0.82406372 0.45689297
vt 0.82686651 0.45778954
vt 0.82695132 0.45237821
vt 0.82406694 0.45226127
vt 0.82928258 0.46048099
vt 0.83254039 0.45314831
vt 0.82960808 0.45273489
vt 0.65054017 0.55320501
vt 0.65340990 0.55284965
vt 0.65305805 0.54512930
vt 0.65044856 0.54781175
vt 0.65657705 0.55243790
vt 0.64742482 0.55332196
vt 0.64742130 0.54870534
vt 0.53772658 0.54942346
vt 0.57484680 0.54947621
vt 0.60409963 0.55241525
vt 0.71861929 0.45952249
vt 0.75439006 0.45946944
vt 0.78159630 0.45317096
vt 0.84029949 0.45360178
vt 0.85086226 0.45366043
vt 0.67209184 0.54950440
vt 0.68007392 0.54944605
vt 0.66389245 0.34671140
vt 0.66409463 0.35113835
vt 0.67258722 0.35181999
vt 0.67254311 0.34748733
vt 0.66405690 0.35721052
vt 0.67253679 0.35771382
vt 0.66400540 0.36545831
vt 0.67246753 0.36575407
vt 0.66394931 0.37641227
vt 0.67239088 0.37652612
vt 0.68048781 0.36624217
vt 0.68056232 0.35846788
vt 0.68040419 0.37678015
vt 0.68061614 0.35281503
vt 0.68056810 0.34863907
vt 0.60434854 0.37661088
vt 0.61324096 0.37657082
vt 0.61326802 0.36554307
vt 0.60441649 0.36561453
vt 0.61896008 0.37653995
vt 0.61896670 0.36549723
vt 0.61897337 0.35713446
vt 0.61329728 0.35719877
vt 0.60449070 0.35731125
vt 0.62293512 0.37651736
vt 0.62293488 0.36547071
vt 0.65468180 0.37643969
vt 0.65470004 0.36540014
vt 0.65471715 0.35704774
vt 0.62293422 0.35710394
vt 0.62293339 0.35091960
vt 0.61897862 0.35095453
vt 0.65472955 0.35088122
vt 0.65441626 0.34639931
vt 0.62293297 0.34642065
vt 0.61898106 0.34646177
vt 0.61332089 0.35104132
vt 0.60455161 0.35120332
vt 0.61333174 0.34657443
vt 0.60457951 0.34679234
vt 0.54158992 0.34908533
vt 0.54141259 0.35298198
vt 0.57569987 0.35177797
vt 0.57579112 0.34758329
vt 0.54102659 0.35863203
vt 0.57550156 0.35769367
vt 0.53854662 0.36612374
vt 0.57526070 0.36583680
vt 0.53812420 0.37683821
vt 0.57504249 0.37671465
vt 0.70896417 0.63270426
vt 0.70727015 0.63276172
vt 0.70788920 0.64360285
vt 0.70948988 0.64347738
vt 0.08245385 0.71297765
vt 0.09334655 0.71290922
vt 0.09358831 0.70236373
vt 0.08278909 0.70251310
vt 0.09390268 0.69455886
vt 0.08331488 0.69489652
vt 0.70870924 0.65149343
vt 0.71015126 0.65122902
vt 0.11580123 0.71283996
vt 0.11595087 0.70221221
vt 0.15476878 0.71278191
vt 0.15484302 0.70208514
vt 0.15492633 0.69406557
vt 0.11612314 0.69427705
vt 0.11629015 0.68862581
vt 0.09427668 0.68909955
vt 0.15500613 0.68832797
vt 0.15506980 0.68447685
vt 0.11642429 0.68484938
vt 0.09455808 0.68551511
vt 0.70968086 0.65676725
vt 0.71087056 0.65624952
vt 0.08409777 0.68980598
vt 0.08465035 0.68661833
vt 0.71087462 0.66006947
vt 0.71145129 0.65879464
vt 0.78168184 0.63290370
vt 0.75456679 0.63279974
vt 0.75476730 0.64370579
vt 0.78174436 0.64392835
vt 0.75498831 0.65186805
vt 0.78181255 0.65224969
vt 0.71897894 0.63267553
vt 0.71936697 0.64341891
vt 0.71979618 0.65136105
vt 0.72014898 0.65702426
vt 0.75516975 0.65779644
vt 0.78186810 0.65837026
vt 0.78998327 0.65853143
vt 0.79521948 0.65861696
vt 0.79521465 0.65242505
vt 0.78996164 0.65236145
vt 0.79888022 0.65865129
vt 0.82422447 0.65868556
vt 0.82421273 0.65250796
vt 0.79888082 0.65245491
vt 0.79888135 0.64407051
vt 0.79520839 0.64404446
vt 0.82419711 0.64413923
vt 0.82418013 0.63307321
vt 0.79888153 0.63299668
vt 0.79520226 0.63297433
vt 0.78993487 0.64399928
vt 0.78990984 0.63294363
vt 0.85119134 0.63273615
vt 0.84057498 0.63298821
vt 0.84064591 0.64378798
vt 0.85128236 0.64330459
vt 0.84071010 0.65184641
vt 0.85137194 0.65109891
vt 0.83275962 0.63309997
vt 0.83281153 0.64408004
vt 0.83285904 0.65234423
vt 0.83289433 0.65842730
vt 0.84075695 0.65775228
vt 0.85144526 0.65676582
vt 0.85086399 0.56047869
vt 0.84029818 0.56053716
vt 0.84044659 0.60326844
vt 0.85103297 0.60323083
vt 0.83252347 0.56099045
vt 0.83266908 0.60323834
vt 0.83271182 0.61886925
vt 0.84050757 0.61885786
vt 0.85110831 0.61874712
vt 0.78989363 0.61869389
vt 0.78164327 0.61867368
vt 0.79519755 0.61871409
vt 0.79519391 0.60309553
vt 0.78988397 0.60308266
vt 0.78162265 0.60307348
vt 0.79888093 0.61873221
vt 0.82416493 0.61880356
vt 0.82415146 0.60316753
vt 0.79887974 0.60310918
vt 0.82412195 0.56187809
vt 0.79887652 0.56187022
vt 0.79523617 0.56174815
vt 0.79006791 0.56138623
vt 0.78189993 0.56096810
vt 0.75441968 0.55961108
vt 0.75438803 0.60307157
vt 0.71861905 0.55955803
vt 0.71863896 0.60308242
vt 0.71874964 0.61860806
vt 0.75444716 0.61863905
vt 0.70846421 0.55955803
vt 0.70666838 0.55955684
vt 0.70671850 0.60308415
vt 0.70849961 0.60308474
vt 0.08203541 0.78363967
vt 0.09302162 0.78364086
vt 0.09310192 0.74162507
vt 0.08212489 0.74162436
vt 0.11557370 0.78364217
vt 0.11564103 0.74162596
vt 0.15463135 0.78364325
vt 0.15468144 0.74162686
vt 0.11570169 0.72656912
vt 0.09319127 0.72659051
vt 0.15471630 0.72655118
vt 0.70690084 0.61863697
vt 0.70865202 0.61861902
vt 0.08224230 0.72661173
vt 0.57491183 0.39083296
vt 0.60430640 0.39079887
vt 0.57484680 0.40635139
vt 0.60428381 0.40635031
vt 0.53787380 0.39086354
vt 0.53775197 0.40633982
vt 0.53772628 0.44972193
vt 0.57487887 0.44966918
vt 0.60442758 0.44580030
vt 0.61325592 0.44538349
vt 0.61321265 0.40634066
vt 0.61884135 0.44502288
vt 0.61895084 0.40632796
vt 0.62277442 0.44490129
vt 0.62293321 0.40631455
vt 0.64748430 0.44489336
vt 0.65465045 0.40625578
vt 0.62293440 0.39074033
vt 0.61895484 0.39075851
vt 0.65466523 0.39066815
vt 0.61322314 0.39077872
vt 0.67231804 0.39061427
vt 0.68032318 0.39072603
vt 0.67225158 0.40615481
vt 0.68024850 0.40619242
vt 0.66389722 0.39060235
vt 0.66385090 0.40618461
vt 0.65655875 0.44577771
vt 0.67209047 0.44964147
vt 0.68007439 0.44969982
vt 0.83291125 0.35853100
vt 0.84075850 0.35919815
vt 0.83287644 0.36449444
vt 0.84071201 0.36498505
vt 0.83282924 0.37272853
vt 0.84064811 0.37301469
vt 0.83277762 0.38383847
vt 0.84057736 0.38394547
vt 0.85128206 0.37349671
vt 0.85137111 0.36573017
vt 0.85119110 0.38419700
vt 0.85144424 0.36018109
vt 0.82412547 0.38387173
vt 0.82705671 0.38384682
vt 0.82708454 0.37266248
vt 0.82414210 0.37267685
vt 0.82710999 0.36433887
vt 0.82415766 0.36433870
vt 0.82978272 0.38383245
vt 0.82982248 0.37267381
vt 0.82985890 0.36438245
vt 0.82988596 0.35836869
vt 0.82712883 0.35829574
vt 0.82416916 0.35828078
vt 0.72016555 0.35993773
vt 0.75514704 0.35917133
vt 0.71980864 0.36548442
vt 0.75496340 0.36498201
vt 0.71937549 0.37339807
vt 0.75474030 0.37311494
vt 0.71898419 0.38427150
vt 0.75453824 0.38415015
vt 0.78137040 0.38404751
vt 0.78143334 0.37289429
vt 0.78150207 0.36460310
vt 0.78155828 0.35860115
vt 0.71147287 0.35822588
vt 0.71089816 0.35699075
vt 0.70970094 0.36017638
vt 0.71088934 0.36068189
vt 0.08466697 0.97916961
vt 0.09457192 0.98024333
vt 0.09428826 0.97678435
vt 0.08411224 0.97609478
vt 0.09391174 0.97143418
vt 0.08332658 0.97110194
vt 0.70872486 0.36534888
vt 0.71016580 0.36560899
vt 0.11643399 0.98089731
vt 0.11629832 0.97725064
vt 0.15507546 0.98126769
vt 0.15501077 0.97754657
vt 0.15492973 0.97192234
vt 0.11612944 0.97171259
vt 0.11595501 0.96380609
vt 0.09359448 0.96365607
vt 0.15484528 0.96393180
vt 0.15477003 0.95311135
vt 0.11580363 0.95305419
vt 0.09335034 0.95298600
vt 0.70790011 0.37321585
vt 0.70949996 0.37334001
vt 0.08279741 0.96350807
vt 0.08245888 0.95291865
vt 0.70727670 0.38418639
vt 0.70897043 0.38424313
vt 0.60401219 0.62465698
vt 0.57501155 0.62455475
vt 0.57523155 0.63556111
vt 0.60408068 0.63578176
vt 0.57547468 0.64367497
vt 0.60415548 0.64405507
vt 0.53812981 0.62443399
vt 0.53855586 0.63527822
vt 0.53902775 0.64317238
vt 0.53941822 0.64870650
vt 0.57567555 0.64947331
vt 0.53959990 0.65246880
vt 0.57576883 0.65353203
vt 0.60421699 0.65004432
vt 0.60424560 0.65431869
vt 0.65467471 0.65471542
vt 0.65787512 0.65469110
vt 0.65786707 0.65035784
vt 0.65466982 0.65037167
vt 0.65784669 0.64432526
vt 0.65465754 0.64432442
vt 0.66085678 0.65460122
vt 0.66084522 0.65028572
vt 0.66412807 0.65441036
vt 0.66411310 0.65012246
vt 0.66407573 0.64416945
vt 0.66081613 0.64428210
vt 0.66077679 0.63600647
vt 0.65781909 0.63601756
vt 0.66402447 0.63595146
vt 0.66396856 0.62486863
vt 0.66073358 0.62487459
vt 0.65778905 0.62485999
vt 0.65464085 0.63600254
vt 0.65462267 0.62483466
vt 0.68040502 0.62450576
vt 0.67239344 0.62475973
vt 0.67246997 0.63566208
vt 0.68048853 0.63517547
vt 0.67253888 0.64367378
vt 0.68056285 0.64292157
vt 0.67258877 0.64944911
vt 0.67260867 0.65364265
vt 0.68061644 0.64845729
vt 0.68063742 0.65249491
vt 0.37493119 0.35070002
vt 0.30316946 0.35071158
vt 0.30316988 0.35877228
vt 0.37503690 0.35876179
vt 0.23135038 0.35070074
vt 0.17041726 0.35066772
vt 0.17015998 0.35873109
vt 0.23124553 0.35876215
vt 0.17001700 0.36721629
vt 0.23119432 0.36724007
vt 0.30316579 0.36724794
vt 0.37507987 0.36723977
vt 0.37507421 0.37345636
vt 0.37506312 0.37664127
vt 0.30316126 0.37346101
vt 0.30315962 0.37664407
vt 0.37508115 0.37049425
vt 0.30316371 0.37050092
vt 0.23118857 0.37049466
vt 0.23119107 0.37345672
vt 0.16999283 0.37047637
vt 0.16999076 0.37344390
vt 0.23119840 0.37664127
vt 0.17000182 0.37663352
vt 0.37494266 0.45263934
vt 0.37489223 0.49136603
vt 0.30315349 0.45268285
vt 0.30315596 0.49145085
vt 0.37498564 0.42341542
vt 0.30315265 0.42342907
vt 0.23126274 0.42341602
vt 0.23130742 0.45264089
vt 0.17013252 0.42337722
vt 0.17024805 0.45251369
vt 0.23136269 0.49136955
vt 0.17039390 0.49112135
vt 0.21523091 0.96400744
vt 0.21520121 0.95314568
vt 0.21526338 0.97204864
vt 0.28639209 0.97209120
vt 0.28639260 0.96403313
vt 0.28639284 0.95315719
vt 0.21529421 0.97772419
vt 0.21531862 0.98149025
vt 0.28639069 0.98156548
vt 0.28639135 0.97778451
vt 0.35754496 0.97772729
vt 0.35757717 0.97205073
vt 0.35751930 0.98149395
vt 0.41793182 0.98127592
vt 0.41799828 0.97755325
vt 0.41808107 0.97192752
vt 0.35761115 0.96400893
vt 0.35764149 0.95314646
vt 0.41816744 0.96393526
vt 0.41824356 0.95311326
vt 0.21513477 0.88019395
vt 0.21513200 0.86344552
vt 0.28638971 0.88019359
vt 0.28638944 0.86344552
vt 0.35770163 0.88019395
vt 0.35770378 0.86344552
vt 0.41837659 0.88019454
vt 0.41838086 0.86344570
vt 0.41838148 0.84890181
vt 0.35770440 0.84890181
vt 0.41838172 0.83192337
vt 0.35770440 0.83192337
vt 0.28638932 0.83192337
vt 0.28638932 0.84890181
vt 0.41838148 0.81494141
vt 0.35770440 0.81494153
vt 0.41838059 0.80038738
vt 0.35770378 0.80038756
vt 0.28638944 0.80038756
vt 0.28638932 0.81494153
vt 0.21513161 0.81494153
vt 0.21513137 0.83192337
vt 0.21513212 0.80038756
vt 0.21513149 0.84890181
vt 0.21517831 0.72654045
vt 0.21520059 0.71274698
vt 0.21516220 0.74162734
vt 0.28639197 0.74162751
vt 0.28639260 0.72653675
vt 0.28639284 0.71273506
vt 0.21513489 0.78364378
vt 0.28638971 0.78364408
vt 0.35770163 0.78364378
vt 0.35767874 0.74162722
vt 0.41837659 0.78364313
vt 0.41833076 0.74162632
vt 0.35766390 0.72654003
vt 0.35764211 0.71274626
vt 0.41829678 0.72655022
vt 0.41824469 0.71278000
vt 0.21529195 0.68814892
vt 0.21531598 0.68425280
vt 0.21526188 0.69393837
vt 0.28639197 0.69389534
vt 0.28639120 0.68808830
vt 0.28639057 0.68417704
vt 0.21522978 0.70200872
vt 0.28639260 0.70198280
vt 0.35761228 0.70200729
vt 0.35757893 0.69393617
vt 0.41816971 0.70208180
vt 0.41808462 0.69406044
vt 0.35754722 0.68814588
vt 0.35752180 0.68424904
vt 0.41800269 0.68832111
vt 0.41793737 0.68446851
vt 0.23061536 0.61858696
vt 0.23057252 0.58851808
vt 0.30207723 0.61863160
vt 0.30207807 0.58853173
vt 0.23066550 0.65805686
vt 0.30207521 0.65814376
vt 0.37354118 0.65806043
vt 0.37359580 0.61858881
vt 0.43423304 0.65780723
vt 0.43437845 0.61845887
vt 0.37364069 0.58851874
vt 0.43449366 0.58847904
vt 0.23053133 0.56946349
vt 0.23049507 0.54118633
vt 0.23054153 0.57353461
vt 0.30207703 0.57353568
vt 0.30207604 0.56946331
vt 0.30207154 0.54118907
vt 0.23055521 0.57939732
vt 0.30207765 0.57940251
vt 0.37365741 0.57939756
vt 0.37366924 0.57353461
vt 0.43453258 0.57938224
vt 0.43455929 0.57353139
vt 0.37367779 0.56946349
vt 0.37370509 0.54118651
vt 0.43457580 0.56946409
vt 0.43462494 0.54117846
vt 0.23052114 0.52304912
vt 0.23062718 0.51484174
vt 0.30206093 0.52306020
vt 0.30206177 0.51485336
vt 0.23047793 0.53169626
vt 0.30206501 0.53170455
vt 0.37370920 0.53169656
vt 0.37365800 0.52304971
vt 0.43461028 0.53167260
vt 0.43446690 0.52301800
vt 0.37355241 0.51484239
vt 0.43420857 0.51480865
vt 0.13131048 0.35061163
vt 0.10883106 0.35055029
vt 0.10805061 0.35862064
vt 0.13080820 0.35867852
vt 0.68061447 0.65574729
vt 0.67258698 0.65690958
vt 0.09728558 0.35247207
vt 0.09674676 0.35857320
vt 0.66411167 0.65763319
vt 0.09602694 0.36709702
vt 0.10751513 0.36713314
vt 0.13048454 0.36717671
vt 0.13038784 0.37342203
vt 0.13039196 0.37662047
vt 0.10732871 0.37339801
vt 0.10731888 0.37660551
vt 0.13041326 0.37044525
vt 0.10738565 0.37041140
vt 0.09584546 0.37038344
vt 0.09575818 0.37337822
vt 0.66084403 0.65781307
vt 0.65786612 0.65790033
vt 0.09573400 0.37659347
vt 0.65466928 0.65792644
vt 0.53944558 0.65504825
vt 0.57568967 0.65642798
vt 0.09747399 0.48988682
vt 0.10851313 0.49025446
vt 0.10797030 0.45206875
vt 0.09665130 0.45188016
vt 0.13113186 0.49070793
vt 0.13081925 0.45230138
vt 0.13058041 0.42331272
vt 0.10756469 0.42324191
vt 0.09604292 0.42318434
vt 0.60422152 0.65744531
vt 0.45734173 0.96381223
vt 0.45749477 0.95305777
vt 0.45716503 0.97172165
vt 0.47972026 0.97144741
vt 0.48004332 0.96366543
vt 0.48028973 0.95299160
vt 0.45699352 0.97726250
vt 0.45685586 0.98091173
vt 0.47904059 0.98026365
vt 0.47933218 0.97680157
vt 0.48981550 0.97611630
vt 0.49063763 0.97111940
vt 0.48923597 0.97919440
vt 0.52812207 0.64845967
vt 0.52941775 0.65163791
vt 0.53003347 0.65040857
vt 0.52939975 0.64795870
vt 0.52706462 0.64330006
vt 0.52861410 0.64304411
vt 0.49118170 0.96352059
vt 0.49152285 0.95292634
vt 0.52617073 0.63545418
vt 0.52789116 0.63533330
vt 0.52549481 0.62451518
vt 0.52731609 0.62446094
vt 0.45771977 0.88019568
vt 0.45772532 0.86344606
vt 0.48061493 0.88019705
vt 0.48062071 0.86344641
vt 0.49194404 0.88019836
vt 0.49194983 0.86344683
vt 0.52483118 0.53212589
vt 0.52483028 0.54942226
vt 0.52676070 0.54942346
vt 0.52676207 0.53212619
vt 0.52676237 0.51710880
vt 0.52483135 0.51710832
vt 0.52676249 0.49957728
vt 0.52483147 0.49957728
vt 0.49195096 0.84890234
vt 0.49195161 0.83192337
vt 0.48062208 0.83192337
vt 0.48062184 0.84890217
vt 0.52676225 0.48204261
vt 0.52483130 0.48204261
vt 0.52676195 0.46701443
vt 0.52483118 0.46701491
vt 0.49195096 0.81494105
vt 0.49194983 0.80038631
vt 0.48062071 0.80038667
vt 0.48062184 0.81494117
vt 0.45772657 0.81494135
vt 0.45772681 0.83192337
vt 0.45772532 0.80038708
vt 0.45772657 0.84890199
vt 0.45759681 0.72656715
vt 0.45749703 0.71283633
vt 0.45765659 0.74162501
vt 0.48053828 0.74162340
vt 0.48044941 0.72658736
vt 0.48029324 0.71290362
vt 0.45771977 0.78364205
vt 0.48061466 0.78364074
vt 0.49194404 0.78363937
vt 0.49185774 0.74162185
vt 0.52488786 0.40633905
vt 0.52483010 0.44972306
vt 0.52676040 0.44972235
vt 0.52680260 0.40633833
vt 0.49174044 0.72660732
vt 0.49152812 0.71297002
vt 0.52508652 0.39083660
vt 0.52696955 0.39085317
vt 0.52548748 0.37675548
vt 0.52730930 0.37681127
vt 0.45700145 0.68861389
vt 0.45686552 0.68483502
vt 0.45717108 0.69426799
vt 0.47972944 0.69454551
vt 0.47934410 0.68908226
vt 0.47905442 0.68549478
vt 0.45734575 0.70220602
vt 0.48004934 0.70235443
vt 0.49118999 0.70250070
vt 0.49064949 0.69487917
vt 0.52615905 0.36594605
vt 0.52788025 0.36606818
vt 0.52906001 0.35850769
vt 0.53061074 0.35876793
vt 0.48982999 0.68978447
vt 0.48925284 0.68659365
vt 0.53011274 0.35324734
vt 0.53139186 0.35375983
vt 0.53140467 0.34995282
vt 0.53202254 0.35122120
vt 0.47363159 0.61824179
vt 0.47386977 0.58841300
vt 0.49638081 0.61800367
vt 0.49678618 0.58834040
vt 0.47331923 0.65738463
vt 0.49583924 0.65692067
vt 0.50683171 0.65654373
vt 0.50765240 0.61781019
vt 0.57571000 0.34460324
vt 0.54143196 0.34642309
vt 0.50826007 0.58828151
vt 0.60455489 0.34358007
vt 0.47400922 0.56946516
vt 0.47406021 0.54116499
vt 0.47398645 0.57352602
vt 0.49696678 0.57352018
vt 0.49699497 0.56946629
vt 0.49703512 0.54115009
vt 0.47394237 0.57935679
vt 0.49690276 0.57932889
vt 0.50842887 0.57930624
vt 0.50851673 0.57351530
vt 0.61332232 0.34330070
vt 0.61897898 0.34315920
vt 0.50854999 0.56946719
vt 0.50857300 0.54113781
vt 0.62293339 0.34311056
vt 0.65276837 0.34310102
vt 0.47364342 0.52296478
vt 0.47313941 0.51475215
vt 0.49630249 0.52290595
vt 0.49551973 0.51468968
vt 0.47396845 0.53163230
vt 0.49684000 0.53158772
vt 0.50828165 0.53155112
vt 0.50755966 0.52285767
vt 0.67133814 0.34413087
vt 0.66237795 0.34340024
vt 0.50609797 0.51805508
vt 0.67972022 0.34529686
vt 0.62143332 0.55331361
vt 0.62143868 0.54870331
vt 0.62159115 0.65469074
vt 0.62159169 0.65032929
vt 0.62159246 0.64426374
vt 0.62159324 0.63592720
vt 0.62159365 0.62475288
vt 0.17005017 0.40571159
vt 0.13044153 0.40571278
vt 0.10735697 0.40571386
vt 0.09575450 0.40571475
vt 0.62159151 0.65791446
vt 0.43602988 0.40571159
vt 0.37502706 0.40571088
vt 0.30315474 0.40571088
vt 0.23122546 0.40571117
vt 0.79763734 0.35394740
vt 0.79763782 0.35070962
vt 0.50934511 0.40571475
vt 0.49809054 0.40571356
vt 0.47535133 0.40571278
vt 0.79763955 0.38395214
vt 0.79763925 0.37274992
vt 0.79763854 0.36439621
vt 0.79763782 0.35831910
vt 0.79763985 0.45689517
vt 0.79763490 0.45226914
vt 0.61779958 0.55319238
vt 0.61823559 0.54780853
vt 0.61258769 0.55283177
vt 0.61430967 0.54512537
vt 0.61265832 0.65453625
vt 0.61264741 0.65020609
vt 0.61793751 0.65464878
vt 0.61793494 0.65029323
vt 0.61792988 0.64423263
vt 0.61262339 0.64416754
vt 0.61792326 0.63590002
vt 0.61791646 0.62472916
vt 0.61259407 0.63585317
vt 0.61256683 0.62469745
vt 0.17009360 0.41478264
vt 0.13050789 0.41475779
vt 0.17006698 0.40940720
vt 0.13046446 0.40940219
vt 0.10738443 0.40939635
vt 0.10744834 0.41473061
vt 0.09578687 0.40939170
vt 0.61793542 0.65786505
vt 0.09587456 0.41470832
vt 0.61264920 0.65772355
vt 0.43598318 0.41478199
vt 0.37500286 0.41479737
vt 0.43601137 0.40940720
vt 0.37501681 0.40941030
vt 0.30315390 0.40941155
vt 0.30315310 0.41480255
vt 0.23123407 0.40941030
vt 0.23124593 0.41479737
vt 0.78936952 0.35409963
vt 0.78936058 0.35089839
vt 0.79425526 0.35398805
vt 0.79425335 0.35075802
vt 0.50922304 0.41470641
vt 0.50931108 0.40939081
vt 0.49806136 0.40939599
vt 0.49799624 0.41472906
vt 0.47532672 0.40940177
vt 0.47528201 0.41475648
vt 0.78928572 0.38400728
vt 0.78931075 0.37282306
vt 0.79423606 0.38397568
vt 0.79424220 0.37277716
vt 0.79424834 0.36442703
vt 0.78933764 0.36449122
vt 0.79425317 0.35835433
vt 0.78935957 0.35844034
vt 0.79104215 0.46048492
vt 0.79467523 0.45779276
vt 0.79427177 0.45239127
vt 0.78944933 0.45275301
vt 0.65051562 0.44501024
vt 0.65771216 0.40623295
vt 0.65337270 0.44536597
vt 0.66062081 0.40620828
vt 0.66065586 0.39061856
vt 0.65773654 0.39064229
vt 0.66069549 0.37640369
vt 0.65776396 0.37641633
vt 0.65782207 0.35704887
vt 0.65784270 0.35089660
vt 0.65754473 0.34642506
vt 0.65779418 0.36538708
vt 0.66073865 0.36540043
vt 0.66077858 0.35709441
vt 0.66080803 0.35097188
vt 0.66054487 0.34651732
vt 0.43463475 0.53501034
vt 0.47403982 0.53497887
vt 0.43463635 0.53801775
vt 0.47406453 0.53799558
vt 0.49702594 0.53797114
vt 0.49696946 0.53494418
vt 0.50854939 0.53795111
vt 0.65591240 0.34312826
vt 0.50846332 0.53491557
vt 0.65895206 0.34321785
vt 0.16972874 0.53500998
vt 0.23047669 0.53502876
vt 0.16973160 0.53801745
vt 0.23048362 0.53803062
vt 0.30206949 0.53803515
vt 0.30206725 0.53503513
vt 0.37371245 0.53803092
vt 0.37371528 0.53502905
vt 0.82986253 0.66305739
vt 0.82985127 0.66637164
vt 0.82711422 0.66315067
vt 0.82710630 0.66646188
vt 0.09687868 0.53491640
vt 0.09679711 0.53795171
vt 0.10797352 0.53797138
vt 0.10802510 0.53494442
vt 0.13058975 0.53799546
vt 0.13061014 0.53497863
vt 0.82708716 0.65250564
vt 0.82706141 0.64415151
vt 0.82703346 0.63309610
vt 0.82710630 0.65866858
vt 0.82985145 0.65859318
vt 0.82982409 0.65245944
vt 0.82978737 0.64413768
vt 0.82974744 0.63310850
vt 0.82698596 0.60319018
vt 0.82692850 0.56176084
vt 0.82700819 0.61882913
vt 0.82971090 0.61885285
vt 0.82967860 0.60321462
vt 0.82957375 0.56140375
vt 0.82255274 0.02475482
vt 0.82255274 0.02361774
vt 0.79687667 0.02361774
vt 0.79687667 0.02475482
vt 0.51089770 0.05649990
vt 0.50223887 0.05649990
vt 0.50223887 0.08234584
vt 0.51089770 0.08234584
vt 0.50223887 0.08673805
vt 0.51089770 0.08673805
vt 0.79255337 0.02361774
vt 0.79255337 0.02475482
vt 0.48123145 0.05649990
vt 0.48123145 0.08234584
vt 0.44211534 0.05649990
vt 0.44211534 0.08234584
vt 0.44211534 0.08673805
vt 0.48123145 0.08673805
vt 0.48123145 0.09292793
vt 0.50223887 0.09292793
vt 0.44211534 0.09292793
vt 0.44211534 0.10245866
vt 0.48123145 0.10245866
vt 0.50223887 0.10245866
vt 0.78646058 0.02361774
vt 0.78646058 0.02475482
vt 0.51089770 0.09292793
vt 0.51089770 0.10245866
vt 0.77707916 0.02361774
vt 0.77707916 0.02475482
vt 0.09464282 0.21772099
vt 0.10332815 0.21772099
vt 0.10332815 0.21418226
vt 0.09464282 0.21418226
vt 0.82248586 0.33253014
vt 0.82248586 0.33358055
vt 0.82599515 0.33358055
vt 0.82599515 0.33253014
vt 0.12440014 0.21772099
vt 0.16363639 0.21772099
vt 0.16363639 0.21418226
vt 0.12440014 0.21418226
vt 0.12440014 0.21090198
vt 0.10332815 0.21090198
vt 0.16363639 0.21090198
vt 0.16363639 0.20729518
vt 0.12440014 0.20729518
vt 0.10332815 0.20729518
vt 0.82924813 0.33358055
vt 0.82924813 0.33253014
vt 0.09464282 0.21090198
vt 0.09464306 0.20729584
vt 0.83282483 0.33358055
vt 0.83282483 0.33253014
vt 0.72449732 0.02583575
vt 0.73336530 0.02529198
vt 0.73232490 0.02429163
vt 0.72065777 0.02529198
vt 0.74721140 0.02488923
vt 0.74695146 0.02378619
vt 0.51057559 0.14792579
vt 0.51081717 0.13306642
vt 0.50221848 0.13346279
vt 0.50215840 0.14951146
vt 0.50968081 0.15922868
vt 0.49936634 0.16193300
vt 0.76288950 0.02475482
vt 0.76288950 0.02361774
vt 0.51089770 0.11687458
vt 0.50223887 0.11687458
vt 0.48123145 0.11687458
vt 0.48123145 0.13359475
vt 0.44211534 0.11687458
vt 0.44211534 0.13359475
vt 0.48123145 0.15003973
vt 0.48123145 0.16362923
vt 0.44211534 0.15003973
vt 0.44211534 0.16362923
vt 0.77670008 0.33253014
vt 0.76273775 0.33253014
vt 0.76273775 0.33358055
vt 0.77670008 0.33358055
vt 0.74717367 0.33240622
vt 0.74691343 0.33342481
vt 0.09464282 0.27990931
vt 0.09472357 0.29586673
vt 0.10334824 0.29626006
vt 0.10332815 0.27990931
vt 0.09464282 0.26582974
vt 0.10332815 0.26582974
vt 0.73336530 0.33203429
vt 0.73232490 0.33295810
vt 0.72449732 0.33153147
vt 0.72065777 0.33203429
vt 0.09496629 0.31057799
vt 0.09609431 0.32225513
vt 0.10421091 0.32514024
vt 0.10340889 0.31215161
vt 0.12440014 0.31267619
vt 0.12440014 0.29639119
vt 0.12440014 0.32616490
vt 0.16363639 0.32616490
vt 0.16363639 0.31267619
vt 0.16363639 0.29639119
vt 0.12440014 0.27990931
vt 0.12440014 0.26582974
vt 0.16363639 0.27990931
vt 0.16363639 0.26582974
vt 0.85636687 0.33311772
vt 0.84740639 0.33258891
vt 0.84740639 0.33365411
vt 0.85636687 0.33431524
vt 0.09669314 0.19569772
vt 0.09590254 0.20144141
vt 0.10384586 0.19936252
vt 0.10436853 0.19253242
vt 0.12438136 0.19785357
vt 0.16362669 0.19785357
vt 0.12421194 0.18881804
vt 0.16354249 0.18881804
vt 0.83280367 0.02475482
vt 0.84740448 0.02469611
vt 0.84740448 0.02354425
vt 0.83280367 0.02361774
vt 0.51089770 0.04608572
vt 0.51094246 0.03655452
vt 0.50226980 0.03655452
vt 0.50223887 0.04608572
vt 0.85636687 0.02416718
vt 0.85636687 0.02288324
vt 0.50703740 0.03011215
vt 0.49594405 0.02763295
vt 0.48141903 0.02744949
vt 0.48125017 0.03655452
vt 0.44220889 0.02744949
vt 0.44212449 0.03655452
vt 0.48123145 0.04608572
vt 0.44211534 0.04608572
vt 0.67395037 0.13604498
vt 0.66493857 0.13566792
vt 0.66501099 0.15447628
vt 0.67395037 0.15472078
vt 0.66506582 0.17422628
vt 0.67395037 0.17422646
vt 0.65489781 0.13164395
vt 0.65626949 0.15312928
vt 0.65663350 0.17422557
vt 0.65626436 0.19471097
vt 0.66501027 0.19384766
vt 0.65488327 0.21111053
vt 0.66493720 0.20709229
vt 0.67395037 0.19358468
vt 0.67395037 0.20671582
vt 0.60819423 0.13164395
vt 0.59159899 0.13656729
vt 0.59100556 0.15377086
vt 0.60498726 0.15335017
vt 0.57427114 0.13774353
vt 0.57412279 0.15452480
vt 0.57398963 0.17422628
vt 0.59047318 0.17422605
vt 0.60416895 0.17422557
vt 0.55640721 0.13812059
vt 0.55640721 0.15477622
vt 0.53680611 0.13812059
vt 0.53680611 0.15477622
vt 0.53680611 0.17422646
vt 0.55640721 0.17422646
vt 0.55640721 0.19368047
vt 0.57413495 0.19393146
vt 0.53680611 0.19368047
vt 0.53680611 0.21034807
vt 0.55640721 0.21034807
vt 0.57429403 0.21072453
vt 0.59105420 0.19468433
vt 0.60507911 0.19509947
vt 0.59169078 0.21178889
vt 0.60845399 0.21111053
vt 0.57202888 0.79665434
vt 0.53167367 0.79665434
vt 0.53167367 0.81357795
vt 0.57202888 0.81357795
vt 0.51000071 0.79665434
vt 0.51000071 0.81357795
vt 0.51000071 0.83334076
vt 0.53167367 0.83334076
vt 0.57202888 0.83334076
vt 0.70008487 0.21329224
vt 0.70409775 0.21329224
vt 0.70409775 0.19682187
vt 0.70008487 0.19682187
vt 0.71686780 0.21329224
vt 0.71686780 0.19682187
vt 0.71686780 0.17758811
vt 0.70409775 0.17758811
vt 0.70008487 0.17758811
vt 0.70409775 0.15835083
vt 0.70008487 0.15835083
vt 0.71686780 0.15835083
vt 0.71686780 0.14186871
vt 0.70409775 0.14186871
vt 0.70008487 0.14186871
vt 0.53167367 0.85310721
vt 0.57202888 0.85310721
vt 0.51000071 0.85310721
vt 0.51000071 0.87004280
vt 0.53167367 0.87004280
vt 0.57202888 0.87004280
vt 0.73024404 0.21329224
vt 0.73024404 0.19682187
vt 0.74671584 0.21366507
vt 0.74656779 0.19707018
vt 0.74643475 0.17758811
vt 0.73024404 0.17758811
vt 0.76402819 0.21478337
vt 0.76343536 0.19781578
vt 0.78060853 0.21764416
vt 0.77740431 0.19822985
vt 0.77658701 0.17758894
vt 0.76290345 0.17758846
vt 0.76348388 0.15735775
vt 0.74657971 0.15810245
vt 0.77749610 0.15694582
vt 0.78086829 0.13752294
vt 0.76411986 0.14037979
vt 0.74673891 0.14149636
vt 0.73024404 0.15835083
vt 0.73024404 0.14186871
vt 0.83211237 0.21764416
vt 0.84736300 0.21366507
vt 0.84743524 0.19707018
vt 0.83348280 0.19822985
vt 0.84749013 0.17758811
vt 0.83384669 0.17758894
vt 0.85636687 0.21329224
vt 0.85636687 0.19682187
vt 0.85636687 0.17758811
vt 0.85636687 0.15835083
vt 0.84743464 0.15810245
vt 0.85636687 0.14186871
vt 0.84736162 0.14149636
vt 0.83347780 0.15694582
vt 0.83209801 0.13752294
vt 0.71686780 0.23221207
vt 0.70409775 0.23221207
vt 0.70008487 0.23221207
vt 0.51000071 0.77721417
vt 0.53167367 0.77721417
vt 0.57202888 0.77721417
vt 0.82248586 0.22876358
vt 0.82248586 0.23375916
vt 0.82598507 0.23362786
vt 0.82588869 0.22778279
vt 0.82920730 0.23323423
vt 0.82882166 0.22483987
vt 0.83276373 0.23277795
vt 0.64526266 0.11534762
vt 0.64526266 0.12039930
vt 0.64866841 0.12139112
vt 0.64876491 0.11548030
vt 0.65160406 0.12436724
vt 0.65199018 0.11587858
vt 0.65554976 0.11633956
vt 0.57400411 0.11892492
vt 0.55640721 0.11898786
vt 0.53680611 0.11898786
vt 0.60461742 0.11633956
vt 0.59053087 0.11844975
vt 0.74644911 0.23227423
vt 0.76296109 0.23246044
vt 0.77703488 0.23277795
vt 0.73024404 0.23221207
vt 0.84739649 0.23227423
vt 0.85636687 0.23221207
vt 0.66497201 0.11684930
vt 0.67395037 0.11691225
vt 0.65558952 0.32878047
vt 0.66498011 0.32883984
vt 0.66498011 0.32690841
vt 0.65558952 0.32686377
vt 0.66498011 0.32329398
vt 0.65558952 0.32326323
vt 0.67395037 0.32937467
vt 0.67395037 0.32730955
vt 0.67395037 0.32356972
vt 0.67395037 0.31724721
vt 0.66498011 0.31708008
vt 0.67395037 0.30743402
vt 0.66498011 0.30735040
vt 0.65558952 0.31706148
vt 0.65558952 0.30734110
vt 0.60466176 0.30734110
vt 0.60466176 0.31706148
vt 0.61405158 0.31706148
vt 0.61405158 0.30734110
vt 0.60466176 0.32326323
vt 0.61405158 0.32326323
vt 0.62014979 0.32326323
vt 0.62014979 0.31706148
vt 0.62014979 0.30734116
vt 0.60466176 0.32686377
vt 0.61405158 0.32686383
vt 0.60466176 0.32878047
vt 0.61405158 0.32878047
vt 0.62014979 0.32878047
vt 0.62014979 0.32686377
vt 0.62447697 0.32686377
vt 0.62447697 0.32326323
vt 0.62447697 0.32878047
vt 0.64532948 0.32878047
vt 0.64532948 0.32686377
vt 0.64532948 0.32326323
vt 0.62447697 0.31706148
vt 0.62447697 0.30734110
vt 0.64532948 0.31706148
vt 0.64532948 0.30734110
vt 0.54522949 0.32768726
vt 0.55918562 0.32823735
vt 0.55755645 0.32656562
vt 0.54059964 0.32641661
vt 0.57476729 0.32864469
vt 0.57450682 0.32678926
vt 0.57411635 0.32324469
vt 0.55534846 0.32318872
vt 0.53775454 0.32315153
vt 0.59045917 0.32878047
vt 0.59045917 0.32686383
vt 0.59045917 0.32326323
vt 0.59045917 0.31706148
vt 0.57398617 0.31706148
vt 0.59045917 0.30734110
vt 0.57398617 0.30734110
vt 0.55640721 0.31706148
vt 0.53680611 0.31706148
vt 0.55640721 0.30734110
vt 0.53680611 0.30734110
vt 0.71686780 0.04595548
vt 0.71686780 0.03634322
vt 0.70409775 0.03634322
vt 0.70409775 0.04595548
vt 0.71781528 0.03032112
vt 0.70528668 0.03028411
vt 0.70138520 0.03022885
vt 0.70008487 0.03634322
vt 0.70008487 0.04595548
vt 0.72065777 0.02709240
vt 0.70885366 0.02694482
vt 0.50727367 0.16474986
vt 0.49702212 0.16855699
vt 0.50568086 0.16855699
vt 0.49634844 0.17435509
vt 0.48123145 0.17178285
vt 0.48123145 0.17475891
vt 0.44211534 0.17178285
vt 0.44211534 0.17585957
vt 0.51000071 0.96859431
vt 0.51000071 0.97847104
vt 0.53167367 0.97847104
vt 0.53167367 0.96859431
vt 0.51002163 0.98475361
vt 0.53167367 0.98477232
vt 0.57202888 0.98477232
vt 0.57202888 0.97847104
vt 0.57202888 0.96859431
vt 0.77707916 0.04595548
vt 0.77707916 0.03634322
vt 0.76288950 0.03634322
vt 0.76288950 0.04595548
vt 0.77707916 0.03021067
vt 0.76288950 0.03021067
vt 0.74656129 0.03022885
vt 0.74643123 0.03634322
vt 0.74643123 0.04595548
vt 0.77707916 0.02664995
vt 0.76288950 0.02664995
vt 0.74695146 0.02672392
vt 0.73232490 0.02694482
vt 0.73076421 0.03028411
vt 0.73024404 0.03634322
vt 0.73024404 0.04595548
vt 0.78646058 0.02664995
vt 0.78646058 0.03021067
vt 0.79255337 0.03021067
vt 0.79255337 0.02664995
vt 0.78646058 0.03634322
vt 0.78646058 0.04595548
vt 0.79255337 0.04595548
vt 0.79255337 0.03634322
vt 0.79687667 0.03634322
vt 0.79687667 0.03021067
vt 0.79687667 0.04595548
vt 0.82255274 0.04595548
vt 0.82255274 0.03634322
vt 0.82255274 0.03021067
vt 0.79687667 0.02664995
vt 0.82255274 0.02664995
vt 0.85636687 0.03615963
vt 0.85636687 0.02990741
vt 0.84740448 0.03018016
vt 0.84740448 0.03632492
vt 0.85636687 0.04586381
vt 0.84740448 0.04594636
vt 0.85636687 0.02620935
vt 0.84740448 0.02660602
vt 0.83280367 0.02664995
vt 0.83280367 0.03021067
vt 0.83280367 0.03634322
vt 0.83280367 0.04595548
vt 0.83274323 0.12238741
vt 0.84739423 0.12289113
vt 0.84740448 0.07612401
vt 0.83280367 0.07612479
vt 0.85636687 0.12295288
vt 0.85636687 0.07611567
vt 0.85636687 0.05991745
vt 0.84740448 0.05995059
vt 0.83280367 0.05995405
vt 0.77707916 0.05995405
vt 0.78646058 0.05995405
vt 0.77707916 0.07612479
vt 0.78646058 0.07612479
vt 0.79255337 0.07612479
vt 0.79255337 0.05995405
vt 0.77740371 0.12238741
vt 0.78667712 0.12193114
vt 0.79260749 0.12153703
vt 0.79687667 0.12140572
vt 0.79687667 0.07612479
vt 0.82255274 0.12140572
vt 0.82255274 0.07612479
vt 0.79687667 0.05995405
vt 0.82255274 0.05995405
vt 0.76288950 0.07612479
vt 0.76310581 0.12270492
vt 0.74643123 0.07612479
vt 0.74648517 0.12289113
vt 0.76288950 0.05995405
vt 0.74643123 0.05995405
vt 0.73024404 0.05995405
vt 0.73024404 0.07612479
vt 0.71686780 0.05995405
vt 0.71686780 0.07612479
vt 0.73024404 0.12295288
vt 0.71686780 0.12295288
vt 0.70409775 0.07612479
vt 0.70409775 0.12295288
vt 0.70008487 0.07612479
vt 0.70008487 0.12295288
vt 0.70409775 0.05995405
vt 0.70008487 0.05995405
vt 0.51000071 0.93759513
vt 0.51000071 0.95421070
vt 0.53167367 0.95421070
vt 0.53167367 0.93759513
vt 0.57202888 0.95421070
vt 0.57202888 0.93759513
vt 0.51000071 0.88947892
vt 0.53167367 0.88947892
vt 0.57202888 0.88947892
vt 0.60466176 0.29318494
vt 0.59045917 0.29318494
vt 0.60466176 0.27683204
vt 0.59045917 0.27683204
vt 0.57398617 0.27683204
vt 0.57398617 0.29318482
vt 0.60498655 0.22641653
vt 0.59067595 0.22927243
vt 0.57404035 0.22953945
vt 0.55640721 0.22947675
vt 0.55640721 0.27683204
vt 0.53680611 0.22947675
vt 0.53680611 0.27683204
vt 0.55640721 0.29318494
vt 0.53680611 0.29318494
vt 0.61405158 0.27683204
vt 0.61426818 0.22687775
vt 0.62014979 0.27683204
vt 0.62020397 0.22727615
vt 0.61405158 0.29318494
vt 0.62014979 0.29318482
vt 0.62447697 0.29318494
vt 0.62447697 0.27683204
vt 0.64532948 0.29318494
vt 0.64532948 0.27683204
vt 0.62447697 0.22740906
vt 0.64532948 0.22740906
vt 0.67395037 0.29322201
vt 0.67395037 0.27684140
vt 0.66498011 0.27683300
vt 0.66498011 0.29318863
vt 0.67395037 0.22584450
vt 0.66497004 0.22590721
vt 0.65552902 0.22641647
vt 0.65558952 0.27683204
vt 0.65558952 0.29318494
vt 0.84740639 0.33082330
vt 0.83282483 0.33077943
vt 0.84740639 0.32737583
vt 0.83282495 0.32734531
vt 0.85636687 0.33121997
vt 0.85636687 0.32764810
vt 0.85636687 0.32142848
vt 0.84740639 0.32126319
vt 0.85636687 0.31158692
vt 0.84740639 0.31150430
vt 0.83282483 0.32124490
vt 0.83282495 0.31149513
vt 0.82248586 0.32124490
vt 0.82248586 0.32734531
vt 0.82599515 0.32734531
vt 0.82599515 0.32124490
vt 0.82248586 0.31149513
vt 0.82599515 0.31149513
vt 0.82248586 0.33077943
vt 0.82599515 0.33077943
vt 0.82924813 0.33077943
vt 0.82924813 0.32734531
vt 0.82924813 0.32124490
vt 0.82924813 0.31149513
vt 0.73232490 0.33050710
vt 0.72065777 0.33037090
vt 0.74691343 0.33071107
vt 0.74652338 0.32732838
vt 0.73076421 0.32727706
vt 0.71781528 0.32724315
vt 0.76273775 0.33077943
vt 0.77670008 0.33077943
vt 0.77670008 0.32734531
vt 0.76273775 0.32734531
vt 0.76273775 0.32124490
vt 0.74639344 0.32124490
vt 0.77670008 0.32124490
vt 0.77670008 0.31149513
vt 0.76273775 0.31149513
vt 0.74639344 0.31149513
vt 0.73024404 0.32124490
vt 0.71686780 0.32124490
vt 0.73024404 0.31149513
vt 0.71686780 0.31149513
vt 0.70885366 0.33050710
vt 0.70528668 0.32727706
vt 0.09727688 0.32925212
vt 0.09726232 0.33282828
vt 0.10457898 0.33688152
vt 0.10480971 0.33293170
vt 0.70409775 0.32124490
vt 0.70409775 0.31149513
vt 0.70008487 0.31149513
vt 0.70008487 0.32124490
vt 0.70138520 0.32732838
vt 0.51002163 0.67948145
vt 0.51000071 0.68573219
vt 0.53167367 0.68573219
vt 0.53167367 0.67946398
vt 0.51000071 0.69575012
vt 0.53167367 0.69575012
vt 0.57202888 0.69575012
vt 0.57202888 0.68573219
vt 0.57202888 0.67946398
vt 0.12440014 0.33425814
vt 0.12440014 0.33830476
vt 0.16363639 0.33830476
vt 0.16363639 0.33425814
vt 0.60428226 0.03881216
vt 0.60428226 0.02895260
vt 0.59030753 0.02895236
vt 0.59030753 0.03881216
vt 0.60428226 0.02278334
vt 0.59030753 0.02278334
vt 0.57407838 0.02280051
vt 0.57394826 0.02895260
vt 0.57394826 0.03881216
vt 0.60428226 0.01931059
vt 0.59030753 0.01931059
vt 0.60428226 0.01754010
vt 0.59030753 0.01754010
vt 0.57472920 0.01766551
vt 0.57446897 0.01937944
vt 0.55838269 0.01989579
vt 0.55651027 0.02329475
vt 0.55966204 0.01822054
vt 0.54850686 0.01977968
vt 0.54387921 0.02095342
vt 0.54103410 0.02411652
vt 0.55662608 0.02904850
vt 0.55640721 0.03881216
vt 0.54008567 0.03018242
vt 0.53829098 0.03936899
vt 0.64526266 0.01931059
vt 0.64526266 0.02278334
vt 0.64877498 0.02278334
vt 0.64877498 0.01931059
vt 0.64526266 0.01754010
vt 0.64877498 0.01754010
vt 0.64526266 0.02895236
vt 0.64526266 0.03881216
vt 0.64877498 0.03881216
vt 0.64877498 0.02895260
vt 0.65203083 0.02895236
vt 0.65203083 0.02278334
vt 0.65203083 0.03881216
vt 0.65561074 0.03881216
vt 0.65561074 0.02895260
vt 0.65561074 0.02278334
vt 0.65203083 0.01931059
vt 0.65203083 0.01754010
vt 0.65561074 0.01931059
vt 0.65561074 0.01754010
vt 0.67395037 0.02876681
vt 0.67395037 0.02247691
vt 0.66498220 0.02275276
vt 0.66498220 0.02893394
vt 0.67395037 0.03871912
vt 0.66498220 0.03880268
vt 0.67395037 0.01886505
vt 0.67395037 0.01694590
vt 0.66498220 0.01748073
vt 0.66498220 0.01926595
vt 0.22681114 0.19785357
vt 0.22677749 0.18881804
vt 0.30199444 0.19785357
vt 0.30199444 0.18881804
vt 0.22681502 0.20729518
vt 0.30199444 0.20729512
vt 0.37723497 0.20729518
vt 0.37723842 0.19785357
vt 0.44059435 0.20729512
vt 0.44060391 0.19785357
vt 0.37727249 0.18881804
vt 0.44068864 0.18881804
vt 0.22681502 0.21772099
vt 0.30199444 0.21772099
vt 0.30199444 0.21418226
vt 0.22681502 0.21418226
vt 0.37723497 0.21772099
vt 0.44059435 0.21772099
vt 0.44059435 0.21418226
vt 0.37723497 0.21418226
vt 0.37723497 0.21090198
vt 0.30199444 0.21090198
vt 0.44059435 0.21090198
vt 0.22681502 0.21090198
vt 0.22681502 0.32616490
vt 0.22681502 0.31267619
vt 0.30199444 0.32616490
vt 0.30199444 0.31267619
vt 0.30199444 0.29639119
vt 0.22681502 0.29639119
vt 0.37723497 0.32616490
vt 0.37723497 0.31267619
vt 0.44059435 0.32616490
vt 0.44059435 0.31267619
vt 0.44059435 0.29639119
vt 0.37723497 0.29639119
vt 0.37723497 0.27990931
vt 0.30199444 0.27990931
vt 0.44059435 0.27990931
vt 0.44059435 0.26582974
vt 0.37723497 0.26582974
vt 0.30199444 0.26582974
vt 0.22681502 0.27990931
vt 0.22681502 0.26582974
vt 0.63700974 0.69575012
vt 0.63700974 0.68573219
vt 0.71433371 0.69575012
vt 0.71433371 0.68573219
vt 0.71433371 0.67946398
vt 0.63700974 0.67946398
vt 0.79172021 0.69575012
vt 0.79172021 0.68573219
vt 0.85688710 0.69575012
vt 0.85688710 0.68573219
vt 0.85667956 0.67946398
vt 0.79172021 0.67946398
vt 0.30199444 0.33830476
vt 0.37723497 0.33830476
vt 0.37723497 0.33425814
vt 0.30199444 0.33425814
vt 0.44059435 0.33830476
vt 0.44059435 0.33425814
vt 0.22681502 0.33830476
vt 0.22681502 0.33425814
vt 0.63700974 0.79665434
vt 0.71433371 0.79665434
vt 0.71433371 0.77721417
vt 0.63700974 0.77721417
vt 0.79172021 0.79665434
vt 0.85688710 0.79665434
vt 0.85688710 0.77721417
vt 0.79172021 0.77721417
vt 0.79172021 0.81357795
vt 0.85688710 0.81357795
vt 0.71433371 0.81357795
vt 0.71433371 0.83334076
vt 0.79172021 0.83334076
vt 0.85688710 0.83334076
vt 0.63700974 0.81357795
vt 0.63700974 0.83334076
vt 0.63700974 0.85310721
vt 0.71433371 0.85310721
vt 0.63700974 0.87004280
vt 0.71433371 0.87004280
vt 0.79172021 0.85310721
vt 0.85688710 0.85310721
vt 0.79172021 0.87004280
vt 0.85688710 0.87004280
vt 0.63700974 0.96859431
vt 0.63700974 0.95421070
vt 0.71433371 0.96859431
vt 0.71433371 0.95421070
vt 0.71433371 0.93759513
vt 0.63700974 0.93759513
vt 0.79172021 0.96859431
vt 0.79172021 0.95421070
vt 0.85688710 0.96859431
vt 0.85688710 0.95421070
vt 0.85688710 0.93759513
vt 0.79172021 0.93759513
vt 0.85688710 0.88947892
vt 0.79172021 0.88947892
vt 0.71433371 0.88947892
vt 0.63700974 0.88947892
vt 0.37913004 0.16362923
vt 0.37913004 0.17178285
vt 0.30418077 0.16362923
vt 0.30418077 0.17178285
vt 0.30418077 0.17585957
vt 0.37913004 0.17585957
vt 0.22917061 0.16362923
vt 0.22917061 0.17178285
vt 0.16600516 0.16362923
vt 0.16600516 0.17178285
vt 0.16600516 0.17585957
vt 0.22917061 0.17585957
vt 0.71433371 0.98477232
vt 0.79172021 0.98477232
vt 0.79172021 0.97847104
vt 0.71433371 0.97847104
vt 0.85688710 0.98477232
vt 0.85688710 0.97847104
vt 0.63700974 0.98477232
vt 0.63700974 0.97847104
vt 0.37913004 0.10245866
vt 0.37913004 0.11687458
vt 0.30418077 0.10245866
vt 0.30418077 0.11687458
vt 0.30418077 0.13359475
vt 0.37913004 0.13359475
vt 0.22917069 0.10245866
vt 0.22917069 0.11687458
vt 0.16600527 0.10245866
vt 0.16600527 0.11687458
vt 0.16600527 0.13359475
vt 0.22917061 0.13359475
vt 0.22917061 0.15003973
vt 0.30418077 0.15003973
vt 0.16600527 0.15003973
vt 0.37913004 0.15003973
vt 0.37913004 0.05649990
vt 0.37913004 0.08234584
vt 0.30418089 0.05649990
vt 0.30418089 0.08234584
vt 0.30418089 0.08673805
vt 0.37913004 0.08673805
vt 0.22917069 0.05649990
vt 0.22917069 0.08234584
vt 0.16600527 0.05649990
vt 0.16600527 0.08234584
vt 0.16600527 0.08673805
vt 0.22917069 0.08673805
vt 0.22917069 0.09292793
vt 0.30418089 0.09292793
vt 0.16600527 0.09292793
vt 0.37913004 0.09292793
vt 0.37916747 0.02744949
vt 0.30418089 0.02744949
vt 0.30418089 0.03655452
vt 0.37913394 0.03655452
vt 0.22913328 0.02744949
vt 0.16591126 0.02744949
vt 0.16599570 0.03655452
vt 0.22916722 0.03655452
vt 0.16600527 0.04608572
vt 0.22917069 0.04608572
vt 0.30418089 0.04608572
vt 0.37913004 0.04608572
vt 0.48015141 0.19785357
vt 0.48032075 0.18881804
vt 0.50021201 0.19932336
vt 0.49837330 0.19253433
vt 0.48013264 0.20729518
vt 0.50156683 0.20729512
vt 0.51061434 0.20729589
vt 0.50707209 0.20165884
vt 0.66498220 0.01640356
vt 0.65561074 0.01647788
vt 0.50418669 0.19611466
vt 0.67395037 0.01573497
vt 0.48013264 0.21772099
vt 0.50156683 0.21772099
vt 0.50156683 0.21418226
vt 0.48013264 0.21418226
vt 0.64526266 0.01647788
vt 0.64877498 0.01647788
vt 0.51061499 0.21772099
vt 0.51061499 0.21418226
vt 0.51061499 0.21090198
vt 0.50156683 0.21090198
vt 0.65203083 0.01647788
vt 0.48013264 0.21090198
vt 0.48013264 0.32616490
vt 0.48013264 0.31267619
vt 0.49962828 0.32489181
vt 0.50147438 0.31215161
vt 0.50154370 0.29626018
vt 0.48013264 0.29639119
vt 0.50739235 0.32187235
vt 0.51024479 0.31057799
vt 0.54387921 0.01927161
vt 0.55838937 0.01741159
vt 0.57446897 0.01663512
vt 0.51052237 0.29586673
vt 0.51061499 0.27990931
vt 0.50156683 0.27990931
vt 0.59030753 0.01647788
vt 0.60428226 0.01647788
vt 0.51061499 0.26582974
vt 0.50156683 0.26582974
vt 0.48013264 0.27990931
vt 0.48013264 0.26582974
vt 0.89755315 0.69575012
vt 0.89755315 0.68573219
vt 0.91959852 0.69575012
vt 0.91959852 0.68573219
vt 0.91957486 0.67948145
vt 0.89755315 0.67946398
vt 0.52624160 0.03936899
vt 0.53025794 0.03936899
vt 0.53205270 0.03018218
vt 0.52803630 0.03018242
vt 0.53324288 0.02408195
vt 0.52933788 0.02403033
vt 0.49974853 0.33667660
vt 0.50659883 0.33236670
vt 0.50632125 0.32876980
vt 0.49942932 0.33269817
vt 0.53681314 0.02081573
vt 0.48013264 0.33830476
vt 0.48013264 0.33425814
vt 0.89755315 0.79665434
vt 0.91959852 0.79665434
vt 0.91959852 0.77721417
vt 0.89755315 0.77721417
vt 0.52877313 0.13812059
vt 0.52877313 0.11898786
vt 0.52475673 0.13812059
vt 0.52475673 0.11898762
vt 0.52877313 0.15477622
vt 0.52475673 0.15477622
vt 0.52318478 0.17589372
vt 0.52856159 0.17445081
vt 0.89755315 0.81357795
vt 0.91959852 0.81357795
vt 0.89755315 0.83334076
vt 0.91959852 0.83334076
vt 0.89755315 0.85310721
vt 0.91959852 0.85310721
vt 0.89755315 0.87004280
vt 0.91959852 0.87004280
vt 0.52877313 0.19368047
vt 0.52441853 0.19403917
vt 0.52475673 0.21034807
vt 0.52877313 0.21034807
vt 0.89755315 0.96859431
vt 0.89755315 0.95421070
vt 0.91959852 0.96859431
vt 0.91959852 0.95421070
vt 0.91959852 0.93759513
vt 0.89755315 0.93759513
vt 0.52475673 0.30734116
vt 0.52877313 0.30734110
vt 0.52877313 0.29318494
vt 0.52475673 0.29318482
vt 0.52877313 0.27683204
vt 0.52475673 0.27683204
vt 0.52877313 0.22947675
vt 0.52475673 0.22947675
vt 0.91959852 0.88947892
vt 0.89755315 0.88947892
vt 0.12658788 0.16362923
vt 0.12658788 0.17178285
vt 0.10535765 0.16266680
vt 0.10531150 0.17057484
vt 0.10524233 0.17453855
vt 0.12658788 0.17585957
vt 0.09439594 0.15814763
vt 0.09647723 0.16477603
vt 0.54059964 0.32823735
vt 0.53353357 0.32656562
vt 0.52996331 0.32318872
vt 0.09973558 0.17003107
vt 0.52598649 0.32323200
vt 0.52877313 0.31706148
vt 0.52475673 0.31706148
vt 0.89755315 0.98477232
vt 0.89755315 0.97847104
vt 0.91957486 0.98475361
vt 0.91959852 0.97847104
vt 0.12658800 0.10245866
vt 0.12658800 0.11687458
vt 0.10521936 0.10245866
vt 0.10521936 0.11687458
vt 0.10524242 0.13346279
vt 0.12658800 0.13359475
vt 0.09474884 0.10300243
vt 0.09438631 0.11687458
vt 0.60466176 0.32993037
vt 0.59045917 0.32993037
vt 0.57450682 0.32976002
vt 0.09475090 0.13279450
vt 0.09439281 0.14792579
vt 0.10531162 0.14951146
vt 0.55758166 0.32924891
vt 0.12658800 0.15003973
vt 0.12658800 0.05649990
vt 0.12658800 0.08234584
vt 0.10521936 0.05649990
vt 0.10521936 0.08234584
vt 0.10521936 0.08673805
vt 0.12658800 0.08673805
vt 0.09496889 0.05649990
vt 0.09496889 0.08234584
vt 0.64532948 0.32993037
vt 0.62447697 0.32993037
vt 0.62014979 0.32993037
vt 0.09496889 0.08673805
vt 0.09496889 0.09292793
vt 0.10521936 0.09292793
vt 0.61405158 0.32993037
vt 0.12658800 0.09292793
vt 0.12640044 0.02744949
vt 0.10490994 0.02744949
vt 0.10518847 0.03655452
vt 0.12656929 0.03655452
vt 0.67395037 0.33067316
vt 0.66498011 0.33000463
vt 0.09431179 0.03235406
vt 0.09615414 0.03655452
vt 0.65558952 0.32993037
vt 0.09496889 0.04608572
vt 0.10521936 0.04608572
vt 0.12658800 0.04608572
vt 0.62296760 0.11534762
vt 0.62296760 0.12039930
vt 0.62296760 0.02278334
vt 0.62296760 0.02895236
vt 0.62296760 0.03881216
vt 0.62296760 0.01754010
vt 0.62296760 0.01931059
vt 0.50156683 0.24700421
vt 0.51061499 0.24700421
vt 0.62296760 0.01647788
vt 0.44059435 0.24700421
vt 0.48013264 0.24700421
vt 0.30199444 0.24700421
vt 0.37723497 0.24700421
vt 0.16363639 0.24700421
vt 0.22681502 0.24700421
vt 0.10332815 0.24700421
vt 0.12440014 0.24700421
vt 0.79536867 0.33253014
vt 0.79536867 0.33358055
vt 0.09464282 0.24700421
vt 0.79536867 0.32734531
vt 0.79536867 0.33077943
vt 0.79536867 0.31149513
vt 0.79536867 0.32124490
vt 0.79536867 0.22876358
vt 0.79536867 0.23375916
vt 0.61530250 0.12436724
vt 0.61351597 0.11587858
vt 0.61947805 0.12139112
vt 0.61903143 0.11548030
vt 0.61329275 0.01931059
vt 0.61329275 0.01754010
vt 0.61329275 0.02278334
vt 0.61897546 0.02278334
vt 0.61897546 0.01931059
vt 0.61897546 0.01754010
vt 0.61329275 0.02895236
vt 0.61329275 0.03881216
vt 0.61897546 0.03881216
vt 0.61897546 0.02895260
vt 0.48013264 0.25675166
vt 0.44059435 0.25675166
vt 0.50156683 0.25675166
vt 0.50156683 0.25102633
vt 0.48013264 0.25102633
vt 0.44059435 0.25102633
vt 0.51061499 0.25675166
vt 0.61329275 0.01647788
vt 0.61897546 0.01647788
vt 0.51061499 0.25102633
vt 0.22681502 0.25675166
vt 0.16363639 0.25675166
vt 0.30199444 0.25675166
vt 0.30199444 0.25102633
vt 0.22681502 0.25102633
vt 0.16363639 0.25102633
vt 0.37723497 0.25675166
vt 0.37723497 0.25102633
vt 0.78570241 0.33358055
vt 0.78570241 0.33253014
vt 0.10332815 0.25675166
vt 0.09464282 0.25675166
vt 0.10332815 0.25102633
vt 0.09464282 0.25102633
vt 0.79138023 0.33358055
vt 0.79138023 0.33253014
vt 0.12440014 0.25675166
vt 0.12440014 0.25102633
vt 0.78570241 0.32124490
vt 0.78570241 0.31149513
vt 0.78570241 0.32734531
vt 0.79138023 0.32734531
vt 0.79138023 0.32124490
vt 0.79138023 0.31149513
vt 0.78570241 0.33077943
vt 0.79138023 0.33077943
vt 0.78592563 0.23323423
vt 0.78771055 0.22483987
vt 0.79143608 0.23362786
vt 0.79188210 0.22778279
vt 0.64874715 0.27683204
vt 0.64873713 0.22727615
vt 0.64874715 0.30734116
vt 0.64874715 0.29318482
vt 0.65198839 0.29318494
vt 0.65198839 0.27683204
vt 0.65198839 0.30734110
vt 0.65194809 0.22687775
vt 0.64874715 0.32878047
vt 0.64874715 0.32686377
vt 0.64874715 0.32326323
vt 0.65198839 0.32878047
vt 0.65198839 0.32686383
vt 0.65198839 0.32326323
vt 0.65198839 0.31706148
vt 0.64874715 0.31706148
vt 0.12658800 0.04974121
vt 0.16600527 0.04974121
vt 0.10521936 0.04974121
vt 0.10521936 0.05303091
vt 0.12658800 0.05303091
vt 0.16600527 0.05303091
vt 0.09496889 0.04974121
vt 0.65198839 0.32993037
vt 0.64874715 0.32993037
vt 0.09496889 0.05303091
vt 0.37913004 0.04974121
vt 0.44211534 0.04974121
vt 0.30418089 0.04974121
vt 0.30418089 0.05303091
vt 0.37913004 0.05303091
vt 0.44211534 0.05303091
vt 0.22917069 0.04974121
vt 0.22917069 0.05303091
vt 0.82920557 0.02361774
vt 0.82920557 0.02475482
vt 0.50223887 0.04974121
vt 0.51089770 0.04974121
vt 0.50223887 0.05303091
vt 0.51089770 0.05303091
vt 0.82596737 0.02361774
vt 0.82596737 0.02475482
vt 0.48123145 0.04974121
vt 0.48123145 0.05303091
vt 0.82596737 0.04595548
vt 0.82596737 0.03634322
vt 0.82596737 0.03021067
vt 0.82920557 0.04595548
vt 0.82920557 0.03634322
vt 0.82920557 0.03021067
vt 0.82920557 0.02664995
vt 0.82596737 0.02664995
vt 0.82595748 0.12153703
vt 0.82596737 0.07612479
vt 0.82916534 0.12193114
vt 0.82920557 0.07612479
vt 0.82920557 0.05995405
vt 0.82596737 0.05995405
vt 0.85943991 0.33504993
vt 0.85943991 0.33370537
vt 0.10402890 0.18935186
vt 0.09624224 0.19259888
vt 0.92427409 0.04102230
vt 0.92427409 0.05539739
vt 0.92547297 0.05539739
vt 0.92547297 0.04102230
vt 0.92227757 0.04386526
vt 0.92303103 0.04270482
vt 0.12402427 0.18571919
vt 0.16344860 0.18571919
vt 0.92427421 0.08719635
vt 0.92427421 0.14450461
vt 0.92547309 0.14450461
vt 0.92547309 0.08719635
vt 0.92692876 0.08719635
vt 0.92692876 0.05539739
vt 0.92692876 0.14450461
vt 0.92692870 0.04102230
vt 0.92396134 0.04127598
vt 0.48160619 0.02432722
vt 0.44230288 0.02432722
vt 0.49625352 0.02451068
vt 0.94312328 0.58703613
vt 0.94312322 0.61850601
vt 0.94431281 0.61850601
vt 0.94431263 0.58703613
vt 0.94312328 0.53032351
vt 0.94431263 0.53032351
vt 0.50500149 0.02770251
vt 0.85943991 0.02357954
vt 0.85943991 0.02214849
vt 0.94312322 0.63273323
vt 0.94103336 0.62990952
vt 0.94178063 0.63105798
vt 0.94431281 0.63273305
vt 0.94575667 0.63273323
vt 0.94575667 0.61850595
vt 0.94270205 0.63247246
vt 0.94575673 0.58703613
vt 0.94575673 0.53032351
vt 0.67702621 0.15472078
vt 0.67702621 0.13604498
vt 0.67702621 0.17422646
vt 0.90713751 0.22505355
vt 0.90713751 0.24910927
vt 0.90841973 0.24910927
vt 0.90841973 0.22505355
vt 0.90713751 0.20444959
vt 0.90841973 0.20444959
vt 0.67702621 0.19358468
vt 0.67702621 0.20671582
vt 0.90713751 0.27316993
vt 0.90713751 0.29378843
vt 0.90841973 0.29378843
vt 0.90841973 0.27316993
vt 0.90997505 0.27316993
vt 0.90997505 0.24910927
vt 0.90997505 0.29378843
vt 0.90997505 0.22505355
vt 0.90997505 0.20444959
vt 0.65408379 0.19400889
vt 0.65297437 0.20711458
vt 0.65444833 0.17422515
vt 0.65341377 0.17422456
vt 0.65310949 0.19314468
vt 0.65219742 0.20553821
vt 0.65409076 0.15391618
vt 0.65299332 0.13563120
vt 0.65221804 0.13720399
vt 0.65311754 0.15500492
vt 0.03804541 0.53665054
vt 0.03803539 0.54831886
vt 0.05227935 0.54793262
vt 0.05227935 0.53640342
vt 0.03805542 0.52256835
vt 0.05227935 0.52256846
vt 0.03804541 0.50848591
vt 0.05227935 0.50873351
vt 0.03803539 0.49681723
vt 0.05227935 0.49720442
vt 0.61262232 0.15396100
vt 0.61432499 0.13563120
vt 0.61201119 0.17422515
vt 0.61569554 0.17422456
vt 0.61596650 0.15500474
vt 0.61683226 0.13720399
vt 0.61274683 0.19409770
vt 0.61466348 0.20711458
vt 0.61720151 0.20553821
vt 0.61611152 0.19314623
vt 0.05554938 0.53729534
vt 0.05553925 0.54896390
vt 0.06978095 0.54857659
vt 0.06978035 0.53704774
vt 0.05555904 0.52321291
vt 0.06978035 0.52321267
vt 0.05554938 0.50913060
vt 0.06978035 0.50937784
vt 0.05553925 0.49746263
vt 0.06978095 0.49784863
vt 0.78515720 0.15769494
vt 0.78707206 0.14147425
vt 0.78442204 0.17758936
vt 0.78810310 0.17758983
vt 0.78851885 0.15869182
vt 0.78960794 0.14303309
vt 0.78503275 0.19748300
vt 0.78673375 0.21370119
vt 0.78923869 0.21214575
vt 0.78837407 0.19648778
vt 0.05258954 0.58555752
vt 0.05260038 0.57388955
vt 0.03757155 0.57427555
vt 0.03757203 0.58580476
vt 0.05257928 0.59963983
vt 0.03757203 0.59963959
vt 0.05258954 0.61372226
vt 0.03757203 0.61347467
vt 0.05260038 0.62539083
vt 0.03757155 0.62500352
vt 0.83130610 0.19748300
vt 0.83020961 0.21370119
vt 0.83166331 0.17758936
vt 0.83062977 0.17758983
vt 0.83033377 0.19648778
vt 0.82943505 0.21214575
vt 0.83129919 0.15769494
vt 0.83019072 0.14147425
vt 0.82941437 0.14303309
vt 0.83032572 0.15869182
vt 0.07014239 0.58527017
vt 0.07015312 0.57360148
vt 0.05504477 0.57398856
vt 0.05504477 0.58551776
vt 0.07013166 0.59935260
vt 0.05504477 0.59935272
vt 0.07014239 0.61343479
vt 0.05504477 0.61318767
vt 0.07015312 0.62510300
vt 0.05504477 0.62471676
vt 0.85943991 0.15835083
vt 0.85943991 0.14186871
vt 0.85943991 0.17758811
vt 0.90522701 0.27726924
vt 0.90522701 0.25092357
vt 0.90410823 0.25092357
vt 0.90410823 0.27726924
vt 0.90522701 0.29984581
vt 0.90410823 0.29984581
vt 0.85943991 0.19682187
vt 0.85943991 0.21329224
vt 0.90522701 0.22458321
vt 0.90522701 0.20202267
vt 0.90410823 0.20202267
vt 0.90410823 0.22458321
vt 0.90274787 0.22458321
vt 0.90274787 0.25092357
vt 0.90274787 0.20202267
vt 0.90274787 0.27726924
vt 0.90274787 0.29984581
vt 0.82577229 0.22646618
vt 0.82248586 0.22776496
vt 0.90389276 0.48474282
vt 0.90390778 0.47984296
vt 0.90278661 0.48000151
vt 0.90278304 0.48474282
vt 0.82835579 0.22257060
vt 0.82793057 0.22132534
vt 0.82566565 0.22578067
vt 0.07014239 0.63194335
vt 0.05504477 0.63163424
vt 0.07012665 0.63526309
vt 0.05504477 0.63509309
vt 0.89213121 0.48005337
vt 0.89213085 0.48474199
vt 0.65113777 0.12666225
vt 0.64855176 0.12272263
vt 0.64844537 0.12341607
vt 0.65071219 0.12792110
vt 0.64526266 0.12140918
vt 0.90908194 0.58409500
vt 0.90909660 0.58899486
vt 0.91020668 0.58899486
vt 0.91020310 0.58425343
vt 0.92085850 0.58899403
vt 0.92085850 0.58430529
vt 0.03804541 0.55515921
vt 0.03806067 0.55847883
vt 0.05227935 0.55830884
vt 0.05227935 0.55485022
vt 0.85943991 0.23221207
vt 0.90522701 0.17606556
vt 0.90410823 0.17606556
vt 0.90274787 0.17606556
vt 0.67702621 0.11691225
vt 0.90713751 0.18074369
vt 0.90841973 0.18074369
vt 0.90997505 0.18074369
vt 0.67702621 0.31743282
vt 0.67702621 0.30752677
vt 0.67702621 0.32387608
vt 0.90713751 0.42893386
vt 0.90713751 0.43609190
vt 0.90841973 0.43609196
vt 0.90841973 0.42893386
vt 0.90713751 0.41565645
vt 0.90841973 0.41565645
vt 0.67702621 0.32775521
vt 0.67702621 0.32996899
vt 0.90713751 0.43893868
vt 0.90697742 0.44582462
vt 0.90777361 0.44682288
vt 0.90841973 0.43969285
vt 0.90997505 0.44063258
vt 0.90997505 0.43609190
vt 0.90875232 0.44805419
vt 0.90997505 0.42893386
vt 0.90997505 0.41565645
vt 0.85943991 0.02576870
vt 0.85943991 0.02960473
vt 0.90522695 0.45878106
vt 0.90522707 0.45671892
vt 0.90410835 0.45671892
vt 0.90410829 0.45960665
vt 0.90522689 0.46177816
vt 0.90410835 0.46287102
vt 0.85943991 0.03597611
vt 0.85943991 0.04577196
vt 0.90522695 0.44781774
vt 0.90522701 0.43328249
vt 0.90410823 0.43328249
vt 0.90410835 0.44781774
vt 0.90274787 0.44781774
vt 0.90274793 0.45671892
vt 0.90274787 0.43328249
vt 0.90274799 0.46063507
vt 0.90274793 0.46421862
vt 0.85943991 0.05988055
vt 0.85943991 0.07610655
vt 0.90522701 0.41320509
vt 0.90522701 0.39051312
vt 0.90410823 0.39051312
vt 0.90410823 0.41320509
vt 0.85943991 0.12295288
vt 0.90522701 0.32579619
vt 0.90410823 0.32579619
vt 0.90274787 0.32579619
vt 0.90274787 0.39051312
vt 0.90274787 0.41320509
vt 0.82255274 0.12639737
vt 0.79687667 0.12639737
vt 0.79687667 0.12740779
vt 0.82255274 0.12740779
vt 0.79304516 0.12737864
vt 0.79343867 0.12870657
vt 0.92275369 0.53060961
vt 0.92276847 0.52548313
vt 0.92164755 0.52598751
vt 0.92164373 0.53060830
vt 0.92275369 0.57667536
vt 0.92164373 0.57667536
vt 0.78842783 0.13032335
vt 0.79000127 0.13260347
vt 0.79135734 0.13385350
vt 0.79377681 0.12939817
vt 0.05258954 0.63223135
vt 0.03757131 0.63192117
vt 0.05257380 0.63555133
vt 0.03757060 0.63537991
vt 0.91099274 0.52602315
vt 0.91099238 0.53052533
vt 0.91099179 0.57667607
vt 0.61602044 0.21839136
vt 0.61759549 0.21608526
vt 0.62064195 0.22136903
vt 0.62103570 0.22002602
vt 0.62137431 0.21932691
vt 0.61895251 0.21482140
vt 0.62447697 0.22236156
vt 0.62447697 0.22133964
vt 0.64532948 0.22236156
vt 0.64532948 0.22133964
vt 0.90912765 0.47182369
vt 0.90912765 0.51788944
vt 0.91023773 0.51788944
vt 0.91023773 0.47182238
vt 0.90911263 0.46669722
vt 0.91023415 0.46720159
vt 0.92088968 0.51789016
vt 0.92088908 0.47173941
vt 0.92088848 0.46723664
vt 0.05554938 0.55580449
vt 0.05556405 0.55912447
vt 0.06978166 0.55895305
vt 0.06978130 0.55549431
vt 0.67702621 0.27685064
vt 0.67702621 0.22584450
vt 0.90713751 0.31748813
vt 0.90713751 0.37659347
vt 0.90841973 0.37659347
vt 0.90841973 0.31748813
vt 0.67702621 0.29325914
vt 0.90713751 0.39731854
vt 0.90841973 0.39731854
vt 0.90997505 0.39731854
vt 0.90997505 0.37659347
vt 0.90997505 0.31748813
vt 0.85943991 0.32161200
vt 0.85943991 0.31167871
vt 0.85943991 0.32795125
vt 0.90522695 0.05068064
vt 0.90522707 0.04291034
vt 0.90410835 0.04291034
vt 0.90410835 0.05068064
vt 0.90522701 0.06540883
vt 0.90410823 0.06540883
vt 0.85943991 0.33166099
vt 0.90522695 0.03998148
vt 0.90522689 0.03718209
vt 0.90598571 0.03608835
vt 0.90410829 0.03915489
vt 0.90274799 0.03812325
vt 0.90274793 0.04291034
vt 0.90505946 0.03473806
vt 0.90274787 0.05068064
vt 0.90274787 0.06540883
vt 0.67702621 0.01841921
vt 0.67702621 0.01635164
vt 0.67702621 0.02217060
vt 0.90713751 0.05646288
vt 0.90713751 0.05913556
vt 0.90841973 0.05913556
vt 0.90841973 0.05570769
vt 0.90686405 0.04203653
vt 0.90809083 0.04201090
vt 0.67702621 0.02858120
vt 0.67702621 0.03862637
vt 0.90713751 0.06622636
vt 0.90713751 0.07967997
vt 0.90841973 0.07967997
vt 0.90841973 0.06622636
vt 0.90997505 0.06622636
vt 0.90997505 0.05913556
vt 0.90997505 0.07967997
vt 0.90997505 0.05476511
vt 0.90960419 0.04197645
vt 0.22673948 0.18571919
vt 0.30199444 0.18571919
vt 0.92427409 0.23540699
vt 0.92427409 0.34314954
vt 0.92547292 0.34314954
vt 0.92547297 0.23540699
vt 0.37731001 0.18571919
vt 0.44078255 0.18571919
vt 0.92427409 0.45097798
vt 0.92427403 0.54213810
vt 0.92547292 0.54213810
vt 0.92547292 0.45097798
vt 0.92692864 0.45097810
vt 0.92692864 0.34314966
vt 0.92692870 0.54213810
vt 0.92692870 0.23540676
vt 0.22909586 0.02432722
vt 0.16581771 0.02432722
vt 0.30418089 0.02432722
vt 0.94312322 0.22704268
vt 0.94312322 0.33374745
vt 0.94431275 0.33374739
vt 0.94431275 0.22704268
vt 0.94312322 0.13683164
vt 0.94431275 0.13683164
vt 0.37920532 0.02432722
vt 0.94312322 0.44036746
vt 0.94431281 0.44036746
vt 0.94575667 0.44036746
vt 0.94575667 0.33374745
vt 0.94575667 0.22704268
vt 0.94575667 0.13683164
vt 0.48050851 0.18571919
vt 0.49876511 0.18934864
vt 0.92427421 0.59987557
vt 0.92427409 0.63219088
vt 0.92547297 0.63219088
vt 0.92547297 0.59987557
vt 0.50463754 0.19301581
vt 0.67702621 0.01499224
vt 0.92427409 0.64708471
vt 0.92227757 0.64475191
vt 0.92303133 0.64591074
vt 0.92547297 0.64708471
vt 0.92692876 0.64708471
vt 0.92692876 0.63219088
vt 0.92396212 0.64733475
vt 0.92692876 0.59987557
vt 0.67702621 0.33141607
vt 0.10460098 0.02432722
vt 0.09562926 0.02948779
vt 0.94312322 0.03297251
vt 0.94312322 0.04771352
vt 0.94431293 0.04771340
vt 0.94431293 0.03297269
vt 0.90858734 0.44761378
vt 0.90858734 0.44885522
vt 0.12621330 0.02432722
vt 0.94312334 0.07969421
vt 0.94431281 0.07969427
vt 0.94575679 0.07969427
vt 0.94575679 0.04771352
vt 0.90858734 0.45037496
vt 0.94575679 0.03297269
vt 0.62296760 0.12140918
vt 0.90909660 0.63720942
vt 0.91020668 0.63721061
vt 0.92085791 0.63729358
vt 0.79536867 0.22776496
vt 0.90389276 0.53295743
vt 0.90278304 0.53295851
vt 0.89213181 0.53304136
vt 0.61986834 0.12272263
vt 0.90908194 0.64182651
vt 0.91020310 0.64132977
vt 0.61686397 0.12666225
vt 0.61820048 0.12792110
vt 0.62020183 0.12341607
vt 0.05554938 0.49062216
vt 0.06978130 0.49093115
vt 0.05556405 0.48730218
vt 0.06978166 0.48747230
vt 0.92085767 0.64129674
vt 0.78927040 0.22257060
vt 0.79227215 0.22646618
vt 0.79260540 0.22578067
vt 0.79060584 0.22132534
vt 0.90390778 0.53757453
vt 0.90278661 0.53707778
vt 0.89213204 0.53704441
vt 0.05258954 0.56704909
vt 0.05257380 0.56372911
vt 0.03757060 0.56389922
vt 0.03757131 0.56735808
vt 0.64864111 0.22136903
vt 0.64852428 0.22002602
vt 0.90911263 0.52264827
vt 0.91023415 0.52248949
vt 0.65156388 0.21839136
vt 0.65109688 0.21608526
vt 0.65067023 0.21482140
vt 0.64841765 0.21932685
vt 0.03804541 0.48997664
vt 0.05227935 0.49028695
vt 0.03806067 0.48665667
vt 0.05227935 0.48682809
vt 0.92088968 0.52243763
vt 0.82878160 0.13032335
vt 0.82831490 0.13260347
vt 0.82586128 0.12737864
vt 0.82574457 0.12870657
vt 0.82563806 0.12939817
vt 0.82788861 0.13385350
vt 0.92276847 0.58143419
vt 0.92164755 0.58127540
vt 0.91099179 0.58122355
vt 0.07014239 0.56676090
vt 0.06942976 0.56344080
vt 0.05574405 0.56361234
vt 0.05504477 0.56707108
vt 0.93228579 0.04102230
vt 0.92753774 0.03582060
vt 0.93228585 0.05539739
vt 0.93228579 0.08719635
vt 0.93228590 0.14450461
vt 0.93579853 0.08719635
vt 0.93579853 0.05539739
vt 0.93579865 0.14450461
vt 0.93579853 0.04102230
vt 0.92997092 0.03212881
vt 0.95106560 0.58703613
vt 0.95106560 0.53032345
vt 0.95106560 0.61850601
vt 0.95106560 0.63273323
vt 0.94623291 0.63787615
vt 0.95454425 0.63273323
vt 0.95454425 0.61850601
vt 0.94863015 0.64153564
vt 0.95454425 0.58703613
vt 0.95454425 0.53032345
vt 0.91568470 0.22505355
vt 0.91568470 0.20444959
vt 0.91568470 0.24910927
vt 0.91568470 0.27316993
vt 0.91568470 0.29378843
vt 0.91942394 0.27316993
vt 0.91942394 0.24910927
vt 0.91942394 0.29378843
vt 0.91942394 0.22505355
vt 0.91942394 0.20444959
vt 0.89643455 0.27726924
vt 0.89643455 0.29984581
vt 0.89643455 0.25092357
vt 0.89643455 0.22458321
vt 0.89643455 0.20202267
vt 0.89289403 0.22458321
vt 0.89289403 0.25092357
vt 0.89289403 0.20202267
vt 0.89289403 0.27726924
vt 0.89289403 0.29984581
vt 0.89643455 0.17606556
vt 0.89289403 0.17606556
vt 0.91568470 0.18074369
vt 0.91942394 0.18074369
vt 0.91568470 0.42893386
vt 0.91568470 0.41565645
vt 0.91568470 0.43609190
vt 0.91568470 0.44433105
vt 0.91004002 0.44862831
vt 0.91942394 0.44689786
vt 0.91942394 0.43997818
vt 0.91254961 0.45183831
vt 0.91942394 0.42893386
vt 0.91942394 0.41565645
vt 0.89643455 0.46467882
vt 0.90151888 0.46938276
vt 0.89643455 0.45671892
vt 0.89643455 0.44781774
vt 0.89643455 0.43328249
vt 0.89289403 0.44781774
vt 0.89289403 0.45671892
vt 0.89289403 0.43328249
vt 0.89289397 0.46748203
vt 0.89912152 0.47288877
vt 0.89643455 0.41320509
vt 0.89643455 0.39051312
vt 0.89643455 0.32579619
vt 0.89289403 0.32579619
vt 0.89289403 0.39051312
vt 0.89289403 0.41320509
vt 0.91568470 0.37659347
vt 0.91568470 0.31748813
vt 0.91568470 0.39731854
vt 0.91942394 0.39731854
vt 0.91942394 0.37659347
vt 0.91942394 0.31748813
vt 0.89643455 0.05068064
vt 0.89643455 0.06540883
vt 0.89643455 0.04291040
vt 0.89643455 0.03404951
vt 0.90152293 0.02954692
vt 0.89289397 0.03121728
vt 0.89289403 0.03861570
vt 0.89912975 0.02601475
vt 0.89289403 0.05068064
vt 0.89289403 0.06540883
vt 0.91568470 0.05103922
vt 0.91540933 0.04181540
vt 0.91568470 0.05913556
vt 0.91568470 0.06622636
vt 0.91568470 0.07967997
vt 0.91942394 0.06622636
vt 0.91942394 0.05520582
vt 0.91942394 0.07967997
vt 0.91942394 0.04844594
vt 0.91935396 0.04169047
vt 0.93228579 0.23540676
vt 0.93228579 0.34314960
vt 0.93228579 0.45097798
vt 0.93228579 0.54213810
vt 0.93579847 0.45097792
vt 0.93579847 0.34314960
vt 0.93579841 0.54213810
vt 0.93579847 0.23540688
vt 0.95106560 0.22704262
vt 0.95106560 0.13683176
vt 0.95106560 0.33374739
vt 0.95106566 0.44036746
vt 0.95454425 0.44036746
vt 0.95454425 0.33374739
vt 0.95454425 0.22704268
vt 0.95454425 0.13683164
vt 0.93228590 0.59987557
vt 0.93228579 0.63219094
vt 0.93228579 0.64708483
vt 0.92754340 0.65274417
vt 0.93579865 0.64708471
vt 0.93579865 0.63219094
vt 0.92998266 0.65639132
vt 0.93579865 0.59987557
vt 0.90858734 0.45609224
vt 0.95106566 0.04771340
vt 0.95106566 0.03297269
vt 0.95106566 0.07969427
vt 0.95454443 0.07969421
vt 0.95454443 0.04771340
vt 0.90858734 0.45991468
vt 0.95454443 0.03297269
vt 0.93723369 0.04102230
vt 0.93098265 0.03059721
vt 0.93723369 0.05539739
vt 0.93723381 0.08719635
vt 0.93723381 0.14450455
vt 0.93941176 0.08719635
vt 0.93941176 0.05539739
vt 0.93941176 0.14450455
vt 0.47421694 0.34788096
vt 0.43552101 0.34793395
vt 0.49621326 0.34782314
vt 0.93941170 0.04102230
vt 0.93262637 0.02810830
vt 0.50703114 0.35196745
vt 0.85598999 0.35679650
vt 0.85590541 0.35359615
vt 0.95596534 0.58703613
vt 0.95596534 0.53032351
vt 0.95596534 0.61850601
vt 0.95596534 0.63273305
vt 0.94962633 0.64305490
vt 0.95812207 0.63273323
vt 0.95812207 0.61850595
vt 0.95124680 0.64552635
vt 0.85591644 0.66358119
vt 0.85599130 0.66029119
vt 0.10989428 0.51191390
vt 0.09894169 0.51400137
vt 0.95812219 0.58703613
vt 0.95812219 0.53032351
vt 0.13179319 0.51197278
vt 0.17031418 0.51202631
vt 0.92095292 0.22505355
vt 0.92095292 0.20444959
vt 0.92095292 0.24910927
vt 0.92095292 0.27316993
vt 0.92095292 0.29378843
vt 0.92326880 0.27316993
vt 0.92326880 0.24910927
vt 0.92326880 0.29378843
vt 0.68278509 0.48204100
vt 0.68278861 0.46701050
vt 0.68278384 0.49957728
vt 0.92326880 0.22505355
vt 0.92326880 0.20444959
vt 0.68278509 0.51711041
vt 0.68278861 0.53213060
vt 0.65451175 0.49957931
vt 0.65426660 0.51649374
vt 0.65542090 0.51770592
vt 0.65573853 0.49957854
vt 0.65337098 0.53307080
vt 0.65429085 0.53496623
vt 0.65335184 0.46515715
vt 0.65425909 0.48266441
vt 0.65541476 0.48144978
vt 0.65427399 0.46325731
vt 0.61614382 0.49957931
vt 0.61642379 0.48266441
vt 0.61207646 0.48145056
vt 0.61138529 0.49957854
vt 0.61700726 0.46515715
vt 0.61372149 0.46325850
vt 0.61667007 0.53307080
vt 0.61628890 0.51649374
vt 0.61196584 0.51770520
vt 0.61342084 0.53496462
vt 0.79259413 0.50953388
vt 0.79272854 0.49256241
vt 0.78872961 0.49134690
vt 0.78819233 0.50953448
vt 0.79322499 0.47257990
vt 0.79021931 0.47067958
vt 0.79353708 0.54154658
vt 0.79285330 0.52650535
vt 0.78883195 0.52772319
vt 0.79049760 0.54345131
vt 0.83048481 0.50953388
vt 0.83025080 0.52650535
vt 0.83132082 0.52772391
vt 0.83162045 0.50953448
vt 0.82955456 0.54154676
vt 0.83040816 0.54345262
vt 0.82957214 0.47257990
vt 0.83025783 0.49256241
vt 0.83132648 0.49134618
vt 0.83042377 0.47067809
vt 0.89144588 0.27726924
vt 0.89144588 0.29984581
vt 0.89144588 0.25092357
vt 0.89144588 0.22458321
vt 0.89144588 0.20202267
vt 0.88925266 0.22458321
vt 0.88925266 0.25092357
vt 0.88925266 0.20202267
vt 0.85530561 0.49194384
vt 0.85535824 0.47103375
vt 0.85526723 0.50953567
vt 0.88925266 0.27726924
vt 0.88925266 0.29984581
vt 0.85530603 0.52713096
vt 0.85535914 0.54311049
vt 0.82665151 0.45985115
vt 0.82842898 0.46409398
vt 0.82889724 0.46256876
vt 0.82676941 0.45900649
vt 0.89023626 0.47983986
vt 0.89024711 0.48474020
vt 0.82406288 0.45781922
vt 0.92274261 0.58899224
vt 0.92275310 0.58409190
vt 0.65034366 0.54659915
vt 0.64742047 0.54778242
vt 0.65213633 0.54152834
vt 0.65264207 0.54304850
vt 0.65021640 0.54575706
vt 0.89144588 0.17606556
vt 0.88925266 0.17606556
vt 0.85534960 0.45366687
vt 0.92095292 0.18074369
vt 0.92326880 0.18074369
vt 0.68280602 0.54943931
vt 0.92095292 0.42893386
vt 0.92095292 0.41565645
vt 0.92095292 0.44080317
vt 0.92095292 0.44797659
vt 0.91359031 0.45317352
vt 0.92326880 0.44976318
vt 0.92326880 0.44218087
vt 0.91528642 0.45534968
vt 0.68332362 0.35337335
vt 0.68302220 0.34930277
vt 0.68327260 0.35889798
vt 0.92326880 0.42893386
vt 0.92326880 0.41565645
vt 0.68320197 0.36654061
vt 0.68312258 0.37696511
vt 0.89144582 0.46865863
vt 0.89812636 0.47434568
vt 0.89144588 0.46080834
vt 0.89144588 0.44781768
vt 0.89144588 0.43328249
vt 0.88925266 0.44781774
vt 0.88925266 0.46230751
vt 0.88925266 0.43328249
vt 0.85575408 0.64300770
vt 0.85566187 0.63255262
vt 0.85585123 0.65067130
vt 0.88925260 0.47060341
vt 0.89650726 0.47671574
vt 0.85593802 0.65621042
vt 0.89144588 0.41320509
vt 0.89144588 0.39051312
vt 0.89144588 0.32579619
vt 0.88925266 0.32579619
vt 0.88925266 0.39051318
vt 0.85551000 0.60317016
vt 0.85535151 0.56047189
vt 0.88925266 0.41320515
vt 0.85558158 0.61863935
vt 0.79641747 0.55427521
vt 0.79467684 0.55003250
vt 0.79303885 0.55156207
vt 0.79599029 0.55512559
vt 0.79163265 0.55365741
vt 0.79563260 0.55635101
vt 0.90910864 0.53049552
vt 0.90910780 0.57667726
vt 0.90911829 0.52524984
vt 0.79888737 0.55631357
vt 0.79888153 0.55724919
vt 0.82411784 0.55631447
vt 0.82411855 0.55725139
vt 0.92277271 0.47170889
vt 0.92276281 0.46646261
vt 0.92277366 0.51789135
vt 0.62278616 0.45043933
vt 0.64747971 0.45043838
vt 0.64748061 0.44950473
vt 0.62277979 0.44950676
vt 0.61965650 0.45162332
vt 0.61926979 0.45040202
vt 0.61823839 0.45669973
vt 0.61646748 0.45517516
vt 0.62011850 0.45247102
vt 0.61494738 0.45308679
vt 0.92095292 0.37659347
vt 0.92095292 0.31748813
vt 0.92095292 0.39731854
vt 0.92326880 0.39731854
vt 0.92326880 0.37659347
vt 0.68304539 0.39083457
vt 0.68297380 0.40625393
vt 0.92326880 0.31748813
vt 0.68280655 0.44970649
vt 0.89144588 0.05068064
vt 0.89144588 0.06540883
vt 0.89144588 0.03770280
vt 0.89144582 0.03002793
vt 0.89813685 0.02454621
vt 0.88925260 0.02806538
vt 0.88925260 0.03618503
vt 0.89652336 0.02216023
vt 0.85593742 0.36073899
vt 0.85585088 0.36616039
vt 0.88925266 0.05068070
vt 0.88925266 0.06540883
vt 0.85575408 0.37379646
vt 0.85566157 0.38438344
vt 0.92095292 0.04735565
vt 0.92099416 0.04163587
vt 0.92095292 0.05436873
vt 0.92095292 0.06622636
vt 0.92095292 0.07967997
vt 0.92326880 0.06622636
vt 0.92326880 0.05297410
vt 0.92326880 0.07967997
vt 0.68320298 0.63487399
vt 0.68312341 0.62431830
vt 0.68327338 0.64248884
vt 0.92326880 0.04555273
vt 0.92366374 0.04154706
vt 0.68332398 0.64789665
vt 0.68334395 0.65182930
vt 0.93723375 0.23540688
vt 0.93723369 0.34314978
vt 0.93723369 0.45097798
vt 0.93723369 0.54213810
vt 0.93941170 0.45097798
vt 0.93941170 0.34314960
vt 0.93941170 0.54213810
vt 0.23142457 0.34796661
vt 0.17058443 0.34793508
vt 0.30316618 0.34797662
vt 0.93941170 0.23540688
vt 0.37485135 0.34796572
vt 0.95596534 0.22704256
vt 0.95596534 0.13683176
vt 0.95596534 0.33374739
vt 0.95596534 0.44036752
vt 0.95812219 0.44036752
vt 0.95812207 0.33374751
vt 0.23070753 0.51205868
vt 0.30206481 0.51206982
vt 0.95812207 0.22704268
vt 0.95812207 0.13683176
vt 0.37347859 0.51205945
vt 0.43404114 0.51202774
vt 0.93723369 0.59987557
vt 0.93723369 0.63219088
vt 0.93723369 0.64708483
vt 0.93099785 0.65790266
vt 0.93941176 0.64708483
vt 0.93941176 0.63219094
vt 0.93265033 0.66036332
vt 0.68332219 0.65501964
vt 0.10926656 0.34782422
vt 0.09790377 0.34974498
vt 0.93941176 0.59987557
vt 0.13160506 0.34788251
vt 0.90858734 0.46149218
vt 0.95596540 0.04771352
vt 0.95596540 0.03297269
vt 0.95596540 0.07969409
vt 0.95812213 0.07969415
vt 0.95812213 0.04771340
vt 0.47284454 0.51197422
vt 0.49508357 0.51191521
vt 0.90858734 0.46399981
vt 0.95812213 0.03297269
vt 0.50552583 0.51528352
vt 0.68180269 0.34602278
vt 0.92274165 0.63732374
vt 0.62144500 0.54778111
vt 0.89024806 0.53307140
vt 0.79764587 0.45781994
vt 0.61907494 0.54575706
vt 0.61756396 0.54152834
vt 0.61581749 0.54304683
vt 0.61861932 0.54659754
vt 0.92273176 0.64206052
vt 0.89025760 0.53780735
vt 0.79503000 0.45900780
vt 0.79405242 0.46409428
vt 0.79243696 0.46257025
vt 0.79545146 0.45985144
vt 0.65019143 0.45247102
vt 0.65209848 0.45669973
vt 0.65260553 0.45517367
vt 0.65031910 0.45162207
vt 0.65302235 0.45308280
vt 0.65042418 0.45039868
vt 0.92278415 0.52265149
vt 0.90909731 0.58143741
vt 0.82674670 0.55512673
vt 0.82684398 0.55635411
vt 0.82839406 0.55003250
vt 0.82886344 0.55156356
vt 0.82662857 0.55427539
vt 0.82924938 0.55366135
vt 0.43572259 0.50199556
vt 0.43568653 0.49999243
vt 0.37489146 0.50029510
vt 0.37490538 0.50233698
vt 0.43567669 0.49673283
vt 0.37488779 0.49700820
vt 0.30315596 0.49710113
vt 0.30315596 0.50039697
vt 0.30315557 0.50245208
vt 0.23136762 0.49701208
vt 0.17040786 0.49674135
vt 0.23136353 0.50029886
vt 0.23134920 0.50234127
vt 0.17039759 0.50000137
vt 0.17036074 0.50200474
vt 0.49685156 0.49576056
vt 0.50665969 0.49285418
vt 0.71515095 0.35407418
vt 0.71533328 0.35653931
vt 0.47463766 0.49627388
vt 0.47465727 0.49948925
vt 0.49676386 0.49889606
vt 0.11650836 0.98312950
vt 0.15511107 0.98354936
vt 0.09461030 0.98234767
vt 0.71238607 0.35508484
vt 0.71264154 0.35728556
vt 0.50622749 0.49585754
vt 0.49680281 0.50071394
vt 0.50606227 0.49747396
vt 0.71237320 0.36053950
vt 0.71183461 0.36564654
vt 0.71471947 0.36556923
vt 0.71513718 0.36015588
vt 0.71127880 0.37340802
vt 0.71081007 0.38427418
vt 0.71380973 0.38428277
vt 0.71423709 0.37342525
vt 0.71037120 0.47687757
vt 0.71036905 0.45952219
vt 0.71341330 0.47687757
vt 0.71341121 0.45952219
vt 0.71037161 0.49194562
vt 0.71037167 0.50953579
vt 0.71341389 0.50953579
vt 0.71341377 0.49194562
vt 0.71037155 0.52712935
vt 0.71037102 0.54220808
vt 0.71341324 0.54220808
vt 0.71341366 0.52712935
vt 0.71343267 0.60308403
vt 0.71355367 0.61860573
vt 0.71380419 0.63266402
vt 0.71341097 0.55955845
vt 0.71036887 0.55955845
vt 0.71039522 0.60308474
vt 0.71052873 0.61860895
vt 0.71080410 0.63267249
vt 0.71470612 0.65127450
vt 0.71511948 0.65680057
vt 0.71531147 0.66054726
vt 0.71422797 0.64339125
vt 0.71126920 0.64340895
vt 0.71182066 0.65119314
vt 0.71235508 0.65640134
vt 0.71261948 0.65977263
vt 0.71236086 0.66204602
vt 0.09459494 0.68333530
vt 0.08448462 0.68471038
vt 0.10024970 0.66470540
vt 0.10934192 0.66571802
vt 0.10925403 0.66252679
vt 0.09981846 0.66164833
vt 0.71512568 0.66309249
vt 0.11649767 0.68253917
vt 0.15510491 0.68211675
vt 0.13135153 0.66632426
vt 0.17014758 0.66683817
vt 0.17015696 0.66352051
vt 0.13137071 0.66305190
vt 0.30207479 0.66389704
vt 0.37353587 0.66380590
vt 0.43421918 0.66352916
vt 0.23067001 0.66380203
vt 0.23066634 0.66714698
vt 0.30207479 0.66725111
vt 0.21532932 0.68186283
vt 0.28639022 0.68177688
vt 0.37353995 0.66715109
vt 0.43422872 0.66684735
vt 0.35750771 0.68185866
vt 0.41790140 0.68210757
vt 0.49574381 0.66255003
vt 0.50487214 0.66125250
vt 0.53599787 0.34693509
vt 0.53619146 0.34946936
vt 0.47328907 0.66306734
vt 0.47330821 0.66634059
vt 0.49564776 0.66574234
vt 0.45679078 0.68252325
vt 0.47902158 0.68331277
vt 0.53301096 0.34798008
vt 0.53328353 0.35024351
vt 0.50440764 0.66431034
vt 0.48943898 0.68468308
vt 0.53299224 0.35360557
vt 0.53241026 0.35880131
vt 0.53552651 0.35871881
vt 0.53597802 0.35320580
vt 0.52979815 0.36613512
vt 0.52929223 0.37684196
vt 0.53253198 0.37684977
vt 0.53299332 0.36615193
vt 0.53212565 0.40633833
vt 0.53209770 0.44972152
vt 0.53225863 0.39086586
vt 0.52899206 0.39086270
vt 0.52884561 0.40633738
vt 0.52881259 0.44972152
vt 0.53210032 0.49957728
vt 0.53210020 0.51710880
vt 0.53209984 0.53212661
vt 0.53209978 0.46701443
vt 0.53210014 0.48204261
vt 0.52881503 0.48204261
vt 0.52881521 0.49957728
vt 0.52881455 0.46701443
vt 0.52881509 0.51710880
vt 0.52881455 0.53212661
vt 0.52881277 0.54942387
vt 0.53209794 0.54942387
vt 0.53352851 0.64308727
vt 0.53398484 0.64848822
vt 0.53420269 0.65209472
vt 0.53253812 0.62442243
vt 0.53300327 0.63525039
vt 0.52980864 0.63526714
vt 0.53041309 0.64300889
vt 0.52929872 0.62443078
vt 0.53099966 0.64810383
vt 0.53129506 0.65134847
vt 0.41789535 0.98355836
vt 0.45678023 0.98314524
vt 0.13116218 0.49628913
vt 0.13114209 0.49950516
vt 0.10934839 0.49504328
vt 0.10944427 0.49817991
vt 0.47900635 0.98237014
vt 0.09846575 0.49461073
vt 0.53401291 0.65454936
vt 0.10940946 0.49999899
vt 0.09893075 0.49761486
vt 0.09911676 0.49923247
vt 0.53102577 0.65353990
vt 0.85636687 0.28043199
vt 0.85943991 0.28044111
vt 0.90522701 0.10943079
vt 0.90410823 0.10943091
vt 0.85636687 0.29714954
vt 0.85943991 0.29718608
vt 0.90522701 0.08601904
vt 0.90410823 0.08601904
vt 0.90274787 0.08601904
vt 0.90274787 0.10943091
vt 0.89643455 0.10943091
vt 0.89289403 0.10943091
vt 0.89643455 0.08601904
vt 0.89289403 0.08601904
vt 0.85550916 0.41461360
vt 0.85103196 0.41455102
vt 0.89144588 0.10943091
vt 0.88925266 0.10943091
vt 0.89144588 0.08601904
vt 0.85558081 0.39865762
vt 0.85110760 0.39854735
vt 0.88925266 0.08601904
vt 0.83272964 0.39842874
vt 0.84050995 0.39843667
vt 0.83268666 0.41454560
vt 0.84044838 0.41451329
vt 0.82700908 0.41459674
vt 0.82409662 0.41462028
vt 0.82971382 0.41457093
vt 0.82974613 0.39844704
vt 0.82703131 0.39847243
vt 0.82411009 0.39849961
vt 0.79763794 0.41468138
vt 0.79763913 0.39857447
vt 0.78925967 0.41470903
vt 0.78131062 0.41471857
vt 0.79422772 0.41469544
vt 0.79423141 0.39859349
vt 0.78926933 0.39861423
vt 0.78133142 0.39863503
vt 0.71875262 0.39869761
vt 0.75441748 0.39866883
vt 0.71864063 0.41470742
vt 0.75435770 0.41471970
vt 0.70865571 0.39868665
vt 0.71053219 0.39869642
vt 0.70850158 0.41470522
vt 0.71039724 0.41470510
vt 0.71343458 0.41470569
vt 0.71355689 0.39869964
vt 0.70690453 0.39866942
vt 0.09319314 0.93895930
vt 0.08224519 0.93893874
vt 0.09310280 0.92345762
vt 0.08212639 0.92345893
vt 0.70672065 0.41470629
vt 0.11570282 0.93897980
vt 0.15471692 0.93899715
vt 0.15468156 0.92345512
vt 0.11564142 0.92345625
vt 0.35767874 0.92345434
vt 0.41833076 0.92345554
vt 0.28639197 0.92345417
vt 0.21516220 0.92345434
vt 0.21517856 0.93900746
vt 0.28639260 0.93901110
vt 0.35766351 0.93900788
vt 0.41829631 0.93899810
vt 0.52489001 0.59409225
vt 0.52680486 0.59409386
vt 0.48053715 0.92345953
vt 0.49185634 0.92346144
vt 0.45765612 0.92345726
vt 0.45759544 0.93898195
vt 0.48044753 0.93896258
vt 0.52509058 0.61007738
vt 0.52697343 0.61006153
vt 0.49173781 0.93894339
vt 0.53212762 0.59409386
vt 0.53775388 0.59409225
vt 0.52884781 0.59409463
vt 0.52899587 0.61005247
vt 0.53226221 0.61004931
vt 0.53787708 0.61005127
vt 0.57481414 0.59407920
vt 0.60394681 0.59407997
vt 0.57487983 0.61007947
vt 0.60396963 0.61011267
vt 0.61254895 0.61013341
vt 0.61791134 0.61015439
vt 0.61790735 0.59410298
vt 0.61253834 0.59408951
vt 0.62159306 0.61017334
vt 0.62159175 0.59411716
vt 0.65460593 0.61024904
vt 0.65459138 0.59417832
vt 0.65776151 0.61027634
vt 0.65773720 0.59420252
vt 0.66069394 0.61030221
vt 0.66391659 0.61032039
vt 0.66386998 0.59425318
vt 0.66065878 0.59422827
vt 0.67225367 0.59428573
vt 0.68024868 0.59424764
vt 0.67232037 0.61031163
vt 0.68032384 0.61019957
vt 0.91942394 0.09850454
vt 0.92095292 0.09850454
vt 0.91942394 0.11988699
vt 0.92095292 0.11988699
vt 0.92326880 0.11988699
vt 0.68297392 0.59418452
vt 0.92326880 0.09850454
vt 0.68304592 0.61008894
vt 0.90997505 0.09850454
vt 0.91568470 0.09850454
vt 0.90997505 0.11988699
vt 0.91568470 0.11988699
vt 0.67395037 0.05331910
vt 0.67702621 0.05328196
vt 0.67395037 0.07022458
vt 0.67702621 0.07021534
vt 0.90713751 0.09850454
vt 0.90713751 0.11988699
vt 0.90841973 0.11988699
vt 0.90841973 0.09850454
vt 0.66498220 0.07023293
vt 0.65561092 0.07023376
vt 0.66498220 0.05335248
vt 0.65561074 0.05335629
vt 0.64526266 0.05335629
vt 0.64526266 0.07023400
vt 0.64877498 0.07023376
vt 0.64877498 0.05335629
vt 0.65203083 0.07023400
vt 0.65203083 0.05335629
vt 0.62296760 0.07023400
vt 0.62296760 0.05335629
vt 0.60428226 0.05335629
vt 0.61329275 0.05335629
vt 0.60428226 0.07023376
vt 0.61329275 0.07023400
vt 0.61897546 0.07023376
vt 0.61897546 0.05335629
vt 0.55640721 0.07023400
vt 0.53680611 0.07023376
vt 0.57394826 0.07023376
vt 0.59030753 0.07023400
vt 0.59030753 0.05335629
vt 0.57394826 0.05335629
vt 0.55640721 0.05335629
vt 0.53680611 0.05335629
vt 0.89755315 0.72767717
vt 0.85688710 0.72767717
vt 0.91959852 0.72767717
vt 0.52877313 0.07023400
vt 0.52475673 0.07023376
vt 0.52877313 0.05335629
vt 0.52475673 0.05335629
vt 0.89755315 0.71052802
vt 0.85688710 0.71052802
vt 0.91959852 0.71052802
vt 0.63700974 0.72767717
vt 0.57202888 0.72767717
vt 0.71433371 0.72767717
vt 0.79172021 0.72767717
vt 0.79172021 0.71052802
vt 0.71433371 0.71052802
vt 0.63700974 0.71052802
vt 0.57202888 0.71052802
vt 0.71686780 0.29711300
vt 0.70409775 0.29711300
vt 0.71686780 0.28042287
vt 0.70409775 0.28042287
vt 0.70008487 0.28042287
vt 0.70008487 0.29711300
vt 0.51000071 0.72767717
vt 0.53167367 0.72767717
vt 0.51000071 0.71052802
vt 0.53167367 0.71052802
vt 0.73024404 0.29711300
vt 0.74639344 0.29711300
vt 0.74639344 0.28042287
vt 0.73024404 0.28042287
vt 0.76273775 0.29711300
vt 0.77670008 0.29711300
vt 0.77670008 0.28042287
vt 0.76273775 0.28042287
vt 0.79138023 0.28042287
vt 0.79536867 0.28042287
vt 0.78570241 0.28042287
vt 0.78570241 0.29711300
vt 0.79138023 0.29711300
vt 0.79536867 0.29711300
vt 0.82248586 0.28042287
vt 0.82248586 0.29711300
vt 0.82924813 0.28042287
vt 0.83282483 0.28042287
vt 0.82599515 0.28042287
vt 0.82599515 0.29711300
vt 0.82924813 0.29711300
vt 0.83282483 0.29711300
vt 0.84740639 0.29711652
vt 0.84740639 0.28042376
f 1/1/1 2/2/2 3/3/3
f 1/1/1 3/3/3 4/4/4
f 2/2/2 5/5/5 6/6/6
f 2/2/2 6/6/6 3/3/3
f 7/7/7 8/8/8 9/9/9
f 7/7/7 9/9/9 10/10/10
f 11/11/11 7/7/7 10/10/10
f 11/11/11 10/10/10 12/12/12
f 5/5/5 13/13/13 14/14/14
f 5/5/5 14/14/14 6/6/6
f 13/13/13 15/15/15 16/16/16
f 13/13/13 16/16/16 14/14/14
f 17/17/17 18/18/18 19/19/19
f 17/17/17 19/19/19 20/20/20
f 8/8/8 17/17/17 20/20/20
f 8/8/8 20/20/20 9/9/9
f 9/9/9 20/20/20 21/21/21
f 9/9/9 21/21/21 22/22/22
f 20/20/20 19/19/19 23/23/23
f 20/20/20 23/23/23 21/21/21
f 21/21/21 23/23/23 24/24/24
f 21/21/21 24/24/24 25/25/25
f 22/22/22 21/21/21 25/25/25
f 22/22/22 25/25/25 26/26/26
f 12/12/12 10/10/10 27/27/27
f 12/12/12 27/27/27 28/28/28
f 10/10/10 9/9/9 22/22/22
f 10/10/10 22/22/22 27/27/27
f 27/27/27 22/22/22 26/26/26
f 27/27/27 26/26/26 29/29/29
f 28/28/28 27/27/27 29/29/29
f 28/28/28 29/29/29 30/30/30
f 31/31/31 32/32/32 33/33/33
f 31/31/31 33/33/33 34/34/34
f 35/35/35 36/36/36 37/37/37
f 35/35/35 37/37/37 38/38/38
f 32/32/32 39/39/39 40/40/40
f 32/32/32 40/40/40 33/33/33
f 39/39/39 41/41/41 42/42/42
f 39/39/39 42/42/42 40/40/40
f 43/43/43 44/44/44 45/45/45
f 43/43/43 45/45/45 46/46/46
f 36/36/36 43/43/43 46/46/46
f 36/36/36 46/46/46 37/37/37
f 37/37/37 46/46/46 47/47/47
f 37/37/37 47/47/47 48/48/48
f 46/46/46 45/45/45 49/49/49
f 46/46/46 49/49/49 47/47/47
f 47/47/47 49/49/49 50/50/50
f 47/47/47 50/50/50 51/51/51
f 48/48/48 47/47/47 51/51/51
f 48/48/48 51/51/51 52/52/52
f 38/38/38 37/37/37 48/48/48
f 38/38/38 48/48/48 53/53/53
f 53/53/53 48/48/48 52/52/52
f 53/53/53 52/52/52 54/54/54
f 55/55/55 56/56/56 57/57/57
f 55/55/55 57/57/57 58/58/58
f 59/59/59 60/60/60 61/61/61
f 59/59/59 61/61/61 62/62/62
f 60/60/60 63/63/63 64/64/64
f 60/60/60 64/64/64 61/61/61
f 63/63/63 65/65/65 66/66/66
f 63/63/63 66/66/66 64/64/64
f 64/64/64 66/66/66 24/24/24
f 64/64/64 24/24/24 23/23/23
f 61/61/61 64/64/64 23/23/23
f 61/61/61 23/23/23 19/19/19
f 62/62/62 61/61/61 19/19/19
f 62/62/62 19/19/19 18/18/18
f 58/58/58 57/57/57 16/16/16
f 58/58/58 16/16/16 15/15/15
f 67/67/67 68/68/68 69/69/69
f 67/67/67 69/69/69 70/70/70
f 71/71/71 72/72/72 73/73/73
f 71/71/71 73/73/73 74/74/74
f 72/72/72 75/75/75 76/76/76
f 72/72/72 76/76/76 73/73/73
f 75/75/75 77/77/77 78/78/78
f 75/75/75 78/78/78 76/76/76
f 76/76/76 78/78/78 79/79/79
f 76/76/76 79/79/79 80/80/80
f 73/73/73 76/76/76 80/80/80
f 73/73/73 80/80/80 81/81/81
f 74/74/74 73/73/73 81/81/81
f 74/74/74 81/81/81 82/82/82
f 70/70/70 69/69/69 83/83/83
f 70/70/70 83/83/83 84/84/84
f 85/85/85 86/86/86 87/87/87
f 85/85/85 87/87/87 88/88/88
f 89/89/89 90/90/90 91/91/91
f 89/89/89 91/91/91 92/92/92
f 93/93/93 94/94/94 95/95/95
f 93/93/93 95/95/95 96/96/96
f 86/86/86 93/93/93 96/96/96
f 86/86/86 96/96/96 87/87/87
f 96/96/96 95/95/95 50/50/50
f 96/96/96 50/50/50 49/49/49
f 87/87/87 96/96/96 49/49/49
f 87/87/87 49/49/49 45/45/45
f 88/88/88 87/87/87 45/45/45
f 88/88/88 45/45/45 44/44/44
f 92/92/92 91/91/91 42/42/42
f 92/92/92 42/42/42 41/41/41
f 97/97/97 98/98/98 99/99/99
f 97/97/97 99/99/99 100/100/100
f 101/101/101 102/102/102 103/103/103
f 101/101/101 103/103/103 104/104/104
f 102/102/102 105/105/105 106/106/106
f 102/102/102 106/106/106 103/103/103
f 105/105/105 107/107/107 108/108/108
f 105/105/105 108/108/108 106/106/106
f 103/103/103 106/106/106 109/109/109
f 103/103/103 109/109/109 110/110/110
f 106/106/106 108/108/108 111/111/111
f 106/106/106 111/111/111 109/109/109
f 100/100/100 99/99/99 112/112/112
f 100/100/100 112/112/112 113/113/113
f 104/104/104 103/103/103 110/110/110
f 104/104/104 110/110/110 114/114/114
f 115/115/115 116/116/116 117/117/117
f 115/115/115 117/117/117 118/118/118
f 119/119/119 115/115/115 118/118/118
f 119/119/119 118/118/118 120/120/120
f 121/121/121 122/122/122 123/123/123
f 121/121/121 123/123/123 124/124/124
f 116/116/116 121/121/121 124/124/124
f 116/116/116 124/124/124 117/117/117
f 124/124/124 123/123/123 125/125/125
f 124/124/124 125/125/125 126/126/126
f 117/117/117 124/124/124 126/126/126
f 117/117/117 126/126/126 127/127/127
f 118/118/118 117/117/117 127/127/127
f 118/118/118 127/127/127 128/128/128
f 120/120/120 118/118/118 128/128/128
f 120/120/120 128/128/128 129/129/129
f 130/130/130 131/131/131 132/132/132
f 130/130/130 132/132/132 133/133/133
f 131/131/131 134/134/134 135/135/135
f 131/131/131 135/135/135 132/132/132
f 134/134/134 136/136/136 137/137/137
f 134/134/134 137/137/137 135/135/135
f 136/136/136 138/138/138 139/139/139
f 136/136/136 139/139/139 137/137/137
f 137/137/137 139/139/139 140/140/140
f 137/137/137 140/140/140 141/141/141
f 135/135/135 137/137/137 141/141/141
f 135/135/135 141/141/141 142/142/142
f 132/132/132 135/135/135 142/142/142
f 132/132/132 142/142/142 143/143/143
f 133/133/133 132/132/132 143/143/143
f 133/133/133 143/143/143 144/144/144
f 145/145/145 146/146/146 147/147/147
f 145/145/145 147/147/147 148/148/148
f 146/146/146 149/149/149 150/150/150
f 146/146/146 150/150/150 147/147/147
f 147/147/147 150/150/150 151/151/151
f 147/147/147 151/151/151 152/152/152
f 148/148/148 147/147/147 152/152/152
f 148/148/148 152/152/152 153/153/153
f 149/149/149 154/154/154 155/155/155
f 149/149/149 155/155/155 150/150/150
f 154/154/154 156/156/156 157/157/157
f 154/154/154 157/157/157 155/155/155
f 155/155/155 157/157/157 158/158/158
f 155/155/155 158/158/158 159/159/159
f 150/150/150 155/155/155 159/159/159
f 150/150/150 159/159/159 151/151/151
f 151/151/151 159/159/159 160/160/160
f 151/151/151 160/160/160 161/161/161
f 159/159/159 158/158/158 162/162/162
f 159/159/159 162/162/162 160/160/160
f 163/163/163 164/164/164 165/165/165
f 163/163/163 165/165/165 166/166/166
f 167/167/167 163/163/163 166/166/166
f 167/167/167 166/166/166 168/168/168
f 153/153/153 152/152/152 169/169/169
f 153/153/153 169/169/169 170/170/170
f 152/152/152 151/151/151 161/161/161
f 152/152/152 161/161/161 169/169/169
f 171/171/171 167/167/167 168/168/168
f 171/171/171 168/168/168 172/172/172
f 173/173/173 171/171/171 172/172/172
f 173/173/173 172/172/172 174/174/174
f 175/175/175 176/176/176 177/177/177
f 175/175/175 177/177/177 178/178/178
f 176/176/176 179/179/179 180/180/180
f 176/176/176 180/180/180 177/177/177
f 179/179/179 181/181/181 182/182/182
f 179/179/179 182/182/182 180/180/180
f 181/181/181 183/183/183 184/184/184
f 181/181/181 184/184/184 182/182/182
f 182/182/182 184/184/184 185/185/185
f 182/182/182 185/185/185 186/186/186
f 180/180/180 182/182/182 186/186/186
f 180/180/180 186/186/186 187/187/187
f 177/177/177 180/180/180 187/187/187
f 177/177/177 187/187/187 188/188/188
f 178/178/178 177/177/177 188/188/188
f 178/178/178 188/188/188 189/189/189
f 190/190/190 191/191/191 192/192/192
f 190/190/190 192/192/192 193/193/193
f 191/191/191 194/194/194 195/195/195
f 191/191/191 195/195/195 192/192/192
f 194/194/194 196/196/196 197/197/197
f 194/194/194 197/197/197 195/195/195
f 196/196/196 198/198/198 199/199/199
f 196/196/196 199/199/199 197/197/197
f 195/195/195 197/197/197 200/200/200
f 195/195/195 200/200/200 201/201/201
f 197/197/197 199/199/199 202/202/202
f 197/197/197 202/202/202 200/200/200
f 193/193/193 192/192/192 203/203/203
f 193/193/193 203/203/203 204/204/204
f 192/192/192 195/195/195 201/201/201
f 192/192/192 201/201/201 203/203/203
f 205/205/205 206/206/206 148/148/148
f 205/205/205 148/148/148 153/153/153
f 206/206/206 207/207/207 145/145/145
f 206/206/206 145/145/145 148/148/148
f 208/208/208 209/209/209 173/173/173
f 208/208/208 173/173/173 174/174/174
f 210/210/210 205/205/205 153/153/153
f 210/210/210 153/153/153 170/170/170
f 211/211/211 212/212/212 213/213/213
f 211/211/211 213/213/213 214/214/214
f 215/215/215 190/190/190 216/216/216
f 215/215/215 216/216/216 217/217/217
f 212/212/212 215/215/215 217/217/217
f 212/212/212 217/217/217 213/213/213
f 218/218/218 219/219/219 220/220/220
f 218/218/218 220/220/220 221/221/221
f 219/219/219 222/222/222 129/129/129
f 219/219/219 129/129/129 220/220/220
f 223/223/223 218/218/218 221/221/221
f 223/223/223 221/221/221 224/224/224
f 144/144/144 225/225/225 226/226/226
f 144/144/144 226/226/226 133/133/133
f 133/133/133 226/226/226 227/227/227
f 133/133/133 227/227/227 130/130/130
f 228/228/228 175/175/175 178/178/178
f 228/228/228 178/178/178 229/229/229
f 229/229/229 178/178/178 189/189/189
f 229/229/229 189/189/189 230/230/230
f 216/216/216 190/190/190 193/193/193
f 216/216/216 193/193/193 231/231/231
f 231/231/231 193/193/193 204/204/204
f 231/231/231 204/204/204 232/232/232
f 129/129/129 222/222/222 233/233/233
f 129/129/129 233/233/233 120/120/120
f 120/120/120 233/233/233 234/234/234
f 120/120/120 234/234/234 119/119/119
f 235/235/235 236/236/236 237/237/237
f 235/235/235 237/237/237 238/238/238
f 236/236/236 239/239/239 240/240/240
f 236/236/236 240/240/240 237/237/237
f 239/239/239 241/241/241 242/242/242
f 239/239/239 242/242/242 240/240/240
f 241/241/241 243/243/243 244/244/244
f 241/241/241 244/244/244 242/242/242
f 240/240/240 242/242/242 245/245/245
f 240/240/240 245/245/245 246/246/246
f 242/242/242 244/244/244 247/247/247
f 242/242/242 247/247/247 245/245/245
f 238/238/238 237/237/237 248/248/248
f 238/238/238 248/248/248 249/249/249
f 237/237/237 240/240/240 246/246/246
f 237/237/237 246/246/246 248/248/248
f 250/250/250 251/251/251 252/252/252
f 250/250/250 252/252/252 253/253/253
f 251/251/251 254/254/254 255/255/255
f 251/251/251 255/255/255 252/252/252
f 252/252/252 255/255/255 256/256/256
f 252/252/252 256/256/256 257/257/257
f 253/253/253 252/252/252 257/257/257
f 253/253/253 257/257/257 258/258/258
f 254/254/254 259/259/259 260/260/260
f 254/254/254 260/260/260 255/255/255
f 259/259/259 261/261/261 262/262/262
f 259/259/259 262/262/262 260/260/260
f 260/260/260 262/262/262 263/263/263
f 260/260/260 263/263/263 264/264/264
f 255/255/255 260/260/260 264/264/264
f 255/255/255 264/264/264 256/256/256
f 256/256/256 264/264/264 265/265/265
f 256/256/256 265/265/265 266/266/266
f 264/264/264 263/263/263 267/267/267
f 264/264/264 267/267/267 265/265/265
f 265/265/265 267/267/267 268/268/268
f 265/265/265 268/268/268 269/269/269
f 266/266/266 265/265/265 269/269/269
f 266/266/266 269/269/269 270/270/270
f 258/258/258 257/257/257 271/271/271
f 258/258/258 271/271/271 272/272/272
f 257/257/257 256/256/256 266/266/266
f 257/257/257 266/266/266 271/271/271
f 271/271/271 266/266/266 270/270/270
f 271/271/271 270/270/270 273/273/273
f 272/272/272 271/271/271 273/273/273
f 272/272/272 273/273/273 274/274/274
f 275/275/275 276/276/276 277/277/277
f 275/275/275 277/277/277 278/278/278
f 276/276/276 279/279/279 280/280/280
f 276/276/276 280/280/280 277/277/277
f 279/279/279 281/281/281 282/282/282
f 279/279/279 282/282/282 280/280/280
f 281/281/281 283/283/283 284/284/284
f 281/281/281 284/284/284 282/282/282
f 282/282/282 284/284/284 250/250/250
f 282/282/282 250/250/250 253/253/253
f 280/280/280 282/282/282 253/253/253
f 280/280/280 253/253/253 258/258/258
f 277/277/277 280/280/280 258/258/258
f 277/277/277 258/258/258 272/272/272
f 278/278/278 277/277/277 272/272/272
f 278/278/278 272/272/272 274/274/274
f 285/285/285 286/286/286 287/287/287
f 285/285/285 287/287/287 288/288/288
f 289/289/289 290/290/290 291/291/291
f 289/289/289 291/291/291 292/292/292
f 292/292/292 291/291/291 293/293/293
f 292/292/292 293/293/293 294/294/294
f 288/288/288 287/287/287 295/295/295
f 288/288/288 295/295/295 296/296/296
f 290/290/290 297/297/297 298/298/298
f 290/290/290 298/298/298 291/291/291
f 297/297/297 299/299/299 300/300/300
f 297/297/297 300/300/300 298/298/298
f 298/298/298 300/300/300 301/301/301
f 298/298/298 301/301/301 302/302/302
f 291/291/291 298/298/298 302/302/302
f 291/291/291 302/302/302 293/293/293
f 293/293/293 302/302/302 303/303/303
f 293/293/293 303/303/303 304/304/304
f 302/302/302 301/301/301 305/305/305
f 302/302/302 305/305/305 303/303/303
f 303/303/303 305/305/305 306/306/306
f 303/303/303 306/306/306 307/307/307
f 304/304/304 303/303/303 307/307/307
f 304/304/304 307/307/307 308/308/308
f 296/296/296 295/295/295 309/309/309
f 296/296/296 309/309/309 310/310/310
f 294/294/294 293/293/293 304/304/304
f 294/294/294 304/304/304 311/311/311
f 311/311/311 304/304/304 308/308/308
f 311/311/311 308/308/308 312/312/312
f 310/310/310 309/309/309 313/313/313
f 310/310/310 313/313/313 314/314/314
f 315/315/315 316/316/316 317/317/317
f 315/315/315 317/317/317 318/318/318
f 318/318/318 317/317/317 319/319/319
f 318/318/318 319/319/319 320/320/320
f 316/316/316 321/321/321 322/322/322
f 316/316/316 322/322/322 317/317/317
f 317/317/317 322/322/322 323/323/323
f 317/317/317 323/323/323 319/319/319
f 319/319/319 323/323/323 324/324/324
f 319/319/319 324/324/324 325/325/325
f 325/325/325 324/324/324 55/55/55
f 325/325/325 55/55/55 58/58/58
f 320/320/320 319/319/319 325/325/325
f 320/320/320 325/325/325 326/326/326
f 326/326/326 325/325/325 58/58/58
f 326/326/326 58/58/58 15/15/15
f 15/15/15 13/13/13 327/327/327
f 15/15/15 327/327/327 326/326/326
f 13/13/13 5/5/5 328/328/328
f 13/13/13 328/328/328 327/327/327
f 327/327/327 328/328/328 329/329/329
f 327/327/327 329/329/329 330/330/330
f 326/326/326 327/327/327 330/330/330
f 326/326/326 330/330/330 320/320/320
f 5/5/5 2/2/2 331/331/331
f 5/5/5 331/331/331 328/328/328
f 2/2/2 1/1/1 332/332/332
f 2/2/2 332/332/332 331/331/331
f 331/331/331 332/332/332 333/333/333
f 331/331/331 333/333/333 334/334/334
f 328/328/328 331/331/331 334/334/334
f 328/328/328 334/334/334 329/329/329
f 329/329/329 334/334/334 335/335/335
f 329/329/329 335/335/335 336/336/336
f 334/334/334 333/333/333 337/337/337
f 334/334/334 337/337/337 335/335/335
f 335/335/335 337/337/337 338/338/338
f 335/335/335 338/338/338 339/339/339
f 336/336/336 335/335/335 339/339/339
f 336/336/336 339/339/339 340/340/340
f 320/320/320 330/330/330 341/341/341
f 320/320/320 341/341/341 318/318/318
f 330/330/330 329/329/329 336/336/336
f 330/330/330 336/336/336 341/341/341
f 341/341/341 336/336/336 340/340/340
f 341/341/341 340/340/340 342/342/342
f 318/318/318 341/341/341 342/342/342
f 318/318/318 342/342/342 315/315/315
f 343/343/343 344/344/344 345/345/345
f 343/343/343 345/345/345 346/346/346
f 346/346/346 345/345/345 347/347/347
f 346/346/346 347/347/347 348/348/348
f 344/344/344 349/349/349 350/350/350
f 344/344/344 350/350/350 345/345/345
f 345/345/345 350/350/350 351/351/351
f 345/345/345 351/351/351 347/347/347
f 347/347/347 351/351/351 352/352/352
f 347/347/347 352/352/352 353/353/353
f 353/353/353 352/352/352 97/97/97
f 353/353/353 97/97/97 100/100/100
f 348/348/348 347/347/347 353/353/353
f 348/348/348 353/353/353 354/354/354
f 354/354/354 353/353/353 100/100/100
f 354/354/354 100/100/100 113/113/113
f 355/355/355 356/356/356 357/357/357
f 355/355/355 357/357/357 358/358/358
f 356/356/356 359/359/359 360/360/360
f 356/356/356 360/360/360 357/357/357
f 357/357/357 360/360/360 361/361/361
f 357/357/357 361/361/361 362/362/362
f 362/362/362 361/361/361 349/349/349
f 362/362/362 349/349/349 344/344/344
f 358/358/358 357/357/357 362/362/362
f 358/358/358 362/362/362 363/363/363
f 363/363/363 362/362/362 344/344/344
f 363/363/363 344/344/344 343/343/343
f 315/315/315 342/342/342 364/364/364
f 315/315/315 364/364/364 365/365/365
f 342/342/342 340/340/340 366/366/366
f 342/342/342 366/366/366 364/364/364
f 364/364/364 366/366/366 367/367/367
f 364/364/364 367/367/367 368/368/368
f 365/365/365 364/364/364 368/368/368
f 365/365/365 368/368/368 369/369/369
f 340/340/340 339/339/339 370/370/370
f 340/340/340 370/370/370 366/366/366
f 339/339/339 338/338/338 371/371/371
f 339/339/339 371/371/371 370/370/370
f 370/370/370 371/371/371 372/372/372
f 370/370/370 372/372/372 373/373/373
f 366/366/366 370/370/370 373/373/373
f 366/366/366 373/373/373 367/367/367
f 373/373/373 372/372/372 374/374/374
f 373/373/373 374/374/374 375/375/375
f 367/367/367 373/373/373 375/375/375
f 367/367/367 375/375/375 376/376/376
f 368/368/368 367/367/367 376/376/376
f 368/368/368 376/376/376 377/377/377
f 369/369/369 368/368/368 377/377/377
f 369/369/369 377/377/377 378/378/378
f 378/378/378 379/379/379 380/380/380
f 378/378/378 380/380/380 369/369/369
f 379/379/379 381/381/381 382/382/382
f 379/379/379 382/382/382 380/380/380
f 380/380/380 382/382/382 383/383/383
f 380/380/380 383/383/383 384/384/384
f 384/384/384 383/383/383 321/321/321
f 384/384/384 321/321/321 316/316/316
f 369/369/369 380/380/380 384/384/384
f 369/369/369 384/384/384 365/365/365
f 365/365/365 384/384/384 316/316/316
f 365/365/365 316/316/316 315/315/315
f 385/385/385 386/386/386 387/387/387
f 385/385/385 387/387/387 388/388/388
f 389/389/389 390/390/390 391/391/391
f 389/389/389 391/391/391 392/392/392
f 390/390/390 393/393/393 394/394/394
f 390/390/390 394/394/394 391/391/391
f 393/393/393 395/395/395 396/396/396
f 393/393/393 396/396/396 394/394/394
f 391/391/391 394/394/394 397/397/397
f 391/391/391 397/397/397 398/398/398
f 394/394/394 396/396/396 399/399/399
f 394/394/394 399/399/399 397/397/397
f 397/397/397 399/399/399 299/299/299
f 397/397/397 299/299/299 297/297/297
f 398/398/398 397/397/397 297/297/297
f 398/398/398 297/297/297 290/290/290
f 388/388/388 387/387/387 400/400/400
f 388/388/388 400/400/400 401/401/401
f 392/392/392 391/391/391 398/398/398
f 392/392/392 398/398/398 402/402/402
f 402/402/402 398/398/398 290/290/290
f 402/402/402 290/290/290 289/289/289
f 401/401/401 400/400/400 286/286/286
f 401/401/401 286/286/286 285/285/285
f 250/250/250 284/284/284 403/403/403
f 250/250/250 403/403/403 404/404/404
f 404/404/404 403/403/403 405/405/405
f 404/404/404 405/405/405 406/406/406
f 284/284/284 283/283/283 407/407/407
f 284/284/284 407/407/407 403/403/403
f 403/403/403 407/407/407 408/408/408
f 403/403/403 408/408/408 405/405/405
f 405/405/405 408/408/408 409/409/409
f 405/405/405 409/409/409 410/410/410
f 406/406/406 405/405/405 410/410/410
f 406/406/406 410/410/410 411/411/411
f 411/411/411 412/412/412 413/413/413
f 411/411/411 413/413/413 406/406/406
f 412/412/412 414/414/414 415/415/415
f 412/412/412 415/415/415 413/413/413
f 414/414/414 416/416/416 417/417/417
f 414/414/414 417/417/417 415/415/415
f 416/416/416 418/418/418 419/419/419
f 416/416/416 419/419/419 417/417/417
f 415/415/415 417/417/417 420/420/420
f 415/415/415 420/420/420 421/421/421
f 417/417/417 419/419/419 422/422/422
f 417/417/417 422/422/422 420/420/420
f 420/420/420 422/422/422 261/261/261
f 420/420/420 261/261/261 259/259/259
f 421/421/421 420/420/420 259/259/259
f 421/421/421 259/259/259 254/254/254
f 406/406/406 413/413/413 423/423/423
f 406/406/406 423/423/423 404/404/404
f 413/413/413 415/415/415 421/421/421
f 413/413/413 421/421/421 423/423/423
f 423/423/423 421/421/421 254/254/254
f 423/423/423 254/254/254 251/251/251
f 404/404/404 423/423/423 251/251/251
f 404/404/404 251/251/251 250/250/250
f 247/247/247 244/244/244 424/424/424
f 247/247/247 424/424/424 425/425/425
f 425/425/425 424/424/424 426/426/426
f 425/425/425 426/426/426 427/427/427
f 244/244/244 243/243/243 428/428/428
f 244/244/244 428/428/428 424/424/424
f 424/424/424 428/428/428 429/429/429
f 424/424/424 429/429/429 426/426/426
f 426/426/426 429/429/429 430/430/430
f 426/426/426 430/430/430 431/431/431
f 427/427/427 426/426/426 431/431/431
f 427/427/427 431/431/431 432/432/432
f 41/41/41 433/433/433 434/434/434
f 41/41/41 434/434/434 92/92/92
f 433/433/433 435/435/435 436/436/436
f 433/433/433 436/436/436 434/434/434
f 435/435/435 437/437/437 438/438/438
f 435/435/435 438/438/438 436/436/436
f 437/437/437 439/439/439 440/440/440
f 437/437/437 440/440/440 438/438/438
f 436/436/436 438/438/438 441/441/441
f 436/436/436 441/441/441 442/442/442
f 438/438/438 440/440/440 443/443/443
f 438/438/438 443/443/443 441/441/441
f 92/92/92 434/434/434 444/444/444
f 92/92/92 444/444/444 89/89/89
f 434/434/434 436/436/436 442/442/442
f 434/434/434 442/442/442 444/444/444
f 445/445/445 446/446/446 447/447/447
f 445/445/445 447/447/447 448/448/448
f 448/448/448 447/447/447 449/449/449
f 448/448/448 449/449/449 450/450/450
f 446/446/446 451/451/451 452/452/452
f 446/446/446 452/452/452 447/447/447
f 451/451/451 439/439/439 437/437/437
f 451/451/451 437/437/437 452/452/452
f 452/452/452 437/437/437 435/435/435
f 452/452/452 435/435/435 453/453/453
f 447/447/447 452/452/452 453/453/453
f 447/447/447 453/453/453 449/449/449
f 449/449/449 453/453/453 454/454/454
f 449/449/449 454/454/454 455/455/455
f 453/453/453 435/435/435 433/433/433
f 453/453/453 433/433/433 454/454/454
f 454/454/454 433/433/433 41/41/41
f 454/454/454 41/41/41 39/39/39
f 455/455/455 454/454/454 39/39/39
f 455/455/455 39/39/39 32/32/32
f 450/450/450 449/449/449 455/455/455
f 450/450/450 455/455/455 456/456/456
f 456/456/456 455/455/455 32/32/32
f 456/456/456 32/32/32 31/31/31
f 84/84/84 457/457/457 458/458/458
f 84/84/84 458/458/458 70/70/70
f 457/457/457 459/459/459 460/460/460
f 457/457/457 460/460/460 458/458/458
f 459/459/459 461/461/461 462/462/462
f 459/459/459 462/462/462 460/460/460
f 461/461/461 463/463/463 464/464/464
f 461/461/461 464/464/464 462/462/462
f 462/462/462 464/464/464 465/465/465
f 462/462/462 465/465/465 466/466/466
f 460/460/460 462/462/462 466/466/466
f 460/460/460 466/466/466 467/467/467
f 458/458/458 460/460/460 467/467/467
f 458/458/458 467/467/467 468/468/468
f 70/70/70 458/458/458 468/468/468
f 70/70/70 468/468/468 67/67/67
f 469/469/469 470/470/470 471/471/471
f 469/469/469 471/471/471 472/472/472
f 473/473/473 474/474/474 475/475/475
f 473/473/473 475/475/475 476/476/476
f 476/476/476 475/475/475 477/477/477
f 476/476/476 477/477/477 478/478/478
f 472/472/472 471/471/471 479/479/479
f 472/472/472 479/479/479 480/480/480
f 474/474/474 481/481/481 482/482/482
f 474/474/474 482/482/482 475/475/475
f 481/481/481 483/483/483 484/484/484
f 481/481/481 484/484/484 482/482/482
f 482/482/482 484/484/484 485/485/485
f 482/482/482 485/485/485 486/486/486
f 475/475/475 482/482/482 486/486/486
f 475/475/475 486/486/486 477/477/477
f 477/477/477 486/486/486 487/487/487
f 477/477/477 487/487/487 488/488/488
f 486/486/486 485/485/485 489/489/489
f 486/486/486 489/489/489 487/487/487
f 487/487/487 489/489/489 490/490/490
f 487/487/487 490/490/490 491/491/491
f 488/488/488 487/487/487 491/491/491
f 488/488/488 491/491/491 492/492/492
f 480/480/480 479/479/479 493/493/493
f 480/480/480 493/493/493 494/494/494
f 478/478/478 477/477/477 488/488/488
f 478/478/478 488/488/488 495/495/495
f 495/495/495 488/488/488 492/492/492
f 495/495/495 492/492/492 496/496/496
f 494/494/494 493/493/493 497/497/497
f 494/494/494 497/497/497 498/498/498
f 499/499/499 500/500/500 501/501/501
f 499/499/499 501/501/501 502/502/502
f 502/502/502 501/501/501 503/503/503
f 502/502/502 503/503/503 504/504/504
f 500/500/500 505/505/505 506/506/506
f 500/500/500 506/506/506 501/501/501
f 501/501/501 506/506/506 507/507/507
f 501/501/501 507/507/507 503/503/503
f 503/503/503 507/507/507 508/508/508
f 503/503/503 508/508/508 509/509/509
f 509/509/509 508/508/508 510/510/510
f 509/509/509 510/510/510 511/511/511
f 504/504/504 503/503/503 509/509/509
f 504/504/504 509/509/509 512/512/512
f 512/512/512 509/509/509 511/511/511
f 512/512/512 511/511/511 513/513/513
f 514/514/514 515/515/515 516/516/516
f 514/514/514 516/516/516 517/517/517
f 517/517/517 516/516/516 518/518/518
f 517/517/517 518/518/518 519/519/519
f 515/515/515 520/520/520 521/521/521
f 515/515/515 521/521/521 516/516/516
f 520/520/520 522/522/522 523/523/523
f 520/520/520 523/523/523 521/521/521
f 521/521/521 523/523/523 524/524/524
f 521/521/521 524/524/524 525/525/525
f 516/516/516 521/521/521 525/525/525
f 516/516/516 525/525/525 518/518/518
f 518/518/518 525/525/525 526/526/526
f 518/518/518 526/526/526 527/527/527
f 525/525/525 524/524/524 528/528/528
f 525/525/525 528/528/528 526/526/526
f 526/526/526 528/528/528 529/529/529
f 526/526/526 529/529/529 530/530/530
f 527/527/527 526/526/526 530/530/530
f 527/527/527 530/530/530 531/531/531
f 519/519/519 518/518/518 527/527/527
f 519/519/519 527/527/527 532/532/532
f 532/532/532 527/527/527 531/531/531
f 532/532/532 531/531/531 533/533/533
f 534/534/534 535/535/535 536/536/536
f 534/534/534 536/536/536 537/537/537
f 537/537/537 536/536/536 538/538/538
f 537/537/537 538/538/538 539/539/539
f 535/535/535 529/529/529 528/528/528
f 535/535/535 528/528/528 536/536/536
f 536/536/536 528/528/528 524/524/524
f 536/536/536 524/524/524 538/538/538
f 538/538/538 524/524/524 523/523/523
f 538/538/538 523/523/523 540/540/540
f 540/540/540 523/523/523 522/522/522
f 540/540/540 522/522/522 541/541/541
f 539/539/539 538/538/538 540/540/540
f 539/539/539 540/540/540 542/542/542
f 542/542/542 540/540/540 541/541/541
f 542/542/542 541/541/541 543/543/543
f 544/544/544 545/545/545 546/546/546
f 544/544/544 546/546/546 547/547/547
f 94/94/94 544/544/544 547/547/547
f 94/94/94 547/547/547 95/95/95
f 548/548/548 549/549/549 550/550/550
f 548/548/548 550/550/550 551/551/551
f 545/545/545 548/548/548 551/551/551
f 545/545/545 551/551/551 546/546/546
f 551/551/551 550/550/550 552/552/552
f 551/551/551 552/552/552 553/553/553
f 546/546/546 551/551/551 553/553/553
f 546/546/546 553/553/553 554/554/554
f 547/547/547 546/546/546 554/554/554
f 547/547/547 554/554/554 555/555/555
f 95/95/95 547/547/547 555/555/555
f 95/95/95 555/555/555 50/50/50
f 54/54/54 52/52/52 556/556/556
f 54/54/54 556/556/556 557/557/557
f 557/557/557 556/556/556 558/558/558
f 557/557/557 558/558/558 559/559/559
f 52/52/52 51/51/51 560/560/560
f 52/52/52 560/560/560 556/556/556
f 51/51/51 50/50/50 555/555/555
f 51/51/51 555/555/555 560/560/560
f 560/560/560 555/555/555 554/554/554
f 560/560/560 554/554/554 561/561/561
f 556/556/556 560/560/560 561/561/561
f 556/556/556 561/561/561 558/558/558
f 558/558/558 561/561/561 562/562/562
f 558/558/558 562/562/562 563/563/563
f 561/561/561 554/554/554 553/553/553
f 561/561/561 553/553/553 562/562/562
f 562/562/562 553/553/553 552/552/552
f 562/562/562 552/552/552 564/564/564
f 563/563/563 562/562/562 564/564/564
f 563/563/563 564/564/564 565/565/565
f 559/559/559 558/558/558 563/563/563
f 559/559/559 563/563/563 566/566/566
f 566/566/566 563/563/563 565/565/565
f 566/566/566 565/565/565 567/567/567
f 79/79/79 78/78/78 568/568/568
f 79/79/79 568/568/568 569/569/569
f 569/569/569 568/568/568 570/570/570
f 569/569/569 570/570/570 571/571/571
f 78/78/78 77/77/77 572/572/572
f 78/78/78 572/572/572 568/568/568
f 568/568/568 572/572/572 573/573/573
f 568/568/568 573/573/573 570/570/570
f 570/570/570 573/573/573 574/574/574
f 570/570/570 574/574/574 575/575/575
f 575/575/575 574/574/574 576/576/576
f 575/575/575 576/576/576 577/577/577
f 571/571/571 570/570/570 575/575/575
f 571/571/571 575/575/575 578/578/578
f 578/578/578 575/575/575 577/577/577
f 578/578/578 577/577/577 579/579/579
f 490/490/490 489/489/489 580/580/580
f 490/490/490 580/580/580 581/581/581
f 489/489/489 485/485/485 582/582/582
f 489/489/489 582/582/582 580/580/580
f 580/580/580 582/582/582 583/583/583
f 580/580/580 583/583/583 584/584/584
f 581/581/581 580/580/580 584/584/584
f 581/581/581 584/584/584 585/585/585
f 485/485/485 484/484/484 586/586/586
f 485/485/485 586/586/586 582/582/582
f 484/484/484 483/483/483 587/587/587
f 484/484/484 587/587/587 586/586/586
f 586/586/586 587/587/587 588/588/588
f 586/586/586 588/588/588 589/589/589
f 582/582/582 586/586/586 589/589/589
f 582/582/582 589/589/589 583/583/583
f 583/583/583 589/589/589 590/590/590
f 583/583/583 590/590/590 591/591/591
f 589/589/589 588/588/588 592/592/592
f 589/589/589 592/592/592 590/590/590
f 590/590/590 592/592/592 593/593/593
f 590/590/590 593/593/593 594/594/594
f 591/591/591 590/590/590 594/594/594
f 591/591/591 594/594/594 595/595/595
f 585/585/585 584/584/584 596/596/596
f 585/585/585 596/596/596 597/597/597
f 584/584/584 583/583/583 591/591/591
f 584/584/584 591/591/591 596/596/596
f 596/596/596 591/591/591 595/595/595
f 596/596/596 595/595/595 598/598/598
f 597/597/597 596/596/596 598/598/598
f 597/597/597 598/598/598 599/599/599
f 145/145/145 207/207/207 600/600/600
f 145/145/145 600/600/600 601/601/601
f 601/601/601 600/600/600 602/602/602
f 601/601/601 602/602/602 603/603/603
f 603/603/603 602/602/602 604/604/604
f 603/603/603 604/604/604 605/605/605
f 605/605/605 604/604/604 606/606/606
f 605/605/605 606/606/606 607/607/607
f 607/607/607 608/608/608 609/609/609
f 607/607/607 609/609/609 605/605/605
f 608/608/608 610/610/610 611/611/611
f 608/608/608 611/611/611 609/609/609
f 609/609/609 611/611/611 612/612/612
f 609/609/609 612/612/612 613/613/613
f 605/605/605 609/609/609 613/613/613
f 605/605/605 613/613/613 603/603/603
f 610/610/610 614/614/614 615/615/615
f 610/610/610 615/615/615 611/611/611
f 614/614/614 616/616/616 617/617/617
f 614/614/614 617/617/617 615/615/615
f 615/615/615 617/617/617 618/618/618
f 615/615/615 618/618/618 619/619/619
f 611/611/611 615/615/615 619/619/619
f 611/611/611 619/619/619 612/612/612
f 612/612/612 619/619/619 620/620/620
f 612/612/612 620/620/620 621/621/621
f 619/619/619 618/618/618 622/622/622
f 619/619/619 622/622/622 620/620/620
f 620/620/620 622/622/622 156/156/156
f 620/620/620 156/156/156 154/154/154
f 621/621/621 620/620/620 154/154/154
f 621/621/621 154/154/154 149/149/149
f 603/603/603 613/613/613 623/623/623
f 603/603/603 623/623/623 601/601/601
f 613/613/613 612/612/612 621/621/621
f 613/613/613 621/621/621 623/623/623
f 623/623/623 621/621/621 149/149/149
f 623/623/623 149/149/149 146/146/146
f 601/601/601 623/623/623 146/146/146
f 601/601/601 146/146/146 145/145/145
f 299/299/299 399/399/399 624/624/624
f 299/299/299 624/624/624 625/625/625
f 399/399/399 396/396/396 626/626/626
f 399/399/399 626/626/626 624/624/624
f 624/624/624 626/626/626 627/627/627
f 624/624/624 627/627/627 628/628/628
f 625/625/625 624/624/624 628/628/628
f 625/625/625 628/628/628 629/629/629
f 396/396/396 395/395/395 630/630/630
f 396/396/396 630/630/630 626/626/626
f 626/626/626 630/630/630 631/631/631
f 626/626/626 631/631/631 627/627/627
f 627/627/627 631/631/631 632/632/632
f 627/627/627 632/632/632 633/633/633
f 633/633/633 632/632/632 634/634/634
f 633/633/633 634/634/634 635/635/635
f 629/629/629 628/628/628 636/636/636
f 629/629/629 636/636/636 637/637/637
f 628/628/628 627/627/627 633/633/633
f 628/628/628 633/633/633 636/636/636
f 636/636/636 633/633/633 635/635/635
f 636/636/636 635/635/635 638/638/638
f 637/637/637 636/636/636 638/638/638
f 637/637/637 638/638/638 639/639/639
f 306/306/306 305/305/305 640/640/640
f 306/306/306 640/640/640 641/641/641
f 305/305/305 301/301/301 642/642/642
f 305/305/305 642/642/642 640/640/640
f 640/640/640 642/642/642 643/643/643
f 640/640/640 643/643/643 644/644/644
f 641/641/641 640/640/640 644/644/644
f 641/641/641 644/644/644 645/645/645
f 301/301/301 300/300/300 646/646/646
f 301/301/301 646/646/646 642/642/642
f 300/300/300 299/299/299 625/625/625
f 300/300/300 625/625/625 646/646/646
f 646/646/646 625/625/625 629/629/629
f 646/646/646 629/629/629 647/647/647
f 642/642/642 646/646/646 647/647/647
f 642/642/642 647/647/647 643/643/643
f 643/643/643 647/647/647 648/648/648
f 643/643/643 648/648/648 649/649/649
f 647/647/647 629/629/629 637/637/637
f 647/647/647 637/637/637 648/648/648
f 648/648/648 637/637/637 639/639/639
f 648/648/648 639/639/639 650/650/650
f 649/649/649 648/648/648 650/650/650
f 649/649/649 650/650/650 651/651/651
f 645/645/645 644/644/644 652/652/652
f 645/645/645 652/652/652 653/653/653
f 644/644/644 643/643/643 649/649/649
f 644/644/644 649/649/649 652/652/652
f 652/652/652 649/649/649 651/651/651
f 652/652/652 651/651/651 654/654/654
f 653/653/653 652/652/652 654/654/654
f 653/653/653 654/654/654 655/655/655
f 24/24/24 66/66/66 656/656/656
f 24/24/24 656/656/656 657/657/657
f 657/657/657 656/656/656 658/658/658
f 657/657/657 658/658/658 659/659/659
f 66/66/66 65/65/65 660/660/660
f 66/66/66 660/660/660 656/656/656
f 656/656/656 660/660/660 661/661/661
f 656/656/656 661/661/661 658/658/658
f 658/658/658 661/661/661 662/662/662
f 658/658/658 662/662/662 663/663/663
f 663/663/663 662/662/662 664/664/664
f 663/663/663 664/664/664 665/665/665
f 659/659/659 658/658/658 663/663/663
f 659/659/659 663/663/663 666/666/666
f 666/666/666 663/663/663 665/665/665
f 666/666/666 665/665/665 667/667/667
f 30/30/30 29/29/29 668/668/668
f 30/30/30 668/668/668 669/669/669
f 29/29/29 26/26/26 670/670/670
f 29/29/29 670/670/670 668/668/668
f 668/668/668 670/670/670 671/671/671
f 668/668/668 671/671/671 672/672/672
f 669/669/669 668/668/668 672/672/672
f 669/669/669 672/672/672 673/673/673
f 26/26/26 25/25/25 674/674/674
f 26/26/26 674/674/674 670/670/670
f 25/25/25 24/24/24 657/657/657
f 25/25/25 657/657/657 674/674/674
f 674/674/674 657/657/657 659/659/659
f 674/674/674 659/659/659 675/675/675
f 670/670/670 674/674/674 675/675/675
f 670/670/670 675/675/675 671/671/671
f 671/671/671 675/675/675 676/676/676
f 671/671/671 676/676/676 677/677/677
f 675/675/675 659/659/659 666/666/666
f 675/675/675 666/666/666 676/676/676
f 676/676/676 666/666/666 667/667/667
f 676/676/676 667/667/667 678/678/678
f 677/677/677 676/676/676 678/678/678
f 677/677/677 678/678/678 679/679/679
f 673/673/673 672/672/672 680/680/680
f 673/673/673 680/680/680 681/681/681
f 672/672/672 671/671/671 677/677/677
f 672/672/672 677/677/677 680/680/680
f 680/680/680 677/677/677 679/679/679
f 680/680/680 679/679/679 682/682/682
f 681/681/681 680/680/680 682/682/682
f 681/681/681 682/682/682 683/683/683
f 111/111/111 108/108/108 684/684/684
f 111/111/111 684/684/684 685/685/685
f 685/685/685 684/684/684 686/686/686
f 685/685/685 686/686/686 687/687/687
f 108/108/108 107/107/107 688/688/688
f 108/108/108 688/688/688 684/684/684
f 684/684/684 688/688/688 689/689/689
f 684/684/684 689/689/689 686/686/686
f 686/686/686 689/689/689 690/690/690
f 686/686/686 690/690/690 691/691/691
f 691/691/691 690/690/690 692/692/692
f 691/691/691 692/692/692 693/693/693
f 687/687/687 686/686/686 691/691/691
f 687/687/687 691/691/691 694/694/694
f 694/694/694 691/691/691 693/693/693
f 694/694/694 693/693/693 695/695/695
f 696/696/696 697/697/697 698/698/698
f 696/696/696 698/698/698 699/699/699
f 549/549/549 696/696/696 699/699/699
f 549/549/549 699/699/699 550/550/550
f 700/700/700 543/543/543 541/541/541
f 700/700/700 541/541/541 701/701/701
f 697/697/697 702/702/702 703/703/703
f 697/697/697 703/703/703 698/698/698
f 701/701/701 541/541/541 522/522/522
f 701/701/701 522/522/522 704/704/704
f 698/698/698 703/703/703 705/705/705
f 698/698/698 705/705/705 706/706/706
f 699/699/699 698/698/698 706/706/706
f 699/699/699 706/706/706 707/707/707
f 550/550/550 699/699/699 707/707/707
f 550/550/550 707/707/707 552/552/552
f 567/567/567 565/565/565 708/708/708
f 567/567/567 708/708/708 709/709/709
f 709/709/709 708/708/708 710/710/710
f 709/709/709 710/710/710 711/711/711
f 565/565/565 564/564/564 712/712/712
f 565/565/565 712/712/712 708/708/708
f 564/564/564 552/552/552 707/707/707
f 564/564/564 707/707/707 712/712/712
f 712/712/712 707/707/707 706/706/706
f 712/712/712 706/706/706 713/713/713
f 708/708/708 712/712/712 713/713/713
f 708/708/708 713/713/713 710/710/710
f 710/710/710 713/713/713 714/714/714
f 710/710/710 714/714/714 715/715/715
f 713/713/713 706/706/706 705/705/705
f 713/713/713 705/705/705 714/714/714
f 716/716/716 704/704/704 522/522/522
f 716/716/716 522/522/522 520/520/520
f 717/717/717 716/716/716 520/520/520
f 717/717/717 520/520/520 515/515/515
f 711/711/711 710/710/710 715/715/715
f 711/711/711 715/715/715 718/718/718
f 719/719/719 717/717/717 515/515/515
f 719/719/719 515/515/515 514/514/514
f 510/510/510 720/720/720 721/721/721
f 510/510/510 721/721/721 511/511/511
f 722/722/722 723/723/723 724/724/724
f 722/722/722 724/724/724 725/725/725
f 723/723/723 726/726/726 727/727/727
f 723/723/723 727/727/727 724/724/724
f 726/726/726 579/579/579 577/577/577
f 726/726/726 577/577/577 727/727/727
f 727/727/727 577/577/577 576/576/576
f 727/727/727 576/576/576 728/728/728
f 724/724/724 727/727/727 728/728/728
f 724/724/724 728/728/728 729/729/729
f 725/725/725 724/724/724 729/729/729
f 725/725/725 729/729/729 730/730/730
f 511/511/511 721/721/721 731/731/731
f 511/511/511 731/731/731 513/513/513
f 599/599/599 598/598/598 732/732/732
f 599/599/599 732/732/732 733/733/733
f 598/598/598 595/595/595 734/734/734
f 598/598/598 734/734/734 732/732/732
f 732/732/732 734/734/734 735/735/735
f 732/732/732 735/735/735 736/736/736
f 733/733/733 732/732/732 736/736/736
f 733/733/733 736/736/736 737/737/737
f 595/595/595 594/594/594 738/738/738
f 595/595/595 738/738/738 734/734/734
f 594/594/594 593/593/593 739/739/739
f 594/594/594 739/739/739 738/738/738
f 738/738/738 739/739/739 740/740/740
f 738/738/738 740/740/740 741/741/741
f 734/734/734 738/738/738 741/741/741
f 734/734/734 741/741/741 735/735/735
f 735/735/735 741/741/741 742/742/742
f 735/735/735 742/742/742 743/743/743
f 741/741/741 740/740/740 744/744/744
f 741/741/741 744/744/744 742/742/742
f 745/745/745 746/746/746 747/747/747
f 745/745/745 747/747/747 748/748/748
f 749/749/749 745/745/745 748/748/748
f 749/749/749 748/748/748 750/750/750
f 737/737/737 736/736/736 751/751/751
f 737/737/737 751/751/751 752/752/752
f 736/736/736 735/735/735 743/743/743
f 736/736/736 743/743/743 751/751/751
f 753/753/753 749/749/749 750/750/750
f 753/753/753 750/750/750 754/754/754
f 755/755/755 753/753/753 754/754/754
f 755/755/755 754/754/754 756/756/756
f 607/607/607 606/606/606 757/757/757
f 607/607/607 757/757/757 758/758/758
f 758/758/758 757/757/757 759/759/759
f 758/758/758 759/759/759 760/760/760
f 760/760/760 759/759/759 761/761/761
f 760/760/760 761/761/761 762/762/762
f 763/763/763 764/764/764 765/765/765
f 763/763/763 765/765/765 766/766/766
f 766/766/766 767/767/767 768/768/768
f 766/766/766 768/768/768 763/763/763
f 767/767/767 769/769/769 770/770/770
f 767/767/767 770/770/770 768/768/768
f 771/771/771 772/772/772 773/773/773
f 771/771/771 773/773/773 774/774/774
f 762/762/762 771/771/771 774/774/774
f 762/762/762 774/774/774 760/760/760
f 769/769/769 775/775/775 776/776/776
f 769/769/769 776/776/776 770/770/770
f 775/775/775 777/777/777 778/778/778
f 775/775/775 778/778/778 776/776/776
f 779/779/779 780/780/780 781/781/781
f 779/779/779 781/781/781 782/782/782
f 772/772/772 779/779/779 782/782/782
f 772/772/772 782/782/782 773/773/773
f 773/773/773 782/782/782 783/783/783
f 773/773/773 783/783/783 784/784/784
f 782/782/782 781/781/781 785/785/785
f 782/782/782 785/785/785 783/783/783
f 783/783/783 785/785/785 616/616/616
f 783/783/783 616/616/616 614/614/614
f 784/784/784 783/783/783 614/614/614
f 784/784/784 614/614/614 610/610/610
f 760/760/760 774/774/774 786/786/786
f 760/760/760 786/786/786 758/758/758
f 774/774/774 773/773/773 784/784/784
f 774/774/774 784/784/784 786/786/786
f 786/786/786 784/784/784 610/610/610
f 786/786/786 610/610/610 608/608/608
f 758/758/758 786/786/786 608/608/608
f 758/758/758 608/608/608 607/607/607
f 639/639/639 638/638/638 787/787/787
f 639/639/639 787/787/787 788/788/788
f 638/638/638 635/635/635 789/789/789
f 638/638/638 789/789/789 787/787/787
f 787/787/787 789/789/789 790/790/790
f 787/787/787 790/790/790 791/791/791
f 788/788/788 787/787/787 791/791/791
f 788/788/788 791/791/791 792/792/792
f 635/635/635 634/634/634 793/793/793
f 635/635/635 793/793/793 789/789/789
f 789/789/789 793/793/793 794/794/794
f 789/789/789 794/794/794 790/790/790
f 790/790/790 794/794/794 795/795/795
f 790/790/790 795/795/795 796/796/796
f 797/797/797 798/798/798 799/799/799
f 797/797/797 799/799/799 800/800/800
f 792/792/792 791/791/791 801/801/801
f 792/792/792 801/801/801 802/802/802
f 791/791/791 790/790/790 796/796/796
f 791/791/791 796/796/796 801/801/801
f 803/803/803 797/797/797 800/800/800
f 803/803/803 800/800/800 804/804/804
f 805/805/805 803/803/803 804/804/804
f 805/805/805 804/804/804 806/806/806
f 655/655/655 654/654/654 807/807/807
f 655/655/655 807/807/807 808/808/808
f 654/654/654 651/651/651 809/809/809
f 654/654/654 809/809/809 807/807/807
f 807/807/807 809/809/809 810/810/810
f 807/807/807 810/810/810 811/811/811
f 808/808/808 807/807/807 811/811/811
f 808/808/808 811/811/811 812/812/812
f 651/651/651 650/650/650 813/813/813
f 651/651/651 813/813/813 809/809/809
f 650/650/650 639/639/639 788/788/788
f 650/650/650 788/788/788 813/813/813
f 813/813/813 788/788/788 792/792/792
f 813/813/813 792/792/792 814/814/814
f 809/809/809 813/813/813 814/814/814
f 809/809/809 814/814/814 810/810/810
f 810/810/810 814/814/814 815/815/815
f 810/810/810 815/815/815 816/816/816
f 814/814/814 792/792/792 802/802/802
f 814/814/814 802/802/802 815/815/815
f 817/817/817 805/805/805 806/806/806
f 817/817/817 806/806/806 818/818/818
f 819/819/819 817/817/817 818/818/818
f 819/819/819 818/818/818 820/820/820
f 812/812/812 811/811/811 821/821/821
f 812/812/812 821/821/821 822/822/822
f 811/811/811 810/810/810 816/816/816
f 811/811/811 816/816/816 821/821/821
f 823/823/823 819/819/819 820/820/820
f 823/823/823 820/820/820 824/824/824
f 825/825/825 823/823/823 824/824/824
f 825/825/825 824/824/824 826/826/826
f 667/667/667 665/665/665 827/827/827
f 667/667/667 827/827/827 828/828/828
f 828/828/828 827/827/827 829/829/829
f 828/828/828 829/829/829 830/830/830
f 665/665/665 664/664/664 831/831/831
f 665/665/665 831/831/831 827/827/827
f 827/827/827 831/831/831 832/832/832
f 827/827/827 832/832/832 829/829/829
f 829/829/829 832/832/832 833/833/833
f 829/829/829 833/833/833 834/834/834
f 835/835/835 836/836/836 275/275/275
f 835/835/835 275/275/275 278/278/278
f 830/830/830 829/829/829 834/834/834
f 830/830/830 834/834/834 837/837/837
f 838/838/838 835/835/835 278/278/278
f 838/838/838 278/278/278 274/274/274
f 683/683/683 682/682/682 839/839/839
f 683/683/683 839/839/839 840/840/840
f 682/682/682 679/679/679 841/841/841
f 682/682/682 841/841/841 839/839/839
f 839/839/839 841/841/841 842/842/842
f 839/839/839 842/842/842 843/843/843
f 840/840/840 839/839/839 843/843/843
f 840/840/840 843/843/843 844/844/844
f 679/679/679 678/678/678 845/845/845
f 679/679/679 845/845/845 841/841/841
f 678/678/678 667/667/667 828/828/828
f 678/678/678 828/828/828 845/845/845
f 845/845/845 828/828/828 830/830/830
f 845/845/845 830/830/830 846/846/846
f 841/841/841 845/845/845 846/846/846
f 841/841/841 846/846/846 842/842/842
f 842/842/842 846/846/846 847/847/847
f 842/842/842 847/847/847 848/848/848
f 846/846/846 830/830/830 837/837/837
f 846/846/846 837/837/837 847/847/847
f 849/849/849 838/838/838 274/274/274
f 849/849/849 274/274/274 273/273/273
f 850/850/850 849/849/849 273/273/273
f 850/850/850 273/273/273 270/270/270
f 844/844/844 843/843/843 851/851/851
f 844/844/844 851/851/851 852/852/852
f 843/843/843 842/842/842 848/848/848
f 843/843/843 848/848/848 851/851/851
f 853/853/853 850/850/850 270/270/270
f 853/853/853 270/270/270 269/269/269
f 854/854/854 853/853/853 269/269/269
f 854/854/854 269/269/269 268/268/268
f 695/695/695 693/693/693 855/855/855
f 695/695/695 855/855/855 856/856/856
f 856/856/856 855/855/855 857/857/857
f 856/856/856 857/857/857 858/858/858
f 693/693/693 692/692/692 859/859/859
f 693/693/693 859/859/859 855/855/855
f 855/855/855 859/859/859 860/860/860
f 855/855/855 860/860/860 857/857/857
f 857/857/857 860/860/860 861/861/861
f 857/857/857 861/861/861 862/862/862
f 863/863/863 864/864/864 235/235/235
f 863/863/863 235/235/235 238/238/238
f 858/858/858 857/857/857 862/862/862
f 858/858/858 862/862/862 865/865/865
f 866/866/866 863/863/863 238/238/238
f 866/866/866 238/238/238 249/249/249
f 867/867/867 223/223/223 224/224/224
f 867/867/867 224/224/224 868/868/868
f 869/869/869 514/514/514 517/517/517
f 869/869/869 517/517/517 870/870/870
f 870/870/870 517/517/517 519/519/519
f 870/870/870 519/519/519 871/871/871
f 871/871/871 519/519/519 532/532/532
f 871/871/871 532/532/532 872/872/872
f 872/872/872 532/532/532 533/533/533
f 872/872/872 533/533/533 873/873/873
f 874/874/874 567/567/567 709/709/709
f 874/874/874 709/709/709 875/875/875
f 875/875/875 709/709/709 711/711/711
f 875/875/875 711/711/711 876/876/876
f 876/876/876 711/711/711 718/718/718
f 876/876/876 718/718/718 877/877/877
f 878/878/878 719/719/719 514/514/514
f 878/878/878 514/514/514 869/869/869
f 879/879/879 54/54/54 557/557/557
f 879/879/879 557/557/557 880/880/880
f 880/880/880 557/557/557 559/559/559
f 880/880/880 559/559/559 881/881/881
f 881/881/881 559/559/559 566/566/566
f 881/881/881 566/566/566 882/882/882
f 882/882/882 566/566/566 567/567/567
f 882/882/882 567/567/567 874/874/874
f 883/883/883 31/31/31 34/34/34
f 883/883/883 34/34/34 884/884/884
f 885/885/885 35/35/35 38/38/38
f 885/885/885 38/38/38 886/886/886
f 886/886/886 38/38/38 53/53/53
f 886/886/886 53/53/53 887/887/887
f 887/887/887 53/53/53 54/54/54
f 887/887/887 54/54/54 879/879/879
f 888/888/888 445/445/445 448/448/448
f 888/888/888 448/448/448 889/889/889
f 889/889/889 448/448/448 450/450/450
f 889/889/889 450/450/450 890/890/890
f 890/890/890 450/450/450 456/456/456
f 890/890/890 456/456/456 891/891/891
f 891/891/891 456/456/456 31/31/31
f 891/891/891 31/31/31 883/883/883
f 892/892/892 211/211/211 214/214/214
f 892/892/892 214/214/214 893/893/893
f 894/894/894 867/867/867 868/868/868
f 894/894/894 868/868/868 895/895/895
f 227/227/227 896/896/896 897/897/897
f 227/227/227 897/897/897 130/130/130
f 896/896/896 894/894/894 895/895/895
f 896/896/896 895/895/895 897/897/897
f 513/513/513 898/898/898 899/899/899
f 513/513/513 899/899/899 512/512/512
f 898/898/898 900/900/900 901/901/901
f 898/898/898 901/901/901 899/899/899
f 899/899/899 901/901/901 902/902/902
f 899/899/899 902/902/902 903/903/903
f 512/512/512 899/899/899 903/903/903
f 512/512/512 903/903/903 504/504/504
f 900/900/900 869/869/869 870/870/870
f 900/900/900 870/870/870 901/901/901
f 901/901/901 870/870/870 871/871/871
f 901/901/901 871/871/871 902/902/902
f 902/902/902 871/871/871 872/872/872
f 902/902/902 872/872/872 904/904/904
f 904/904/904 872/872/872 873/873/873
f 904/904/904 873/873/873 905/905/905
f 504/504/504 903/903/903 906/906/906
f 504/504/504 906/906/906 502/502/502
f 903/903/903 902/902/902 904/904/904
f 903/903/903 904/904/904 906/906/906
f 906/906/906 904/904/904 905/905/905
f 906/906/906 905/905/905 907/907/907
f 502/502/502 906/906/906 907/907/907
f 502/502/502 907/907/907 499/499/499
f 576/576/576 908/908/908 909/909/909
f 576/576/576 909/909/909 728/728/728
f 908/908/908 910/910/910 911/911/911
f 908/908/908 911/911/911 909/909/909
f 909/909/909 911/911/911 912/912/912
f 909/909/909 912/912/912 913/913/913
f 728/728/728 909/909/909 913/913/913
f 728/728/728 913/913/913 729/729/729
f 910/910/910 874/874/874 875/875/875
f 910/910/910 875/875/875 911/911/911
f 911/911/911 875/875/875 876/876/876
f 911/911/911 876/876/876 912/912/912
f 912/912/912 876/876/876 877/877/877
f 912/912/912 877/877/877 914/914/914
f 915/915/915 878/878/878 869/869/869
f 915/915/915 869/869/869 900/900/900
f 729/729/729 913/913/913 916/916/916
f 729/729/729 916/916/916 730/730/730
f 913/913/913 912/912/912 914/914/914
f 913/913/913 914/914/914 916/916/916
f 917/917/917 915/915/915 900/900/900
f 917/917/917 900/900/900 898/898/898
f 731/731/731 917/917/917 898/898/898
f 731/731/731 898/898/898 513/513/513
f 77/77/77 918/918/918 919/919/919
f 77/77/77 919/919/919 572/572/572
f 918/918/918 920/920/920 921/921/921
f 918/918/918 921/921/921 919/919/919
f 919/919/919 921/921/921 922/922/922
f 919/919/919 922/922/922 923/923/923
f 572/572/572 919/919/919 923/923/923
f 572/572/572 923/923/923 573/573/573
f 920/920/920 879/879/879 880/880/880
f 920/920/920 880/880/880 921/921/921
f 921/921/921 880/880/880 881/881/881
f 921/921/921 881/881/881 922/922/922
f 922/922/922 881/881/881 882/882/882
f 922/922/922 882/882/882 924/924/924
f 924/924/924 882/882/882 874/874/874
f 924/924/924 874/874/874 910/910/910
f 573/573/573 923/923/923 925/925/925
f 573/573/573 925/925/925 574/574/574
f 923/923/923 922/922/922 924/924/924
f 923/923/923 924/924/924 925/925/925
f 925/925/925 924/924/924 910/910/910
f 925/925/925 910/910/910 908/908/908
f 574/574/574 925/925/925 908/908/908
f 574/574/574 908/908/908 576/576/576
f 67/67/67 926/926/926 927/927/927
f 67/67/67 927/927/927 68/68/68
f 926/926/926 928/928/928 929/929/929
f 926/926/926 929/929/929 927/927/927
f 930/930/930 931/931/931 932/932/932
f 930/930/930 932/932/932 933/933/933
f 71/71/71 930/930/930 933/933/933
f 71/71/71 933/933/933 72/72/72
f 928/928/928 883/883/883 884/884/884
f 928/928/928 884/884/884 929/929/929
f 931/931/931 885/885/885 886/886/886
f 931/931/931 886/886/886 932/932/932
f 932/932/932 886/886/886 887/887/887
f 932/932/932 887/887/887 934/934/934
f 934/934/934 887/887/887 879/879/879
f 934/934/934 879/879/879 920/920/920
f 72/72/72 933/933/933 935/935/935
f 72/72/72 935/935/935 75/75/75
f 933/933/933 932/932/932 934/934/934
f 933/933/933 934/934/934 935/935/935
f 935/935/935 934/934/934 920/920/920
f 935/935/935 920/920/920 918/918/918
f 75/75/75 935/935/935 918/918/918
f 75/75/75 918/918/918 77/77/77
f 465/465/465 936/936/936 937/937/937
f 465/465/465 937/937/937 466/466/466
f 936/936/936 938/938/938 939/939/939
f 936/936/936 939/939/939 937/937/937
f 937/937/937 939/939/939 940/940/940
f 937/937/937 940/940/940 941/941/941
f 466/466/466 937/937/937 941/941/941
f 466/466/466 941/941/941 467/467/467
f 938/938/938 888/888/888 889/889/889
f 938/938/938 889/889/889 939/939/939
f 939/939/939 889/889/889 890/890/890
f 939/939/939 890/890/890 940/940/940
f 940/940/940 890/890/890 891/891/891
f 940/940/940 891/891/891 942/942/942
f 942/942/942 891/891/891 883/883/883
f 942/942/942 883/883/883 928/928/928
f 467/467/467 941/941/941 943/943/943
f 467/467/467 943/943/943 468/468/468
f 941/941/941 940/940/940 942/942/942
f 941/941/941 942/942/942 943/943/943
f 943/943/943 942/942/942 928/928/928
f 943/943/943 928/928/928 926/926/926
f 468/468/468 943/943/943 926/926/926
f 468/468/468 926/926/926 67/67/67
f 944/944/944 945/945/945 946/946/946
f 944/944/944 946/946/946 947/947/947
f 189/189/189 944/944/944 947/947/947
f 189/189/189 947/947/947 230/230/230
f 945/945/945 892/892/892 893/893/893
f 945/945/945 893/893/893 946/946/946
f 418/418/418 948/948/948 949/949/949
f 418/418/418 949/949/949 419/419/419
f 948/948/948 950/950/950 951/951/951
f 948/948/948 951/951/951 949/949/949
f 950/950/950 430/430/430 429/429/429
f 950/950/950 429/429/429 951/951/951
f 949/949/949 951/951/951 952/952/952
f 949/949/949 952/952/952 953/953/953
f 951/951/951 429/429/429 428/428/428
f 951/951/951 428/428/428 952/952/952
f 952/952/952 428/428/428 243/243/243
f 952/952/952 243/243/243 954/954/954
f 953/953/953 952/952/952 954/954/954
f 953/953/953 954/954/954 955/955/955
f 419/419/419 949/949/949 953/953/953
f 419/419/419 953/953/953 422/422/422
f 422/422/422 953/953/953 955/955/955
f 422/422/422 955/955/955 261/261/261
f 267/267/267 263/263/263 956/956/956
f 267/267/267 956/956/956 957/957/957
f 268/268/268 267/267/267 957/957/957
f 268/268/268 957/957/957 958/958/958
f 262/262/262 261/261/261 955/955/955
f 262/262/262 955/955/955 959/959/959
f 263/263/263 262/262/262 959/959/959
f 263/263/263 959/959/959 956/956/956
f 956/956/956 959/959/959 960/960/960
f 956/956/956 960/960/960 961/961/961
f 959/959/959 955/955/955 954/954/954
f 959/959/959 954/954/954 960/960/960
f 960/960/960 954/954/954 243/243/243
f 960/960/960 243/243/243 241/241/241
f 961/961/961 960/960/960 241/241/241
f 961/961/961 241/241/241 239/239/239
f 958/958/958 957/957/957 962/962/962
f 958/958/958 962/962/962 963/963/963
f 957/957/957 956/956/956 961/961/961
f 957/957/957 961/961/961 962/962/962
f 962/962/962 961/961/961 239/239/239
f 962/962/962 239/239/239 236/236/236
f 963/963/963 962/962/962 236/236/236
f 963/963/963 236/236/236 235/235/235
f 692/692/692 964/964/964 965/965/965
f 692/692/692 965/965/965 859/859/859
f 964/964/964 966/966/966 967/967/967
f 964/964/964 967/967/967 965/965/965
f 965/965/965 967/967/967 968/968/968
f 965/965/965 968/968/968 969/969/969
f 859/859/859 965/965/965 969/969/969
f 859/859/859 969/969/969 860/860/860
f 966/966/966 683/683/683 840/840/840
f 966/966/966 840/840/840 967/967/967
f 967/967/967 840/840/840 844/844/844
f 967/967/967 844/844/844 968/968/968
f 968/968/968 844/844/844 852/852/852
f 968/968/968 852/852/852 970/970/970
f 971/971/971 854/854/854 268/268/268
f 971/971/971 268/268/268 958/958/958
f 860/860/860 969/969/969 972/972/972
f 860/860/860 972/972/972 861/861/861
f 969/969/969 968/968/968 970/970/970
f 969/969/969 970/970/970 972/972/972
f 973/973/973 971/971/971 958/958/958
f 973/973/973 958/958/958 963/963/963
f 864/864/864 973/973/973 963/963/963
f 864/864/864 963/963/963 235/235/235
f 107/107/107 974/974/974 975/975/975
f 107/107/107 975/975/975 688/688/688
f 974/974/974 976/976/976 977/977/977
f 974/974/974 977/977/977 975/975/975
f 975/975/975 977/977/977 978/978/978
f 975/975/975 978/978/978 979/979/979
f 688/688/688 975/975/975 979/979/979
f 688/688/688 979/979/979 689/689/689
f 976/976/976 30/30/30 669/669/669
f 976/976/976 669/669/669 977/977/977
f 977/977/977 669/669/669 673/673/673
f 977/977/977 673/673/673 978/978/978
f 978/978/978 673/673/673 681/681/681
f 978/978/978 681/681/681 980/980/980
f 980/980/980 681/681/681 683/683/683
f 980/980/980 683/683/683 966/966/966
f 689/689/689 979/979/979 981/981/981
f 689/689/689 981/981/981 690/690/690
f 979/979/979 978/978/978 980/980/980
f 979/979/979 980/980/980 981/981/981
f 981/981/981 980/980/980 966/966/966
f 981/981/981 966/966/966 964/964/964
f 690/690/690 981/981/981 964/964/964
f 690/690/690 964/964/964 692/692/692
f 97/97/97 982/982/982 983/983/983
f 97/97/97 983/983/983 98/98/98
f 982/982/982 984/984/984 985/985/985
f 982/982/982 985/985/985 983/983/983
f 986/986/986 987/987/987 988/988/988
f 986/986/986 988/988/988 989/989/989
f 101/101/101 986/986/986 989/989/989
f 101/101/101 989/989/989 102/102/102
f 984/984/984 1/1/1 4/4/4
f 984/984/984 4/4/4 985/985/985
f 987/987/987 11/11/11 12/12/12
f 987/987/987 12/12/12 988/988/988
f 988/988/988 12/12/12 28/28/28
f 988/988/988 28/28/28 990/990/990
f 990/990/990 28/28/28 30/30/30
f 990/990/990 30/30/30 976/976/976
f 102/102/102 989/989/989 991/991/991
f 102/102/102 991/991/991 105/105/105
f 989/989/989 988/988/988 990/990/990
f 989/989/989 990/990/990 991/991/991
f 991/991/991 990/990/990 976/976/976
f 991/991/991 976/976/976 974/974/974
f 105/105/105 991/991/991 974/974/974
f 105/105/105 974/974/974 107/107/107
f 337/337/337 333/333/333 992/992/992
f 337/337/337 992/992/992 993/993/993
f 338/338/338 337/337/337 993/993/993
f 338/338/338 993/993/993 994/994/994
f 332/332/332 1/1/1 984/984/984
f 332/332/332 984/984/984 995/995/995
f 333/333/333 332/332/332 995/995/995
f 333/333/333 995/995/995 992/992/992
f 992/992/992 995/995/995 996/996/996
f 992/992/992 996/996/996 997/997/997
f 995/995/995 984/984/984 982/982/982
f 995/995/995 982/982/982 996/996/996
f 996/996/996 982/982/982 97/97/97
f 996/996/996 97/97/97 352/352/352
f 997/997/997 996/996/996 352/352/352
f 997/997/997 352/352/352 351/351/351
f 994/994/994 993/993/993 998/998/998
f 994/994/994 998/998/998 999/999/999
f 993/993/993 992/992/992 997/997/997
f 993/993/993 997/997/997 998/998/998
f 998/998/998 997/997/997 351/351/351
f 998/998/998 351/351/351 350/350/350
f 999/999/999 998/998/998 350/350/350
f 999/999/999 350/350/350 349/349/349
f 374/374/374 372/372/372 1000/1000/1000
f 374/374/374 1000/1000/1000 1001/1001/1001
f 371/371/371 338/338/338 994/994/994
f 371/371/371 994/994/994 1002/1002/1002
f 372/372/372 371/371/371 1002/1002/1002
f 372/372/372 1002/1002/1002 1000/1000/1000
f 1000/1000/1000 1002/1002/1002 1003/1003/1003
f 1000/1000/1000 1003/1003/1003 1004/1004/1004
f 1002/1002/1002 994/994/994 999/999/999
f 1002/1002/1002 999/999/999 1003/1003/1003
f 1003/1003/1003 999/999/999 349/349/349
f 1003/1003/1003 349/349/349 361/361/361
f 1004/1004/1004 1003/1003/1003 361/361/361
f 1004/1004/1004 361/361/361 360/360/360
f 1001/1001/1001 1000/1000/1000 1004/1004/1004
f 1001/1001/1001 1004/1004/1004 1005/1005/1005
f 1005/1005/1005 1004/1004/1004 360/360/360
f 1005/1005/1005 360/360/360 359/359/359
f 1006/1006/1006 1007/1007/1007 1008/1008/1008
f 1006/1006/1006 1008/1008/1008 1009/1009/1009
f 1010/1010/1010 1011/1011/1011 1012/1012/1012
f 1010/1010/1010 1012/1012/1012 1013/1013/1013
f 1013/1013/1013 1012/1012/1012 1014/1014/1014
f 1013/1013/1013 1014/1014/1014 1015/1015/1015
f 1009/1009/1009 1008/1008/1008 1016/1016/1016
f 1009/1009/1009 1016/1016/1016 1017/1017/1017
f 1011/1011/1011 1018/1018/1018 1019/1019/1019
f 1011/1011/1011 1019/1019/1019 1012/1012/1012
f 1018/1018/1018 1020/1020/1020 1021/1021/1021
f 1018/1018/1018 1021/1021/1021 1019/1019/1019
f 1019/1019/1019 1021/1021/1021 1022/1022/1022
f 1019/1019/1019 1022/1022/1022 1023/1023/1023
f 1012/1012/1012 1019/1019/1019 1023/1023/1023
f 1012/1012/1012 1023/1023/1023 1014/1014/1014
f 1014/1014/1014 1023/1023/1023 1024/1024/1024
f 1014/1014/1014 1024/1024/1024 1025/1025/1025
f 1023/1023/1023 1022/1022/1022 1026/1026/1026
f 1023/1023/1023 1026/1026/1026 1024/1024/1024
f 1024/1024/1024 1026/1026/1026 1027/1027/1027
f 1024/1024/1024 1027/1027/1027 1028/1028/1028
f 1025/1025/1025 1024/1024/1024 1028/1028/1028
f 1025/1025/1025 1028/1028/1028 1029/1029/1029
f 1017/1017/1017 1016/1016/1016 1030/1030/1030
f 1017/1017/1017 1030/1030/1030 1031/1031/1031
f 1015/1015/1015 1014/1014/1014 1025/1025/1025
f 1015/1015/1015 1025/1025/1025 1032/1032/1032
f 1032/1032/1032 1025/1025/1025 1029/1029/1029
f 1032/1032/1032 1029/1029/1029 1033/1033/1033
f 1031/1031/1031 1030/1030/1030 1034/1034/1034
f 1031/1031/1031 1034/1034/1034 1035/1035/1035
f 1036/1036/1036 1037/1037/1037 1038/1038/1038
f 1036/1036/1036 1038/1038/1038 1039/1039/1039
f 1040/1040/1040 1041/1041/1041 1042/1042/1042
f 1040/1040/1040 1042/1042/1042 1043/1043/1043
f 1044/1044/1044 1045/1045/1045 1046/1046/1046
f 1044/1044/1044 1046/1046/1046 1047/1047/1047
f 1037/1037/1037 1044/1044/1044 1047/1047/1047
f 1037/1037/1037 1047/1047/1047 1038/1038/1038
f 1038/1038/1038 1047/1047/1047 1048/1048/1048
f 1038/1038/1038 1048/1048/1048 1049/1049/1049
f 1047/1047/1047 1046/1046/1046 1050/1050/1050
f 1047/1047/1047 1050/1050/1050 1048/1048/1048
f 1048/1048/1048 1050/1050/1050 1051/1051/1051
f 1048/1048/1048 1051/1051/1051 1052/1052/1052
f 1049/1049/1049 1048/1048/1048 1052/1052/1052
f 1049/1049/1049 1052/1052/1052 1053/1053/1053
f 1043/1043/1043 1042/1042/1042 1054/1054/1054
f 1043/1043/1043 1054/1054/1054 1055/1055/1055
f 1039/1039/1039 1038/1038/1038 1049/1049/1049
f 1039/1039/1039 1049/1049/1049 1056/1056/1056
f 1056/1056/1056 1049/1049/1049 1053/1053/1053
f 1056/1056/1056 1053/1053/1053 1057/1057/1057
f 1055/1055/1055 1054/1054/1054 1058/1058/1058
f 1055/1055/1055 1058/1058/1058 1059/1059/1059
f 1060/1060/1060 1061/1061/1061 1062/1062/1062
f 1060/1060/1060 1062/1062/1062 1063/1063/1063
f 1061/1061/1061 1064/1064/1064 1065/1065/1065
f 1061/1061/1061 1065/1065/1065 1062/1062/1062
f 1066/1066/1066 1067/1067/1067 1068/1068/1068
f 1066/1066/1066 1068/1068/1068 1069/1069/1069
f 1070/1070/1070 1066/1066/1066 1069/1069/1069
f 1070/1070/1070 1069/1069/1069 1071/1071/1071
f 1064/1064/1064 1072/1072/1072 1073/1073/1073
f 1064/1064/1064 1073/1073/1073 1065/1065/1065
f 1072/1072/1072 1035/1035/1035 1034/1034/1034
f 1072/1072/1072 1034/1034/1034 1073/1073/1073
f 1074/1074/1074 1033/1033/1033 1029/1029/1029
f 1074/1074/1074 1029/1029/1029 1075/1075/1075
f 1067/1067/1067 1074/1074/1074 1075/1075/1075
f 1067/1067/1067 1075/1075/1075 1068/1068/1068
f 1068/1068/1068 1075/1075/1075 1076/1076/1076
f 1068/1068/1068 1076/1076/1076 1077/1077/1077
f 1075/1075/1075 1029/1029/1029 1028/1028/1028
f 1075/1075/1075 1028/1028/1028 1076/1076/1076
f 1076/1076/1076 1028/1028/1028 1027/1027/1027
f 1076/1076/1076 1027/1027/1027 1078/1078/1078
f 1077/1077/1077 1076/1076/1076 1078/1078/1078
f 1077/1077/1077 1078/1078/1078 1079/1079/1079
f 1071/1071/1071 1069/1069/1069 1080/1080/1080
f 1071/1071/1071 1080/1080/1080 1081/1081/1081
f 1069/1069/1069 1068/1068/1068 1077/1077/1077
f 1069/1069/1069 1077/1077/1077 1080/1080/1080
f 1080/1080/1080 1077/1077/1077 1079/1079/1079
f 1080/1080/1080 1079/1079/1079 1082/1082/1082
f 1081/1081/1081 1080/1080/1080 1082/1082/1082
f 1081/1081/1081 1082/1082/1082 1083/1083/1083
f 1084/1084/1084 1085/1085/1085 1086/1086/1086
f 1084/1084/1084 1086/1086/1086 1087/1087/1087
f 1085/1085/1085 1088/1088/1088 1089/1089/1089
f 1085/1085/1085 1089/1089/1089 1086/1086/1086
f 1090/1090/1090 1091/1091/1091 1092/1092/1092
f 1090/1090/1090 1092/1092/1092 1093/1093/1093
f 1094/1094/1094 1090/1090/1090 1093/1093/1093
f 1094/1094/1094 1093/1093/1093 1095/1095/1095
f 1088/1088/1088 1096/1096/1096 1097/1097/1097
f 1088/1088/1088 1097/1097/1097 1089/1089/1089
f 1096/1096/1096 1098/1098/1098 1099/1099/1099
f 1096/1096/1096 1099/1099/1099 1097/1097/1097
f 1100/1100/1100 1101/1101/1101 1102/1102/1102
f 1100/1100/1100 1102/1102/1102 1103/1103/1103
f 1091/1091/1091 1100/1100/1100 1103/1103/1103
f 1091/1091/1091 1103/1103/1103 1092/1092/1092
f 1092/1092/1092 1103/1103/1103 1104/1104/1104
f 1092/1092/1092 1104/1104/1104 1105/1105/1105
f 1103/1103/1103 1102/1102/1102 1106/1106/1106
f 1103/1103/1103 1106/1106/1106 1104/1104/1104
f 1104/1104/1104 1106/1106/1106 1107/1107/1107
f 1104/1104/1104 1107/1107/1107 1108/1108/1108
f 1105/1105/1105 1104/1104/1104 1108/1108/1108
f 1105/1105/1105 1108/1108/1108 1109/1109/1109
f 1095/1095/1095 1093/1093/1093 1110/1110/1110
f 1095/1095/1095 1110/1110/1110 1111/1111/1111
f 1093/1093/1093 1092/1092/1092 1105/1105/1105
f 1093/1093/1093 1105/1105/1105 1110/1110/1110
f 1110/1110/1110 1105/1105/1105 1109/1109/1109
f 1110/1110/1110 1109/1109/1109 1112/1112/1112
f 1111/1111/1111 1110/1110/1110 1112/1112/1112
f 1111/1111/1111 1112/1112/1112 1113/1113/1113
f 1114/1114/1114 1115/1115/1115 1116/1116/1116
f 1114/1114/1114 1116/1116/1116 1117/1117/1117
f 1118/1118/1118 1119/1119/1119 1120/1120/1120
f 1118/1118/1118 1120/1120/1120 1121/1121/1121
f 1115/1115/1115 1059/1059/1059 1058/1058/1058
f 1115/1115/1115 1058/1058/1058 1116/1116/1116
f 1119/1119/1119 1057/1057/1057 1053/1053/1053
f 1119/1119/1119 1053/1053/1053 1120/1120/1120
f 1120/1120/1120 1053/1053/1053 1052/1052/1052
f 1120/1120/1120 1052/1052/1052 1122/1122/1122
f 1122/1122/1122 1052/1052/1052 1051/1051/1051
f 1122/1122/1122 1051/1051/1051 1123/1123/1123
f 1121/1121/1121 1120/1120/1120 1122/1122/1122
f 1121/1121/1121 1122/1122/1122 1124/1124/1124
f 1124/1124/1124 1122/1122/1122 1123/1123/1123
f 1124/1124/1124 1123/1123/1123 1125/1125/1125
f 1126/1126/1126 1127/1127/1127 1128/1128/1128
f 1126/1126/1126 1128/1128/1128 1129/1129/1129
f 1130/1130/1130 1131/1131/1131 1132/1132/1132
f 1130/1130/1130 1132/1132/1132 1133/1133/1133
f 1127/1127/1127 1134/1134/1134 1135/1135/1135
f 1127/1127/1127 1135/1135/1135 1128/1128/1128
f 1131/1131/1131 1136/1136/1136 1137/1137/1137
f 1131/1131/1131 1137/1137/1137 1132/1132/1132
f 1132/1132/1132 1137/1137/1137 1138/1138/1138
f 1132/1132/1132 1138/1138/1138 1139/1139/1139
f 1139/1139/1139 1138/1138/1138 1140/1140/1140
f 1139/1139/1139 1140/1140/1140 1141/1141/1141
f 1133/1133/1133 1132/1132/1132 1139/1139/1139
f 1133/1133/1133 1139/1139/1139 1142/1142/1142
f 1142/1142/1142 1139/1139/1139 1141/1141/1141
f 1142/1142/1142 1141/1141/1141 1143/1143/1143
f 1144/1144/1144 1145/1145/1145 1146/1146/1146
f 1144/1144/1144 1146/1146/1146 1147/1147/1147
f 1147/1147/1147 1146/1146/1146 1148/1148/1148
f 1147/1147/1147 1148/1148/1148 1149/1149/1149
f 1145/1145/1145 1150/1150/1150 1151/1151/1151
f 1145/1145/1145 1151/1151/1151 1146/1146/1146
f 1146/1146/1146 1151/1151/1151 1152/1152/1152
f 1146/1146/1146 1152/1152/1152 1148/1148/1148
f 1148/1148/1148 1152/1152/1152 1153/1153/1153
f 1148/1148/1148 1153/1153/1153 1154/1154/1154
f 1154/1154/1154 1153/1153/1153 1155/1155/1155
f 1154/1154/1154 1155/1155/1155 1156/1156/1156
f 1149/1149/1149 1148/1148/1148 1154/1154/1154
f 1149/1149/1149 1154/1154/1154 1157/1157/1157
f 1157/1157/1157 1154/1154/1154 1156/1156/1156
f 1157/1157/1157 1156/1156/1156 1158/1158/1158
f 1159/1159/1159 1160/1160/1160 1161/1161/1161
f 1159/1159/1159 1161/1161/1161 1162/1162/1162
f 1160/1160/1160 1163/1163/1163 1164/1164/1164
f 1160/1160/1160 1164/1164/1164 1161/1161/1161
f 1161/1161/1161 1164/1164/1164 1165/1165/1165
f 1161/1161/1161 1165/1165/1165 1166/1166/1166
f 1162/1162/1162 1161/1161/1161 1166/1166/1166
f 1162/1162/1162 1166/1166/1166 1167/1167/1167
f 1163/1163/1163 1168/1168/1168 1169/1169/1169
f 1163/1163/1163 1169/1169/1169 1164/1164/1164
f 1168/1168/1168 1170/1170/1170 1171/1171/1171
f 1168/1168/1168 1171/1171/1171 1169/1169/1169
f 1169/1169/1169 1171/1171/1171 1172/1172/1172
f 1169/1169/1169 1172/1172/1172 1173/1173/1173
f 1164/1164/1164 1169/1169/1169 1173/1173/1173
f 1164/1164/1164 1173/1173/1173 1165/1165/1165
f 1165/1165/1165 1173/1173/1173 1174/1174/1174
f 1165/1165/1165 1174/1174/1174 1175/1175/1175
f 1173/1173/1173 1172/1172/1172 1176/1176/1176
f 1173/1173/1173 1176/1176/1176 1174/1174/1174
f 1174/1174/1174 1176/1176/1176 1177/1177/1177
f 1174/1174/1174 1177/1177/1177 1178/1178/1178
f 1175/1175/1175 1174/1174/1174 1178/1178/1178
f 1175/1175/1175 1178/1178/1178 1179/1179/1179
f 1167/1167/1167 1166/1166/1166 1180/1180/1180
f 1167/1167/1167 1180/1180/1180 1181/1181/1181
f 1166/1166/1166 1165/1165/1165 1175/1175/1175
f 1166/1166/1166 1175/1175/1175 1180/1180/1180
f 1180/1180/1180 1175/1175/1175 1179/1179/1179
f 1180/1180/1180 1179/1179/1179 1182/1182/1182
f 1181/1181/1181 1180/1180/1180 1182/1182/1182
f 1181/1181/1181 1182/1182/1182 1183/1183/1183
f 1184/1184/1184 1185/1185/1185 1186/1186/1186
f 1184/1184/1184 1186/1186/1186 1187/1187/1187
f 1185/1185/1185 1188/1188/1188 1189/1189/1189
f 1185/1185/1185 1189/1189/1189 1186/1186/1186
f 1186/1186/1186 1189/1189/1189 1190/1190/1190
f 1186/1186/1186 1190/1190/1190 1191/1191/1191
f 1187/1187/1187 1186/1186/1186 1191/1191/1191
f 1187/1187/1187 1191/1191/1191 1192/1192/1192
f 1193/1193/1193 1194/1194/1194 1195/1195/1195
f 1193/1193/1193 1195/1195/1195 1196/1196/1196
f 1194/1194/1194 1197/1197/1197 1198/1198/1198
f 1194/1194/1194 1198/1198/1198 1195/1195/1195
f 1195/1195/1195 1198/1198/1198 1199/1199/1199
f 1195/1195/1195 1199/1199/1199 1200/1200/1200
f 1196/1196/1196 1195/1195/1195 1200/1200/1200
f 1196/1196/1196 1200/1200/1200 1201/1201/1201
f 1201/1201/1201 1200/1200/1200 1202/1202/1202
f 1201/1201/1201 1202/1202/1202 1203/1203/1203
f 1200/1200/1200 1199/1199/1199 1204/1204/1204
f 1200/1200/1200 1204/1204/1204 1202/1202/1202
f 1202/1202/1202 1204/1204/1204 1205/1205/1205
f 1202/1202/1202 1205/1205/1205 1206/1206/1206
f 1203/1203/1203 1202/1202/1202 1206/1206/1206
f 1203/1203/1203 1206/1206/1206 1207/1207/1207
f 1192/1192/1192 1191/1191/1191 1208/1208/1208
f 1192/1192/1192 1208/1208/1208 1209/1209/1209
f 1191/1191/1191 1190/1190/1190 1210/1210/1210
f 1191/1191/1191 1210/1210/1210 1208/1208/1208
f 1208/1208/1208 1210/1210/1210 1211/1211/1211
f 1208/1208/1208 1211/1211/1211 1212/1212/1212
f 1209/1209/1209 1208/1208/1208 1212/1212/1212
f 1209/1209/1209 1212/1212/1212 1213/1213/1213
f 1197/1197/1197 1214/1214/1214 1215/1215/1215
f 1197/1197/1197 1215/1215/1215 1198/1198/1198
f 1214/1214/1214 1216/1216/1216 1217/1217/1217
f 1214/1214/1214 1217/1217/1217 1215/1215/1215
f 1215/1215/1215 1217/1217/1217 1218/1218/1218
f 1215/1215/1215 1218/1218/1218 1219/1219/1219
f 1198/1198/1198 1215/1215/1215 1219/1219/1219
f 1198/1198/1198 1219/1219/1219 1199/1199/1199
f 1216/1216/1216 1220/1220/1220 1221/1221/1221
f 1216/1216/1216 1221/1221/1221 1217/1217/1217
f 1220/1220/1220 1222/1222/1222 1223/1223/1223
f 1220/1220/1220 1223/1223/1223 1221/1221/1221
f 1221/1221/1221 1223/1223/1223 1224/1224/1224
f 1221/1221/1221 1224/1224/1224 1225/1225/1225
f 1217/1217/1217 1221/1221/1221 1225/1225/1225
f 1217/1217/1217 1225/1225/1225 1218/1218/1218
f 1218/1218/1218 1225/1225/1225 1226/1226/1226
f 1218/1218/1218 1226/1226/1226 1227/1227/1227
f 1225/1225/1225 1224/1224/1224 1228/1228/1228
f 1225/1225/1225 1228/1228/1228 1226/1226/1226
f 1226/1226/1226 1228/1228/1228 1229/1229/1229
f 1226/1226/1226 1229/1229/1229 1230/1230/1230
f 1227/1227/1227 1226/1226/1226 1230/1230/1230
f 1227/1227/1227 1230/1230/1230 1231/1231/1231
f 1199/1199/1199 1219/1219/1219 1232/1232/1232
f 1199/1199/1199 1232/1232/1232 1204/1204/1204
f 1219/1219/1219 1218/1218/1218 1227/1227/1227
f 1219/1219/1219 1227/1227/1227 1232/1232/1232
f 1232/1232/1232 1227/1227/1227 1231/1231/1231
f 1232/1232/1232 1231/1231/1231 1233/1233/1233
f 1204/1204/1204 1232/1232/1232 1233/1233/1233
f 1204/1204/1204 1233/1233/1233 1205/1205/1205
f 1234/1234/1234 1235/1235/1235 1236/1236/1236
f 1234/1234/1234 1236/1236/1236 1237/1237/1237
f 1237/1237/1237 1236/1236/1236 1238/1238/1238
f 1237/1237/1237 1238/1238/1238 1239/1239/1239
f 1235/1235/1235 1240/1240/1240 1241/1241/1241
f 1235/1235/1235 1241/1241/1241 1236/1236/1236
f 1236/1236/1236 1241/1241/1241 1242/1242/1242
f 1236/1236/1236 1242/1242/1242 1238/1238/1238
f 1238/1238/1238 1242/1242/1242 1243/1243/1243
f 1238/1238/1238 1243/1243/1243 1244/1244/1244
f 1244/1244/1244 1243/1243/1243 1245/1245/1245
f 1244/1244/1244 1245/1245/1245 1246/1246/1246
f 1239/1239/1239 1238/1238/1238 1244/1244/1244
f 1239/1239/1239 1244/1244/1244 1247/1247/1247
f 1247/1247/1247 1244/1244/1244 1246/1246/1246
f 1247/1247/1247 1246/1246/1246 1248/1248/1248
f 1249/1249/1249 1197/1197/1197 1194/1194/1194
f 1249/1249/1249 1194/1194/1194 1250/1250/1250
f 1250/1250/1250 1194/1194/1194 1193/1193/1193
f 1250/1250/1250 1193/1193/1193 1251/1251/1251
f 1252/1252/1252 1188/1188/1188 1185/1185/1185
f 1252/1252/1252 1185/1185/1185 1253/1253/1253
f 1253/1253/1253 1185/1185/1185 1184/1184/1184
f 1253/1253/1253 1184/1184/1184 1254/1254/1254
f 1255/1255/1255 1256/1256/1256 1257/1257/1257
f 1255/1255/1255 1257/1257/1257 1258/1258/1258
f 1258/1258/1258 1257/1257/1257 1259/1259/1259
f 1258/1258/1258 1259/1259/1259 1260/1260/1260
f 1260/1260/1260 1259/1259/1259 1261/1261/1261
f 1260/1260/1260 1261/1261/1261 1234/1234/1234
f 1262/1262/1262 1263/1263/1263 1264/1264/1264
f 1262/1262/1262 1264/1264/1264 1265/1265/1265
f 1265/1265/1265 1264/1264/1264 1266/1266/1266
f 1265/1265/1265 1266/1266/1266 1267/1267/1267
f 1267/1267/1267 1266/1266/1266 1150/1150/1150
f 1267/1267/1267 1150/1150/1150 1268/1268/1268
f 1168/1168/1168 1163/1163/1163 1269/1269/1269
f 1168/1168/1168 1269/1269/1269 1270/1270/1270
f 1170/1170/1170 1168/1168/1168 1270/1270/1270
f 1170/1170/1170 1270/1270/1270 1271/1271/1271
f 1160/1160/1160 1159/1159/1159 1272/1272/1272
f 1160/1160/1160 1272/1272/1272 1273/1273/1273
f 1163/1163/1163 1160/1160/1160 1273/1273/1273
f 1163/1163/1163 1273/1273/1273 1269/1269/1269
f 1274/1274/1274 1275/1275/1275 1220/1220/1220
f 1274/1274/1274 1220/1220/1220 1216/1216/1216
f 1275/1275/1275 1276/1276/1276 1222/1222/1222
f 1275/1275/1275 1222/1222/1222 1220/1220/1220
f 1249/1249/1249 1277/1277/1277 1214/1214/1214
f 1249/1249/1249 1214/1214/1214 1197/1197/1197
f 1277/1277/1277 1274/1274/1274 1216/1216/1216
f 1277/1277/1277 1216/1216/1216 1214/1214/1214
f 1278/1278/1278 1279/1279/1279 1240/1240/1240
f 1278/1278/1278 1240/1240/1240 1235/1235/1235
f 1261/1261/1261 1278/1278/1278 1235/1235/1235
f 1261/1261/1261 1235/1235/1235 1234/1234/1234
f 1150/1150/1150 1145/1145/1145 1280/1280/1280
f 1150/1150/1150 1280/1280/1280 1268/1268/1268
f 1145/1145/1145 1144/1144/1144 1281/1281/1281
f 1145/1145/1145 1281/1281/1281 1280/1280/1280
f 1282/1282/1282 1283/1283/1283 1284/1284/1284
f 1282/1282/1282 1284/1284/1284 1285/1285/1285
f 1285/1285/1285 1284/1284/1284 1286/1286/1286
f 1285/1285/1285 1286/1286/1286 1287/1287/1287
f 1283/1283/1283 1288/1288/1288 1289/1289/1289
f 1283/1283/1283 1289/1289/1289 1284/1284/1284
f 1284/1284/1284 1289/1289/1289 1290/1290/1290
f 1284/1284/1284 1290/1290/1290 1286/1286/1286
f 1286/1286/1286 1290/1290/1290 1291/1291/1291
f 1286/1286/1286 1291/1291/1291 1292/1292/1292
f 1292/1292/1292 1291/1291/1291 1293/1293/1293
f 1292/1292/1292 1293/1293/1293 1294/1294/1294
f 1287/1287/1287 1286/1286/1286 1292/1292/1292
f 1287/1287/1287 1292/1292/1292 1295/1295/1295
f 1295/1295/1295 1292/1292/1292 1294/1294/1294
f 1295/1295/1295 1294/1294/1294 1296/1296/1296
f 1297/1297/1297 1298/1298/1298 1299/1299/1299
f 1297/1297/1297 1299/1299/1299 1300/1300/1300
f 1298/1298/1298 1301/1301/1301 1302/1302/1302
f 1298/1298/1298 1302/1302/1302 1299/1299/1299
f 1299/1299/1299 1302/1302/1302 1303/1303/1303
f 1299/1299/1299 1303/1303/1303 1304/1304/1304
f 1300/1300/1300 1299/1299/1299 1304/1304/1304
f 1300/1300/1300 1304/1304/1304 1305/1305/1305
f 1301/1301/1301 1306/1306/1306 1307/1307/1307
f 1301/1301/1301 1307/1307/1307 1302/1302/1302
f 1306/1306/1306 1308/1308/1308 1309/1309/1309
f 1306/1306/1306 1309/1309/1309 1307/1307/1307
f 1307/1307/1307 1309/1309/1309 1310/1310/1310
f 1307/1307/1307 1310/1310/1310 1311/1311/1311
f 1302/1302/1302 1307/1307/1307 1311/1311/1311
f 1302/1302/1302 1311/1311/1311 1303/1303/1303
f 1303/1303/1303 1311/1311/1311 1312/1312/1312
f 1303/1303/1303 1312/1312/1312 1313/1313/1313
f 1311/1311/1311 1310/1310/1310 1314/1314/1314
f 1311/1311/1311 1314/1314/1314 1312/1312/1312
f 1312/1312/1312 1314/1314/1314 1315/1315/1315
f 1312/1312/1312 1315/1315/1315 1316/1316/1316
f 1313/1313/1313 1312/1312/1312 1316/1316/1316
f 1313/1313/1313 1316/1316/1316 1317/1317/1317
f 1305/1305/1305 1304/1304/1304 1318/1318/1318
f 1305/1305/1305 1318/1318/1318 1319/1319/1319
f 1304/1304/1304 1303/1303/1303 1313/1313/1313
f 1304/1304/1304 1313/1313/1313 1318/1318/1318
f 1318/1318/1318 1313/1313/1313 1317/1317/1317
f 1318/1318/1318 1317/1317/1317 1320/1320/1320
f 1319/1319/1319 1318/1318/1318 1320/1320/1320
f 1319/1319/1319 1320/1320/1320 1321/1321/1321
f 1322/1322/1322 1323/1323/1323 1324/1324/1324
f 1322/1322/1322 1324/1324/1324 1325/1325/1325
f 1323/1323/1323 1326/1326/1326 1327/1327/1327
f 1323/1323/1323 1327/1327/1327 1324/1324/1324
f 1324/1324/1324 1327/1327/1327 1328/1328/1328
f 1324/1324/1324 1328/1328/1328 1329/1329/1329
f 1325/1325/1325 1324/1324/1324 1329/1329/1329
f 1325/1325/1325 1329/1329/1329 1330/1330/1330
f 1326/1326/1326 1331/1331/1331 1332/1332/1332
f 1326/1326/1326 1332/1332/1332 1327/1327/1327
f 1331/1331/1331 1308/1308/1308 1306/1306/1306
f 1331/1331/1331 1306/1306/1306 1332/1332/1332
f 1332/1332/1332 1306/1306/1306 1301/1301/1301
f 1332/1332/1332 1301/1301/1301 1333/1333/1333
f 1327/1327/1327 1332/1332/1332 1333/1333/1333
f 1327/1327/1327 1333/1333/1333 1328/1328/1328
f 1328/1328/1328 1333/1333/1333 1334/1334/1334
f 1328/1328/1328 1334/1334/1334 1335/1335/1335
f 1333/1333/1333 1301/1301/1301 1298/1298/1298
f 1333/1333/1333 1298/1298/1298 1334/1334/1334
f 1334/1334/1334 1298/1298/1298 1297/1297/1297
f 1334/1334/1334 1297/1297/1297 1336/1336/1336
f 1335/1335/1335 1334/1334/1334 1336/1336/1336
f 1335/1335/1335 1336/1336/1336 1337/1337/1337
f 1330/1330/1330 1329/1329/1329 1338/1338/1338
f 1330/1330/1330 1338/1338/1338 1339/1339/1339
f 1329/1329/1329 1328/1328/1328 1335/1335/1335
f 1329/1329/1329 1335/1335/1335 1338/1338/1338
f 1338/1338/1338 1335/1335/1335 1337/1337/1337
f 1338/1338/1338 1337/1337/1337 1340/1340/1340
f 1339/1339/1339 1338/1338/1338 1340/1340/1340
f 1339/1339/1339 1340/1340/1340 1341/1341/1341
f 1342/1342/1342 1343/1343/1343 1344/1344/1344
f 1342/1342/1342 1344/1344/1344 1345/1345/1345
f 1343/1343/1343 1346/1346/1346 1347/1347/1347
f 1343/1343/1343 1347/1347/1347 1344/1344/1344
f 1344/1344/1344 1347/1347/1347 1348/1348/1348
f 1344/1344/1344 1348/1348/1348 1349/1349/1349
f 1345/1345/1345 1344/1344/1344 1349/1349/1349
f 1345/1345/1345 1349/1349/1349 1350/1350/1350
f 1346/1346/1346 1351/1351/1351 1352/1352/1352
f 1346/1346/1346 1352/1352/1352 1347/1347/1347
f 1351/1351/1351 1060/1060/1060 1063/1063/1063
f 1351/1351/1351 1063/1063/1063 1352/1352/1352
f 1353/1353/1353 1070/1070/1070 1071/1071/1071
f 1353/1353/1353 1071/1071/1071 1354/1354/1354
f 1355/1355/1355 1353/1353/1353 1354/1354/1354
f 1355/1355/1355 1354/1354/1354 1356/1356/1356
f 1356/1356/1356 1354/1354/1354 1357/1357/1357
f 1356/1356/1356 1357/1357/1357 1358/1358/1358
f 1354/1354/1354 1071/1071/1071 1081/1081/1081
f 1354/1354/1354 1081/1081/1081 1357/1357/1357
f 1357/1357/1357 1081/1081/1081 1083/1083/1083
f 1357/1357/1357 1083/1083/1083 1359/1359/1359
f 1358/1358/1358 1357/1357/1357 1359/1359/1359
f 1358/1358/1358 1359/1359/1359 1360/1360/1360
f 1361/1361/1361 1362/1362/1362 1363/1363/1363
f 1361/1361/1361 1363/1363/1363 1364/1364/1364
f 1362/1362/1362 1365/1365/1365 1366/1366/1366
f 1362/1362/1362 1366/1366/1366 1363/1363/1363
f 1363/1363/1363 1366/1366/1366 1367/1367/1367
f 1363/1363/1363 1367/1367/1367 1368/1368/1368
f 1364/1364/1364 1363/1363/1363 1368/1368/1368
f 1364/1364/1364 1368/1368/1368 1369/1369/1369
f 1370/1370/1370 1371/1371/1371 1372/1372/1372
f 1370/1370/1370 1372/1372/1372 1373/1373/1373
f 1371/1371/1371 1374/1374/1374 1375/1375/1375
f 1371/1371/1371 1375/1375/1375 1372/1372/1372
f 1372/1372/1372 1375/1375/1375 1376/1376/1376
f 1372/1372/1372 1376/1376/1376 1377/1377/1377
f 1373/1373/1373 1372/1372/1372 1377/1377/1377
f 1373/1373/1373 1377/1377/1377 1378/1378/1378
f 1374/1374/1374 1379/1379/1379 1380/1380/1380
f 1374/1374/1374 1380/1380/1380 1375/1375/1375
f 1379/1379/1379 1035/1035/1035 1072/1072/1072
f 1379/1379/1379 1072/1072/1072 1380/1380/1380
f 1380/1380/1380 1072/1072/1072 1064/1064/1064
f 1380/1380/1380 1064/1064/1064 1381/1381/1381
f 1375/1375/1375 1380/1380/1380 1381/1381/1381
f 1375/1375/1375 1381/1381/1381 1376/1376/1376
f 1376/1376/1376 1381/1381/1381 1382/1382/1382
f 1376/1376/1376 1382/1382/1382 1383/1383/1383
f 1381/1381/1381 1064/1064/1064 1061/1061/1061
f 1381/1381/1381 1061/1061/1061 1382/1382/1382
f 1382/1382/1382 1061/1061/1061 1060/1060/1060
f 1382/1382/1382 1060/1060/1060 1351/1351/1351
f 1383/1383/1383 1382/1382/1382 1351/1351/1351
f 1383/1383/1383 1351/1351/1351 1346/1346/1346
f 1378/1378/1378 1377/1377/1377 1384/1384/1384
f 1378/1378/1378 1384/1384/1384 1385/1385/1385
f 1377/1377/1377 1376/1376/1376 1383/1383/1383
f 1377/1377/1377 1383/1383/1383 1384/1384/1384
f 1384/1384/1384 1383/1383/1383 1346/1346/1346
f 1384/1384/1384 1346/1346/1346 1343/1343/1343
f 1385/1385/1385 1384/1384/1384 1343/1343/1343
f 1385/1385/1385 1343/1343/1343 1342/1342/1342
f 1035/1035/1035 1379/1379/1379 1386/1386/1386
f 1035/1035/1035 1386/1386/1386 1031/1031/1031
f 1379/1379/1379 1374/1374/1374 1387/1387/1387
f 1379/1379/1379 1387/1387/1387 1386/1386/1386
f 1386/1386/1386 1387/1387/1387 1388/1388/1388
f 1386/1386/1386 1388/1388/1388 1389/1389/1389
f 1031/1031/1031 1386/1386/1386 1389/1389/1389
f 1031/1031/1031 1389/1389/1389 1017/1017/1017
f 1374/1374/1374 1371/1371/1371 1390/1390/1390
f 1374/1374/1374 1390/1390/1390 1387/1387/1387
f 1371/1371/1371 1370/1370/1370 1391/1391/1391
f 1371/1371/1371 1391/1391/1391 1390/1390/1390
f 1390/1390/1390 1391/1391/1391 1392/1392/1392
f 1390/1390/1390 1392/1392/1392 1393/1393/1393
f 1387/1387/1387 1390/1390/1390 1393/1393/1393
f 1387/1387/1387 1393/1393/1393 1388/1388/1388
f 1388/1388/1388 1393/1393/1393 1394/1394/1394
f 1388/1388/1388 1394/1394/1394 1395/1395/1395
f 1393/1393/1393 1392/1392/1392 1396/1396/1396
f 1393/1393/1393 1396/1396/1396 1394/1394/1394
f 1394/1394/1394 1396/1396/1396 1397/1397/1397
f 1394/1394/1394 1397/1397/1397 1398/1398/1398
f 1395/1395/1395 1394/1394/1394 1398/1398/1398
f 1395/1395/1395 1398/1398/1398 1399/1399/1399
f 1017/1017/1017 1389/1389/1389 1400/1400/1400
f 1017/1017/1017 1400/1400/1400 1009/1009/1009
f 1389/1389/1389 1388/1388/1388 1395/1395/1395
f 1389/1389/1389 1395/1395/1395 1400/1400/1400
f 1400/1400/1400 1395/1395/1395 1399/1399/1399
f 1400/1400/1400 1399/1399/1399 1401/1401/1401
f 1009/1009/1009 1400/1400/1400 1401/1401/1401
f 1009/1009/1009 1401/1401/1401 1006/1006/1006
f 1402/1402/1402 1403/1403/1403 1404/1404/1404
f 1402/1402/1402 1404/1404/1404 1405/1405/1405
f 1406/1406/1406 1402/1402/1402 1405/1405/1405
f 1406/1406/1406 1405/1405/1405 1407/1407/1407
f 1408/1408/1408 1134/1134/1134 1127/1127/1127
f 1408/1408/1408 1127/1127/1127 1409/1409/1409
f 1403/1403/1403 1408/1408/1408 1409/1409/1409
f 1403/1403/1403 1409/1409/1409 1404/1404/1404
f 1409/1409/1409 1127/1127/1127 1126/1126/1126
f 1409/1409/1409 1126/1126/1126 1410/1410/1410
f 1404/1404/1404 1409/1409/1409 1410/1410/1410
f 1404/1404/1404 1410/1410/1410 1411/1411/1411
f 1405/1405/1405 1404/1404/1404 1411/1411/1411
f 1405/1405/1405 1411/1411/1411 1412/1412/1412
f 1407/1407/1407 1405/1405/1405 1412/1412/1412
f 1407/1407/1407 1412/1412/1412 1413/1413/1413
f 1414/1414/1414 1415/1415/1415 1416/1416/1416
f 1414/1414/1414 1416/1416/1416 1417/1417/1417
f 1415/1415/1415 1418/1418/1418 1419/1419/1419
f 1415/1415/1415 1419/1419/1419 1416/1416/1416
f 1416/1416/1416 1419/1419/1419 1420/1420/1420
f 1416/1416/1416 1420/1420/1420 1421/1421/1421
f 1421/1421/1421 1420/1420/1420 1406/1406/1406
f 1421/1421/1421 1406/1406/1406 1407/1407/1407
f 1417/1417/1417 1416/1416/1416 1421/1421/1421
f 1417/1417/1417 1421/1421/1421 1422/1422/1422
f 1422/1422/1422 1421/1421/1421 1407/1407/1407
f 1422/1422/1422 1407/1407/1407 1413/1413/1413
f 1370/1370/1370 1423/1423/1423 1424/1424/1424
f 1370/1370/1370 1424/1424/1424 1391/1391/1391
f 1423/1423/1423 1425/1425/1425 1426/1426/1426
f 1423/1423/1423 1426/1426/1426 1424/1424/1424
f 1424/1424/1424 1426/1426/1426 1427/1427/1427
f 1424/1424/1424 1427/1427/1427 1428/1428/1428
f 1391/1391/1391 1424/1424/1424 1428/1428/1428
f 1391/1391/1391 1428/1428/1428 1392/1392/1392
f 1425/1425/1425 1429/1429/1429 1430/1430/1430
f 1425/1425/1425 1430/1430/1430 1426/1426/1426
f 1426/1426/1426 1430/1430/1430 1431/1431/1431
f 1426/1426/1426 1431/1431/1431 1427/1427/1427
f 1427/1427/1427 1431/1431/1431 1432/1432/1432
f 1427/1427/1427 1432/1432/1432 1433/1433/1433
f 1433/1433/1433 1432/1432/1432 1434/1434/1434
f 1433/1433/1433 1434/1434/1434 1435/1435/1435
f 1392/1392/1392 1428/1428/1428 1436/1436/1436
f 1392/1392/1392 1436/1436/1436 1396/1396/1396
f 1428/1428/1428 1427/1427/1427 1433/1433/1433
f 1428/1428/1428 1433/1433/1433 1436/1436/1436
f 1436/1436/1436 1433/1433/1433 1435/1435/1435
f 1436/1436/1436 1435/1435/1435 1437/1437/1437
f 1396/1396/1396 1436/1436/1436 1437/1437/1437
f 1396/1396/1396 1437/1437/1437 1397/1397/1397
f 1429/1429/1429 1425/1425/1425 1438/1438/1438
f 1429/1429/1429 1438/1438/1438 1439/1439/1439
f 1439/1439/1439 1438/1438/1438 1440/1440/1440
f 1439/1439/1439 1440/1440/1440 1441/1441/1441
f 1425/1425/1425 1423/1423/1423 1442/1442/1442
f 1425/1425/1425 1442/1442/1442 1438/1438/1438
f 1423/1423/1423 1370/1370/1370 1373/1373/1373
f 1423/1423/1423 1373/1373/1373 1442/1442/1442
f 1442/1442/1442 1373/1373/1373 1378/1378/1378
f 1442/1442/1442 1378/1378/1378 1443/1443/1443
f 1438/1438/1438 1442/1442/1442 1443/1443/1443
f 1438/1438/1438 1443/1443/1443 1440/1440/1440
f 1440/1440/1440 1443/1443/1443 1444/1444/1444
f 1440/1440/1440 1444/1444/1444 1445/1445/1445
f 1443/1443/1443 1378/1378/1378 1385/1385/1385
f 1443/1443/1443 1385/1385/1385 1444/1444/1444
f 1444/1444/1444 1385/1385/1385 1342/1342/1342
f 1444/1444/1444 1342/1342/1342 1446/1446/1446
f 1445/1445/1445 1444/1444/1444 1446/1446/1446
f 1445/1445/1445 1446/1446/1446 1447/1447/1447
f 1441/1441/1441 1440/1440/1440 1445/1445/1445
f 1441/1441/1441 1445/1445/1445 1448/1448/1448
f 1448/1448/1448 1445/1445/1445 1447/1447/1447
f 1448/1448/1448 1447/1447/1447 1449/1449/1449
f 1449/1449/1449 1447/1447/1447 1450/1450/1450
f 1449/1449/1449 1450/1450/1450 1451/1451/1451
f 1451/1451/1451 1450/1450/1450 1452/1452/1452
f 1451/1451/1451 1452/1452/1452 1453/1453/1453
f 1447/1447/1447 1446/1446/1446 1454/1454/1454
f 1447/1447/1447 1454/1454/1454 1450/1450/1450
f 1446/1446/1446 1342/1342/1342 1345/1345/1345
f 1446/1446/1446 1345/1345/1345 1454/1454/1454
f 1454/1454/1454 1345/1345/1345 1350/1350/1350
f 1454/1454/1454 1350/1350/1350 1455/1455/1455
f 1450/1450/1450 1454/1454/1454 1455/1455/1455
f 1450/1450/1450 1455/1455/1455 1452/1452/1452
f 1456/1456/1456 1457/1457/1457 1458/1458/1458
f 1456/1456/1456 1458/1458/1458 1459/1459/1459
f 1457/1457/1457 1361/1361/1361 1364/1364/1364
f 1457/1457/1457 1364/1364/1364 1458/1458/1458
f 1458/1458/1458 1364/1364/1364 1369/1369/1369
f 1458/1458/1458 1369/1369/1369 1460/1460/1460
f 1459/1459/1459 1458/1458/1458 1460/1460/1460
f 1459/1459/1459 1460/1460/1460 1461/1461/1461
f 1462/1462/1462 1456/1456/1456 1459/1459/1459
f 1462/1462/1462 1459/1459/1459 1463/1463/1463
f 1463/1463/1463 1459/1459/1459 1461/1461/1461
f 1463/1463/1463 1461/1461/1461 1464/1464/1464
f 1297/1297/1297 1465/1465/1465 1466/1466/1466
f 1297/1297/1297 1466/1466/1466 1336/1336/1336
f 1465/1465/1465 1467/1467/1467 1468/1468/1468
f 1465/1465/1465 1468/1468/1468 1466/1466/1466
f 1466/1466/1466 1468/1468/1468 1469/1469/1469
f 1466/1466/1466 1469/1469/1469 1470/1470/1470
f 1336/1336/1336 1466/1466/1466 1470/1470/1470
f 1336/1336/1336 1470/1470/1470 1337/1337/1337
f 1467/1467/1467 1471/1471/1471 1472/1472/1472
f 1467/1467/1467 1472/1472/1472 1468/1468/1468
f 1468/1468/1468 1472/1472/1472 1473/1473/1473
f 1468/1468/1468 1473/1473/1473 1469/1469/1469
f 1469/1469/1469 1473/1473/1473 1474/1474/1474
f 1469/1469/1469 1474/1474/1474 1475/1475/1475
f 1475/1475/1475 1474/1474/1474 1476/1476/1476
f 1475/1475/1475 1476/1476/1476 1477/1477/1477
f 1337/1337/1337 1470/1470/1470 1478/1478/1478
f 1337/1337/1337 1478/1478/1478 1340/1340/1340
f 1470/1470/1470 1469/1469/1469 1475/1475/1475
f 1470/1470/1470 1475/1475/1475 1478/1478/1478
f 1478/1478/1478 1475/1475/1475 1477/1477/1477
f 1478/1478/1478 1477/1477/1477 1479/1479/1479
f 1340/1340/1340 1478/1478/1478 1479/1479/1479
f 1340/1340/1340 1479/1479/1479 1341/1341/1341
f 1471/1471/1471 1467/1467/1467 1480/1480/1480
f 1471/1471/1471 1480/1480/1480 1481/1481/1481
f 1481/1481/1481 1480/1480/1480 1482/1482/1482
f 1481/1481/1481 1482/1482/1482 1483/1483/1483
f 1467/1467/1467 1465/1465/1465 1484/1484/1484
f 1467/1467/1467 1484/1484/1484 1480/1480/1480
f 1465/1465/1465 1297/1297/1297 1300/1300/1300
f 1465/1465/1465 1300/1300/1300 1484/1484/1484
f 1484/1484/1484 1300/1300/1300 1305/1305/1305
f 1484/1484/1484 1305/1305/1305 1485/1485/1485
f 1480/1480/1480 1484/1484/1484 1485/1485/1485
f 1480/1480/1480 1485/1485/1485 1482/1482/1482
f 1482/1482/1482 1485/1485/1485 1486/1486/1486
f 1482/1482/1482 1486/1486/1486 1487/1487/1487
f 1485/1485/1485 1305/1305/1305 1319/1319/1319
f 1485/1485/1485 1319/1319/1319 1486/1486/1486
f 1486/1486/1486 1319/1319/1319 1321/1321/1321
f 1486/1486/1486 1321/1321/1321 1488/1488/1488
f 1487/1487/1487 1486/1486/1486 1488/1488/1488
f 1487/1487/1487 1488/1488/1488 1489/1489/1489
f 1483/1483/1483 1482/1482/1482 1487/1487/1487
f 1483/1483/1483 1487/1487/1487 1490/1490/1490
f 1490/1490/1490 1487/1487/1487 1489/1489/1489
f 1490/1490/1490 1489/1489/1489 1491/1491/1491
f 1492/1492/1492 1493/1493/1493 1494/1494/1494
f 1492/1492/1492 1494/1494/1494 1495/1495/1495
f 1293/1293/1293 1492/1492/1492 1495/1495/1495
f 1293/1293/1293 1495/1495/1495 1294/1294/1294
f 1493/1493/1493 1496/1496/1496 1497/1497/1497
f 1493/1493/1493 1497/1497/1497 1494/1494/1494
f 1494/1494/1494 1497/1497/1497 1498/1498/1498
f 1494/1494/1494 1498/1498/1498 1499/1499/1499
f 1495/1495/1495 1494/1494/1494 1499/1499/1499
f 1495/1495/1495 1499/1499/1499 1500/1500/1500
f 1294/1294/1294 1495/1495/1495 1500/1500/1500
f 1294/1294/1294 1500/1500/1500 1296/1296/1296
f 1059/1059/1059 1115/1115/1115 1501/1501/1501
f 1059/1059/1059 1501/1501/1501 1502/1502/1502
f 1502/1502/1502 1501/1501/1501 1503/1503/1503
f 1502/1502/1502 1503/1503/1503 1504/1504/1504
f 1115/1115/1115 1114/1114/1114 1505/1505/1505
f 1115/1115/1115 1505/1505/1505 1501/1501/1501
f 1501/1501/1501 1505/1505/1505 1506/1506/1506
f 1501/1501/1501 1506/1506/1506 1503/1503/1503
f 1503/1503/1503 1506/1506/1506 1507/1507/1507
f 1503/1503/1503 1507/1507/1507 1508/1508/1508
f 1508/1508/1508 1507/1507/1507 1509/1509/1509
f 1508/1508/1508 1509/1509/1509 1510/1510/1510
f 1504/1504/1504 1503/1503/1503 1508/1508/1508
f 1504/1504/1504 1508/1508/1508 1511/1511/1511
f 1511/1511/1511 1508/1508/1508 1510/1510/1510
f 1511/1511/1511 1510/1510/1510 1512/1512/1512
f 1513/1513/1513 1514/1514/1514 1515/1515/1515
f 1513/1513/1513 1515/1515/1515 1516/1516/1516
f 1517/1517/1517 1513/1513/1513 1516/1516/1516
f 1517/1517/1517 1516/1516/1516 1518/1518/1518
f 1519/1519/1519 1040/1040/1040 1043/1043/1043
f 1519/1519/1519 1043/1043/1043 1520/1520/1520
f 1514/1514/1514 1519/1519/1519 1520/1520/1520
f 1514/1514/1514 1520/1520/1520 1515/1515/1515
f 1515/1515/1515 1520/1520/1520 1521/1521/1521
f 1515/1515/1515 1521/1521/1521 1522/1522/1522
f 1520/1520/1520 1043/1043/1043 1055/1055/1055
f 1520/1520/1520 1055/1055/1055 1521/1521/1521
f 1521/1521/1521 1055/1055/1055 1059/1059/1059
f 1521/1521/1521 1059/1059/1059 1502/1502/1502
f 1522/1522/1522 1521/1521/1521 1502/1502/1502
f 1522/1522/1522 1502/1502/1502 1504/1504/1504
f 1518/1518/1518 1516/1516/1516 1523/1523/1523
f 1518/1518/1518 1523/1523/1523 1524/1524/1524
f 1516/1516/1516 1515/1515/1515 1522/1522/1522
f 1516/1516/1516 1522/1522/1522 1523/1523/1523
f 1523/1523/1523 1522/1522/1522 1504/1504/1504
f 1523/1523/1523 1504/1504/1504 1511/1511/1511
f 1524/1524/1524 1523/1523/1523 1511/1511/1511
f 1524/1524/1524 1511/1511/1511 1512/1512/1512
f 1098/1098/1098 1096/1096/1096 1525/1525/1525
f 1098/1098/1098 1525/1525/1525 1526/1526/1526
f 1096/1096/1096 1088/1088/1088 1527/1527/1527
f 1096/1096/1096 1527/1527/1527 1525/1525/1525
f 1525/1525/1525 1527/1527/1527 1528/1528/1528
f 1525/1525/1525 1528/1528/1528 1529/1529/1529
f 1526/1526/1526 1525/1525/1525 1529/1529/1529
f 1526/1526/1526 1529/1529/1529 1530/1530/1530
f 1088/1088/1088 1085/1085/1085 1531/1531/1531
f 1088/1088/1088 1531/1531/1531 1527/1527/1527
f 1085/1085/1085 1084/1084/1084 1532/1532/1532
f 1085/1085/1085 1532/1532/1532 1531/1531/1531
f 1531/1531/1531 1532/1532/1532 1533/1533/1533
f 1531/1531/1531 1533/1533/1533 1534/1534/1534
f 1527/1527/1527 1531/1531/1531 1534/1534/1534
f 1527/1527/1527 1534/1534/1534 1528/1528/1528
f 1528/1528/1528 1534/1534/1534 1535/1535/1535
f 1528/1528/1528 1535/1535/1535 1536/1536/1536
f 1534/1534/1534 1533/1533/1533 1537/1537/1537
f 1534/1534/1534 1537/1537/1537 1535/1535/1535
f 1535/1535/1535 1537/1537/1537 1538/1538/1538
f 1535/1535/1535 1538/1538/1538 1539/1539/1539
f 1536/1536/1536 1535/1535/1535 1539/1539/1539
f 1536/1536/1536 1539/1539/1539 1540/1540/1540
f 1530/1530/1530 1529/1529/1529 1541/1541/1541
f 1530/1530/1530 1541/1541/1541 1542/1542/1542
f 1529/1529/1529 1528/1528/1528 1536/1536/1536
f 1529/1529/1529 1536/1536/1536 1541/1541/1541
f 1541/1541/1541 1536/1536/1536 1540/1540/1540
f 1541/1541/1541 1540/1540/1540 1543/1543/1543
f 1542/1542/1542 1541/1541/1541 1543/1543/1543
f 1542/1542/1542 1543/1543/1543 1544/1544/1544
f 1098/1098/1098 1526/1526/1526 1545/1545/1545
f 1098/1098/1098 1545/1545/1545 1099/1099/1099
f 1526/1526/1526 1530/1530/1530 1546/1546/1546
f 1526/1526/1526 1546/1546/1546 1545/1545/1545
f 1547/1547/1547 1548/1548/1548 1549/1549/1549
f 1547/1547/1547 1549/1549/1549 1550/1550/1550
f 1101/1101/1101 1547/1547/1547 1550/1550/1550
f 1101/1101/1101 1550/1550/1550 1102/1102/1102
f 1530/1530/1530 1542/1542/1542 1551/1551/1551
f 1530/1530/1530 1551/1551/1551 1546/1546/1546
f 1542/1542/1542 1544/1544/1544 1552/1552/1552
f 1542/1542/1542 1552/1552/1552 1551/1551/1551
f 1551/1551/1551 1552/1552/1552 1553/1553/1553
f 1551/1551/1551 1553/1553/1553 1554/1554/1554
f 1546/1546/1546 1551/1551/1551 1554/1554/1554
f 1546/1546/1546 1554/1554/1554 1555/1555/1555
f 1556/1556/1556 1557/1557/1557 1558/1558/1558
f 1556/1556/1556 1558/1558/1558 1559/1559/1559
f 1557/1557/1557 1560/1560/1560 1561/1561/1561
f 1557/1557/1557 1561/1561/1561 1558/1558/1558
f 1558/1558/1558 1561/1561/1561 1562/1562/1562
f 1558/1558/1558 1562/1562/1562 1563/1563/1563
f 1559/1559/1559 1558/1558/1558 1563/1563/1563
f 1559/1559/1559 1563/1563/1563 1564/1564/1564
f 1102/1102/1102 1550/1550/1550 1565/1565/1565
f 1102/1102/1102 1565/1565/1565 1106/1106/1106
f 1550/1550/1550 1549/1549/1549 1566/1566/1566
f 1550/1550/1550 1566/1566/1566 1565/1565/1565
f 1565/1565/1565 1566/1566/1566 1567/1567/1567
f 1565/1565/1565 1567/1567/1567 1568/1568/1568
f 1106/1106/1106 1565/1565/1565 1568/1568/1568
f 1106/1106/1106 1568/1568/1568 1107/1107/1107
f 1569/1569/1569 1570/1570/1570 1571/1571/1571
f 1569/1569/1569 1571/1571/1571 1572/1572/1572
f 1570/1570/1570 1573/1573/1573 1574/1574/1574
f 1570/1570/1570 1574/1574/1574 1571/1571/1571
f 1571/1571/1571 1574/1574/1574 1575/1575/1575
f 1571/1571/1571 1575/1575/1575 1576/1576/1576
f 1572/1572/1572 1571/1571/1571 1576/1576/1576
f 1572/1572/1572 1576/1576/1576 1577/1577/1577
f 1573/1573/1573 1578/1578/1578 1579/1579/1579
f 1573/1573/1573 1579/1579/1579 1574/1574/1574
f 1578/1578/1578 1580/1580/1580 1581/1581/1581
f 1578/1578/1578 1581/1581/1581 1579/1579/1579
f 1579/1579/1579 1581/1581/1581 1582/1582/1582
f 1579/1579/1579 1582/1582/1582 1583/1583/1583
f 1574/1574/1574 1579/1579/1579 1583/1583/1583
f 1574/1574/1574 1583/1583/1583 1575/1575/1575
f 1575/1575/1575 1583/1583/1583 1584/1584/1584
f 1575/1575/1575 1584/1584/1584 1585/1585/1585
f 1583/1583/1583 1582/1582/1582 1586/1586/1586
f 1583/1583/1583 1586/1586/1586 1584/1584/1584
f 1584/1584/1584 1586/1586/1586 1587/1587/1587
f 1584/1584/1584 1587/1587/1587 1588/1588/1588
f 1585/1585/1585 1584/1584/1584 1588/1588/1588
f 1585/1585/1585 1588/1588/1588 1589/1589/1589
f 1577/1577/1577 1576/1576/1576 1590/1590/1590
f 1577/1577/1577 1590/1590/1590 1591/1591/1591
f 1576/1576/1576 1575/1575/1575 1585/1585/1585
f 1576/1576/1576 1585/1585/1585 1590/1590/1590
f 1590/1590/1590 1585/1585/1585 1589/1589/1589
f 1590/1590/1590 1589/1589/1589 1592/1592/1592
f 1591/1591/1591 1590/1590/1590 1592/1592/1592
f 1591/1591/1591 1592/1592/1592 1593/1593/1593
f 1594/1594/1594 1595/1595/1595 1596/1596/1596
f 1594/1594/1594 1596/1596/1596 1597/1597/1597
f 1598/1598/1598 1594/1594/1594 1597/1597/1597
f 1598/1598/1598 1597/1597/1597 1599/1599/1599
f 1600/1600/1600 1601/1601/1601 1602/1602/1602
f 1600/1600/1600 1602/1602/1602 1603/1603/1603
f 1595/1595/1595 1600/1600/1600 1603/1603/1603
f 1595/1595/1595 1603/1603/1603 1596/1596/1596
f 1596/1596/1596 1603/1603/1603 1604/1604/1604
f 1596/1596/1596 1604/1604/1604 1605/1605/1605
f 1603/1603/1603 1602/1602/1602 1606/1606/1606
f 1603/1603/1603 1606/1606/1606 1604/1604/1604
f 1604/1604/1604 1606/1606/1606 1607/1607/1607
f 1604/1604/1604 1607/1607/1607 1608/1608/1608
f 1605/1605/1605 1604/1604/1604 1608/1608/1608
f 1605/1605/1605 1608/1608/1608 1609/1609/1609
f 1599/1599/1599 1597/1597/1597 1610/1610/1610
f 1599/1599/1599 1610/1610/1610 1611/1611/1611
f 1597/1597/1597 1596/1596/1596 1605/1605/1605
f 1597/1597/1597 1605/1605/1605 1610/1610/1610
f 1610/1610/1610 1605/1605/1605 1609/1609/1609
f 1610/1610/1610 1609/1609/1609 1612/1612/1612
f 1611/1611/1611 1610/1610/1610 1612/1612/1612
f 1611/1611/1611 1612/1612/1612 1613/1613/1613
f 1614/1614/1614 1615/1615/1615 1616/1616/1616
f 1614/1614/1614 1616/1616/1616 1617/1617/1617
f 1618/1618/1618 1614/1614/1614 1617/1617/1617
f 1618/1618/1618 1617/1617/1617 1619/1619/1619
f 1620/1620/1620 1621/1621/1621 1622/1622/1622
f 1620/1620/1620 1622/1622/1622 1623/1623/1623
f 1615/1615/1615 1620/1620/1620 1623/1623/1623
f 1615/1615/1615 1623/1623/1623 1616/1616/1616
f 1623/1623/1623 1622/1622/1622 1613/1613/1613
f 1623/1623/1623 1613/1613/1613 1612/1612/1612
f 1616/1616/1616 1623/1623/1623 1612/1612/1612
f 1616/1616/1616 1612/1612/1612 1609/1609/1609
f 1617/1617/1617 1616/1616/1616 1609/1609/1609
f 1617/1617/1617 1609/1609/1609 1608/1608/1608
f 1619/1619/1619 1617/1617/1617 1608/1608/1608
f 1619/1619/1619 1608/1608/1608 1607/1607/1607
f 1125/1125/1125 1123/1123/1123 1624/1624/1624
f 1125/1125/1125 1624/1624/1624 1625/1625/1625
f 1625/1625/1625 1624/1624/1624 1626/1626/1626
f 1625/1625/1625 1626/1626/1626 1627/1627/1627
f 1123/1123/1123 1051/1051/1051 1628/1628/1628
f 1123/1123/1123 1628/1628/1628 1624/1624/1624
f 1624/1624/1624 1628/1628/1628 1629/1629/1629
f 1624/1624/1624 1629/1629/1629 1626/1626/1626
f 1626/1626/1626 1629/1629/1629 1630/1630/1630
f 1626/1626/1626 1630/1630/1630 1631/1631/1631
f 1631/1631/1631 1630/1630/1630 1632/1632/1632
f 1631/1631/1631 1632/1632/1632 1633/1633/1633
f 1627/1627/1627 1626/1626/1626 1631/1631/1631
f 1627/1627/1627 1631/1631/1631 1634/1634/1634
f 1634/1634/1634 1631/1631/1631 1633/1633/1633
f 1634/1634/1634 1633/1633/1633 1635/1635/1635
f 1636/1636/1636 1637/1637/1637 1638/1638/1638
f 1636/1636/1636 1638/1638/1638 1639/1639/1639
f 1045/1045/1045 1636/1636/1636 1639/1639/1639
f 1045/1045/1045 1639/1639/1639 1046/1046/1046
f 1640/1640/1640 1641/1641/1641 1642/1642/1642
f 1640/1640/1640 1642/1642/1642 1643/1643/1643
f 1637/1637/1637 1640/1640/1640 1643/1643/1643
f 1637/1637/1637 1643/1643/1643 1638/1638/1638
f 1638/1638/1638 1643/1643/1643 1644/1644/1644
f 1638/1638/1638 1644/1644/1644 1645/1645/1645
f 1643/1643/1643 1642/1642/1642 1646/1646/1646
f 1643/1643/1643 1646/1646/1646 1644/1644/1644
f 1644/1644/1644 1646/1646/1646 1632/1632/1632
f 1644/1644/1644 1632/1632/1632 1630/1630/1630
f 1645/1645/1645 1644/1644/1644 1630/1630/1630
f 1645/1645/1645 1630/1630/1630 1629/1629/1629
f 1046/1046/1046 1639/1639/1639 1647/1647/1647
f 1046/1046/1046 1647/1647/1647 1050/1050/1050
f 1639/1639/1639 1638/1638/1638 1645/1645/1645
f 1639/1639/1639 1645/1645/1645 1647/1647/1647
f 1647/1647/1647 1645/1645/1645 1629/1629/1629
f 1647/1647/1647 1629/1629/1629 1628/1628/1628
f 1050/1050/1050 1647/1647/1647 1628/1628/1628
f 1050/1050/1050 1628/1628/1628 1051/1051/1051
f 1107/1107/1107 1648/1648/1648 1649/1649/1649
f 1107/1107/1107 1649/1649/1649 1108/1108/1108
f 1648/1648/1648 1650/1650/1650 1651/1651/1651
f 1648/1648/1648 1651/1651/1651 1649/1649/1649
f 1649/1649/1649 1651/1651/1651 1652/1652/1652
f 1649/1649/1649 1652/1652/1652 1653/1653/1653
f 1108/1108/1108 1649/1649/1649 1653/1653/1653
f 1108/1108/1108 1653/1653/1653 1109/1109/1109
f 1650/1650/1650 1654/1654/1654 1655/1655/1655
f 1650/1650/1650 1655/1655/1655 1651/1651/1651
f 1654/1654/1654 1656/1656/1656 1657/1657/1657
f 1654/1654/1654 1657/1657/1657 1655/1655/1655
f 1655/1655/1655 1657/1657/1657 1658/1658/1658
f 1655/1655/1655 1658/1658/1658 1659/1659/1659
f 1651/1651/1651 1655/1655/1655 1659/1659/1659
f 1651/1651/1651 1659/1659/1659 1652/1652/1652
f 1652/1652/1652 1659/1659/1659 1660/1660/1660
f 1652/1652/1652 1660/1660/1660 1661/1661/1661
f 1659/1659/1659 1658/1658/1658 1662/1662/1662
f 1659/1659/1659 1662/1662/1662 1660/1660/1660
f 1660/1660/1660 1662/1662/1662 1663/1663/1663
f 1660/1660/1660 1663/1663/1663 1664/1664/1664
f 1661/1661/1661 1660/1660/1660 1664/1664/1664
f 1661/1661/1661 1664/1664/1664 1665/1665/1665
f 1109/1109/1109 1653/1653/1653 1666/1666/1666
f 1109/1109/1109 1666/1666/1666 1112/1112/1112
f 1653/1653/1653 1652/1652/1652 1661/1661/1661
f 1653/1653/1653 1661/1661/1661 1666/1666/1666
f 1666/1666/1666 1661/1661/1661 1665/1665/1665
f 1666/1666/1666 1665/1665/1665 1667/1667/1667
f 1112/1112/1112 1666/1666/1666 1667/1667/1667
f 1112/1112/1112 1667/1667/1667 1113/1113/1113
f 1562/1562/1562 1668/1668/1668 1669/1669/1669
f 1562/1562/1562 1669/1669/1669 1563/1563/1563
f 1668/1668/1668 1670/1670/1670 1671/1671/1671
f 1668/1668/1668 1671/1671/1671 1669/1669/1669
f 1669/1669/1669 1671/1671/1671 1672/1672/1672
f 1669/1669/1669 1672/1672/1672 1673/1673/1673
f 1563/1563/1563 1669/1669/1669 1673/1673/1673
f 1563/1563/1563 1673/1673/1673 1564/1564/1564
f 1670/1670/1670 1674/1674/1674 1675/1675/1675
f 1670/1670/1670 1675/1675/1675 1671/1671/1671
f 1674/1674/1674 1676/1676/1676 1677/1677/1677
f 1674/1674/1674 1677/1677/1677 1675/1675/1675
f 1675/1675/1675 1677/1677/1677 1678/1678/1678
f 1675/1675/1675 1678/1678/1678 1679/1679/1679
f 1671/1671/1671 1675/1675/1675 1679/1679/1679
f 1671/1671/1671 1679/1679/1679 1672/1672/1672
f 1680/1680/1680 1681/1681/1681 1682/1682/1682
f 1680/1680/1680 1682/1682/1682 1683/1683/1683
f 1681/1681/1681 1684/1684/1684 1685/1685/1685
f 1681/1681/1681 1685/1685/1685 1682/1682/1682
f 1682/1682/1682 1685/1685/1685 1656/1656/1656
f 1682/1682/1682 1656/1656/1656 1654/1654/1654
f 1683/1683/1683 1682/1682/1682 1654/1654/1654
f 1683/1683/1683 1654/1654/1654 1650/1650/1650
f 1567/1567/1567 1686/1686/1686 1687/1687/1687
f 1567/1567/1567 1687/1687/1687 1568/1568/1568
f 1686/1686/1686 1680/1680/1680 1683/1683/1683
f 1686/1686/1686 1683/1683/1683 1687/1687/1687
f 1687/1687/1687 1683/1683/1683 1650/1650/1650
f 1687/1687/1687 1650/1650/1650 1648/1648/1648
f 1568/1568/1568 1687/1687/1687 1648/1648/1648
f 1568/1568/1568 1648/1648/1648 1107/1107/1107
f 1688/1688/1688 1689/1689/1689 1690/1690/1690
f 1688/1688/1688 1690/1690/1690 1691/1691/1691
f 1184/1184/1184 1688/1688/1688 1691/1691/1691
f 1184/1184/1184 1691/1691/1691 1254/1254/1254
f 1692/1692/1692 1693/1693/1693 1694/1694/1694
f 1692/1692/1692 1694/1694/1694 1695/1695/1695
f 1689/1689/1689 1692/1692/1692 1695/1695/1695
f 1689/1689/1689 1695/1695/1695 1690/1690/1690
f 1693/1693/1693 1692/1692/1692 1696/1696/1696
f 1693/1693/1693 1696/1696/1696 1697/1697/1697
f 1692/1692/1692 1689/1689/1689 1698/1698/1698
f 1692/1692/1692 1698/1698/1698 1696/1696/1696
f 1696/1696/1696 1698/1698/1698 1699/1699/1699
f 1696/1696/1696 1699/1699/1699 1700/1700/1700
f 1697/1697/1697 1696/1696/1696 1700/1700/1700
f 1697/1697/1697 1700/1700/1700 1701/1701/1701
f 1689/1689/1689 1688/1688/1688 1702/1702/1702
f 1689/1689/1689 1702/1702/1702 1698/1698/1698
f 1688/1688/1688 1184/1184/1184 1187/1187/1187
f 1688/1688/1688 1187/1187/1187 1702/1702/1702
f 1702/1702/1702 1187/1187/1187 1192/1192/1192
f 1702/1702/1702 1192/1192/1192 1703/1703/1703
f 1698/1698/1698 1702/1702/1702 1703/1703/1703
f 1698/1698/1698 1703/1703/1703 1699/1699/1699
f 1699/1699/1699 1703/1703/1703 1704/1704/1704
f 1699/1699/1699 1704/1704/1704 1705/1705/1705
f 1703/1703/1703 1192/1192/1192 1209/1209/1209
f 1703/1703/1703 1209/1209/1209 1704/1704/1704
f 1704/1704/1704 1209/1209/1209 1213/1213/1213
f 1704/1704/1704 1213/1213/1213 1706/1706/1706
f 1705/1705/1705 1704/1704/1704 1706/1706/1706
f 1705/1705/1705 1706/1706/1706 1707/1707/1707
f 1701/1701/1701 1700/1700/1700 1708/1708/1708
f 1701/1701/1701 1708/1708/1708 1709/1709/1709
f 1700/1700/1700 1699/1699/1699 1705/1705/1705
f 1700/1700/1700 1705/1705/1705 1708/1708/1708
f 1708/1708/1708 1705/1705/1705 1707/1707/1707
f 1708/1708/1708 1707/1707/1707 1710/1710/1710
f 1709/1709/1709 1708/1708/1708 1710/1710/1710
f 1709/1709/1709 1710/1710/1710 1711/1711/1711
f 1369/1369/1369 1712/1712/1712 1713/1713/1713
f 1369/1369/1369 1713/1713/1713 1460/1460/1460
f 1712/1712/1712 1714/1714/1714 1715/1715/1715
f 1712/1712/1712 1715/1715/1715 1713/1713/1713
f 1713/1713/1713 1715/1715/1715 1716/1716/1716
f 1713/1713/1713 1716/1716/1716 1717/1717/1717
f 1460/1460/1460 1713/1713/1713 1717/1717/1717
f 1460/1460/1460 1717/1717/1717 1461/1461/1461
f 1714/1714/1714 1718/1718/1718 1719/1719/1719
f 1714/1714/1714 1719/1719/1719 1715/1715/1715
f 1718/1718/1718 1720/1720/1720 1721/1721/1721
f 1718/1718/1718 1721/1721/1721 1719/1719/1719
f 1719/1719/1719 1721/1721/1721 1722/1722/1722
f 1719/1719/1719 1722/1722/1722 1723/1723/1723
f 1715/1715/1715 1719/1719/1719 1723/1723/1723
f 1715/1715/1715 1723/1723/1723 1716/1716/1716
f 1723/1723/1723 1722/1722/1722 1724/1724/1724
f 1723/1723/1723 1724/1724/1724 1725/1725/1725
f 1716/1716/1716 1723/1723/1723 1725/1725/1725
f 1716/1716/1716 1725/1725/1725 1726/1726/1726
f 1717/1717/1717 1716/1716/1716 1726/1726/1726
f 1717/1717/1717 1726/1726/1726 1727/1727/1727
f 1461/1461/1461 1717/1717/1717 1727/1727/1727
f 1461/1461/1461 1727/1727/1727 1464/1464/1464
f 1083/1083/1083 1728/1728/1728 1729/1729/1729
f 1083/1083/1083 1729/1729/1729 1359/1359/1359
f 1728/1728/1728 1730/1730/1730 1731/1731/1731
f 1728/1728/1728 1731/1731/1731 1729/1729/1729
f 1729/1729/1729 1731/1731/1731 1732/1732/1732
f 1729/1729/1729 1732/1732/1732 1733/1733/1733
f 1359/1359/1359 1729/1729/1729 1733/1733/1733
f 1359/1359/1359 1733/1733/1733 1360/1360/1360
f 1730/1730/1730 1734/1734/1734 1735/1735/1735
f 1730/1730/1730 1735/1735/1735 1731/1731/1731
f 1734/1734/1734 1736/1736/1736 1737/1737/1737
f 1734/1734/1734 1737/1737/1737 1735/1735/1735
f 1735/1735/1735 1737/1737/1737 1738/1738/1738
f 1735/1735/1735 1738/1738/1738 1739/1739/1739
f 1731/1731/1731 1735/1735/1735 1739/1739/1739
f 1731/1731/1731 1739/1739/1739 1732/1732/1732
f 1740/1740/1740 1741/1741/1741 1742/1742/1742
f 1740/1740/1740 1742/1742/1742 1743/1743/1743
f 1741/1741/1741 1744/1744/1744 1745/1745/1745
f 1741/1741/1741 1745/1745/1745 1742/1742/1742
f 1742/1742/1742 1745/1745/1745 1720/1720/1720
f 1742/1742/1742 1720/1720/1720 1718/1718/1718
f 1743/1743/1743 1742/1742/1742 1718/1718/1718
f 1743/1743/1743 1718/1718/1718 1714/1714/1714
f 1367/1367/1367 1746/1746/1746 1747/1747/1747
f 1367/1367/1367 1747/1747/1747 1368/1368/1368
f 1746/1746/1746 1740/1740/1740 1743/1743/1743
f 1746/1746/1746 1743/1743/1743 1747/1747/1747
f 1747/1747/1747 1743/1743/1743 1714/1714/1714
f 1747/1747/1747 1714/1714/1714 1712/1712/1712
f 1368/1368/1368 1747/1747/1747 1712/1712/1712
f 1368/1368/1368 1712/1712/1712 1369/1369/1369
f 1027/1027/1027 1748/1748/1748 1749/1749/1749
f 1027/1027/1027 1749/1749/1749 1078/1078/1078
f 1748/1748/1748 1750/1750/1750 1751/1751/1751
f 1748/1748/1748 1751/1751/1751 1749/1749/1749
f 1749/1749/1749 1751/1751/1751 1752/1752/1752
f 1749/1749/1749 1752/1752/1752 1753/1753/1753
f 1078/1078/1078 1749/1749/1749 1753/1753/1753
f 1078/1078/1078 1753/1753/1753 1079/1079/1079
f 1750/1750/1750 1754/1754/1754 1755/1755/1755
f 1750/1750/1750 1755/1755/1755 1751/1751/1751
f 1754/1754/1754 1756/1756/1756 1757/1757/1757
f 1754/1754/1754 1757/1757/1757 1755/1755/1755
f 1755/1755/1755 1757/1757/1757 1758/1758/1758
f 1755/1755/1755 1758/1758/1758 1759/1759/1759
f 1751/1751/1751 1755/1755/1755 1759/1759/1759
f 1751/1751/1751 1759/1759/1759 1752/1752/1752
f 1752/1752/1752 1759/1759/1759 1760/1760/1760
f 1752/1752/1752 1760/1760/1760 1761/1761/1761
f 1759/1759/1759 1758/1758/1758 1762/1762/1762
f 1759/1759/1759 1762/1762/1762 1760/1760/1760
f 1760/1760/1760 1762/1762/1762 1736/1736/1736
f 1760/1760/1760 1736/1736/1736 1734/1734/1734
f 1761/1761/1761 1760/1760/1760 1734/1734/1734
f 1761/1761/1761 1734/1734/1734 1730/1730/1730
f 1079/1079/1079 1753/1753/1753 1763/1763/1763
f 1079/1079/1079 1763/1763/1763 1082/1082/1082
f 1753/1753/1753 1752/1752/1752 1761/1761/1761
f 1753/1753/1753 1761/1761/1761 1763/1763/1763
f 1763/1763/1763 1761/1761/1761 1730/1730/1730
f 1763/1763/1763 1730/1730/1730 1728/1728/1728
f 1082/1082/1082 1763/1763/1763 1728/1728/1728
f 1082/1082/1082 1728/1728/1728 1083/1083/1083
f 1020/1020/1020 1764/1764/1764 1765/1765/1765
f 1020/1020/1020 1765/1765/1765 1021/1021/1021
f 1764/1764/1764 1766/1766/1766 1767/1767/1767
f 1764/1764/1764 1767/1767/1767 1765/1765/1765
f 1765/1765/1765 1767/1767/1767 1768/1768/1768
f 1765/1765/1765 1768/1768/1768 1769/1769/1769
f 1021/1021/1021 1765/1765/1765 1769/1769/1769
f 1021/1021/1021 1769/1769/1769 1022/1022/1022
f 1766/1766/1766 1770/1770/1770 1771/1771/1771
f 1766/1766/1766 1771/1771/1771 1767/1767/1767
f 1770/1770/1770 1772/1772/1772 1773/1773/1773
f 1770/1770/1770 1773/1773/1773 1771/1771/1771
f 1771/1771/1771 1773/1773/1773 1774/1774/1774
f 1771/1771/1771 1774/1774/1774 1775/1775/1775
f 1767/1767/1767 1771/1771/1771 1775/1775/1775
f 1767/1767/1767 1775/1775/1775 1768/1768/1768
f 1768/1768/1768 1775/1775/1775 1776/1776/1776
f 1768/1768/1768 1776/1776/1776 1777/1777/1777
f 1775/1775/1775 1774/1774/1774 1778/1778/1778
f 1775/1775/1775 1778/1778/1778 1776/1776/1776
f 1776/1776/1776 1778/1778/1778 1756/1756/1756
f 1776/1776/1776 1756/1756/1756 1754/1754/1754
f 1777/1777/1777 1776/1776/1776 1754/1754/1754
f 1777/1777/1777 1754/1754/1754 1750/1750/1750
f 1022/1022/1022 1769/1769/1769 1779/1779/1779
f 1022/1022/1022 1779/1779/1779 1026/1026/1026
f 1769/1769/1769 1768/1768/1768 1777/1777/1777
f 1769/1769/1769 1777/1777/1777 1779/1779/1779
f 1779/1779/1779 1777/1777/1777 1750/1750/1750
f 1779/1779/1779 1750/1750/1750 1748/1748/1748
f 1026/1026/1026 1779/1779/1779 1748/1748/1748
f 1026/1026/1026 1748/1748/1748 1027/1027/1027
f 1780/1780/1780 1781/1781/1781 1782/1782/1782
f 1780/1780/1780 1782/1782/1782 1783/1783/1783
f 1140/1140/1140 1780/1780/1780 1783/1783/1783
f 1140/1140/1140 1783/1783/1783 1141/1141/1141
f 1784/1784/1784 1785/1785/1785 1786/1786/1786
f 1784/1784/1784 1786/1786/1786 1787/1787/1787
f 1781/1781/1781 1784/1784/1784 1787/1787/1787
f 1781/1781/1781 1787/1787/1787 1782/1782/1782
f 1787/1787/1787 1786/1786/1786 1788/1788/1788
f 1787/1787/1787 1788/1788/1788 1789/1789/1789
f 1782/1782/1782 1787/1787/1787 1789/1789/1789
f 1782/1782/1782 1789/1789/1789 1790/1790/1790
f 1783/1783/1783 1782/1782/1782 1790/1790/1790
f 1783/1783/1783 1790/1790/1790 1791/1791/1791
f 1141/1141/1141 1783/1783/1783 1791/1791/1791
f 1141/1141/1141 1791/1791/1791 1143/1143/1143
f 1635/1635/1635 1633/1633/1633 1792/1792/1792
f 1635/1635/1635 1792/1792/1792 1793/1793/1793
f 1793/1793/1793 1792/1792/1792 1794/1794/1794
f 1793/1793/1793 1794/1794/1794 1795/1795/1795
f 1633/1633/1633 1632/1632/1632 1796/1796/1796
f 1633/1633/1633 1796/1796/1796 1792/1792/1792
f 1792/1792/1792 1796/1796/1796 1797/1797/1797
f 1792/1792/1792 1797/1797/1797 1794/1794/1794
f 1794/1794/1794 1797/1797/1797 1798/1798/1798
f 1794/1794/1794 1798/1798/1798 1799/1799/1799
f 1800/1800/1800 1801/1801/1801 1613/1613/1613
f 1800/1800/1800 1613/1613/1613 1622/1622/1622
f 1795/1795/1795 1794/1794/1794 1799/1799/1799
f 1795/1795/1795 1799/1799/1799 1802/1802/1802
f 1803/1803/1803 1800/1800/1800 1622/1622/1622
f 1803/1803/1803 1622/1622/1622 1621/1621/1621
f 1804/1804/1804 1805/1805/1805 1806/1806/1806
f 1804/1804/1804 1806/1806/1806 1807/1807/1807
f 1641/1641/1641 1804/1804/1804 1807/1807/1807
f 1641/1641/1641 1807/1807/1807 1642/1642/1642
f 1808/1808/1808 1598/1598/1598 1599/1599/1599
f 1808/1808/1808 1599/1599/1599 1809/1809/1809
f 1805/1805/1805 1810/1810/1810 1811/1811/1811
f 1805/1805/1805 1811/1811/1811 1806/1806/1806
f 1806/1806/1806 1811/1811/1811 1812/1812/1812
f 1806/1806/1806 1812/1812/1812 1813/1813/1813
f 1809/1809/1809 1599/1599/1599 1611/1611/1611
f 1809/1809/1809 1611/1611/1611 1814/1814/1814
f 1814/1814/1814 1611/1611/1611 1613/1613/1613
f 1814/1814/1814 1613/1613/1613 1801/1801/1801
f 1813/1813/1813 1812/1812/1812 1798/1798/1798
f 1813/1813/1813 1798/1798/1798 1797/1797/1797
f 1642/1642/1642 1807/1807/1807 1815/1815/1815
f 1642/1642/1642 1815/1815/1815 1646/1646/1646
f 1807/1807/1807 1806/1806/1806 1813/1813/1813
f 1807/1807/1807 1813/1813/1813 1815/1815/1815
f 1815/1815/1815 1813/1813/1813 1797/1797/1797
f 1815/1815/1815 1797/1797/1797 1796/1796/1796
f 1646/1646/1646 1815/1815/1815 1796/1796/1796
f 1646/1646/1646 1796/1796/1796 1632/1632/1632
f 1656/1656/1656 1816/1816/1816 1817/1817/1817
f 1656/1656/1656 1817/1817/1817 1657/1657/1657
f 1816/1816/1816 1818/1818/1818 1819/1819/1819
f 1816/1816/1816 1819/1819/1819 1817/1817/1817
f 1817/1817/1817 1819/1819/1819 1820/1820/1820
f 1817/1817/1817 1820/1820/1820 1821/1821/1821
f 1657/1657/1657 1817/1817/1817 1821/1821/1821
f 1657/1657/1657 1821/1821/1821 1658/1658/1658
f 1818/1818/1818 1822/1822/1822 1823/1823/1823
f 1818/1818/1818 1823/1823/1823 1819/1819/1819
f 1824/1824/1824 1587/1587/1587 1586/1586/1586
f 1824/1824/1824 1586/1586/1586 1825/1825/1825
f 1825/1825/1825 1586/1586/1586 1582/1582/1582
f 1825/1825/1825 1582/1582/1582 1826/1826/1826
f 1819/1819/1819 1823/1823/1823 1827/1827/1827
f 1819/1819/1819 1827/1827/1827 1820/1820/1820
f 1820/1820/1820 1827/1827/1827 1828/1828/1828
f 1820/1820/1820 1828/1828/1828 1829/1829/1829
f 1826/1826/1826 1582/1582/1582 1581/1581/1581
f 1826/1826/1826 1581/1581/1581 1830/1830/1830
f 1830/1830/1830 1581/1581/1581 1580/1580/1580
f 1830/1830/1830 1580/1580/1580 1831/1831/1831
f 1829/1829/1829 1828/1828/1828 1832/1832/1832
f 1829/1829/1829 1832/1832/1832 1833/1833/1833
f 1658/1658/1658 1821/1821/1821 1834/1834/1834
f 1658/1658/1658 1834/1834/1834 1662/1662/1662
f 1821/1821/1821 1820/1820/1820 1829/1829/1829
f 1821/1821/1821 1829/1829/1829 1834/1834/1834
f 1834/1834/1834 1829/1829/1829 1833/1833/1833
f 1834/1834/1834 1833/1833/1833 1835/1835/1835
f 1662/1662/1662 1834/1834/1834 1835/1835/1835
f 1662/1662/1662 1835/1835/1835 1663/1663/1663
f 1676/1676/1676 1836/1836/1836 1837/1837/1837
f 1676/1676/1676 1837/1837/1837 1677/1677/1677
f 1836/1836/1836 1838/1838/1838 1839/1839/1839
f 1836/1836/1836 1839/1839/1839 1837/1837/1837
f 1837/1837/1837 1839/1839/1839 1840/1840/1840
f 1837/1837/1837 1840/1840/1840 1841/1841/1841
f 1677/1677/1677 1837/1837/1837 1841/1841/1841
f 1677/1677/1677 1841/1841/1841 1678/1678/1678
f 1842/1842/1842 1843/1843/1843 1844/1844/1844
f 1842/1842/1842 1844/1844/1844 1845/1845/1845
f 1843/1843/1843 1593/1593/1593 1592/1592/1592
f 1843/1843/1843 1592/1592/1592 1844/1844/1844
f 1844/1844/1844 1592/1592/1592 1589/1589/1589
f 1844/1844/1844 1589/1589/1589 1846/1846/1846
f 1845/1845/1845 1844/1844/1844 1846/1846/1846
f 1845/1845/1845 1846/1846/1846 1847/1847/1847
f 1848/1848/1848 1849/1849/1849 1850/1850/1850
f 1848/1848/1848 1850/1850/1850 1851/1851/1851
f 1846/1846/1846 1589/1589/1589 1588/1588/1588
f 1846/1846/1846 1588/1588/1588 1852/1852/1852
f 1852/1852/1852 1588/1588/1588 1587/1587/1587
f 1852/1852/1852 1587/1587/1587 1824/1824/1824
f 1851/1851/1851 1850/1850/1850 1822/1822/1822
f 1851/1851/1851 1822/1822/1822 1818/1818/1818
f 1684/1684/1684 1853/1853/1853 1854/1854/1854
f 1684/1684/1684 1854/1854/1854 1685/1685/1685
f 1853/1853/1853 1848/1848/1848 1851/1851/1851
f 1853/1853/1853 1851/1851/1851 1854/1854/1854
f 1854/1854/1854 1851/1851/1851 1818/1818/1818
f 1854/1854/1854 1818/1818/1818 1816/1816/1816
f 1685/1685/1685 1854/1854/1854 1816/1816/1816
f 1685/1685/1685 1816/1816/1816 1656/1656/1656
f 1855/1855/1855 1856/1856/1856 1857/1857/1857
f 1855/1855/1855 1857/1857/1857 1858/1858/1858
f 1693/1693/1693 1855/1855/1855 1858/1858/1858
f 1693/1693/1693 1858/1858/1858 1694/1694/1694
f 1859/1859/1859 1170/1170/1170 1271/1271/1271
f 1859/1859/1859 1271/1271/1271 1860/1860/1860
f 1861/1861/1861 1859/1859/1859 1860/1860/1860
f 1861/1861/1861 1860/1860/1860 1862/1862/1862
f 1170/1170/1170 1859/1859/1859 1863/1863/1863
f 1170/1170/1170 1863/1863/1863 1171/1171/1171
f 1859/1859/1859 1861/1861/1861 1864/1864/1864
f 1859/1859/1859 1864/1864/1864 1863/1863/1863
f 1863/1863/1863 1864/1864/1864 1865/1865/1865
f 1863/1863/1863 1865/1865/1865 1866/1866/1866
f 1171/1171/1171 1863/1863/1863 1866/1866/1866
f 1171/1171/1171 1866/1866/1866 1172/1172/1172
f 1856/1856/1856 1855/1855/1855 1867/1867/1867
f 1856/1856/1856 1867/1867/1867 1868/1868/1868
f 1855/1855/1855 1693/1693/1693 1697/1697/1697
f 1855/1855/1855 1697/1697/1697 1867/1867/1867
f 1867/1867/1867 1697/1697/1697 1701/1701/1701
f 1867/1867/1867 1701/1701/1701 1869/1869/1869
f 1868/1868/1868 1867/1867/1867 1869/1869/1869
f 1868/1868/1868 1869/1869/1869 1870/1870/1870
f 1870/1870/1870 1869/1869/1869 1871/1871/1871
f 1870/1870/1870 1871/1871/1871 1872/1872/1872
f 1869/1869/1869 1701/1701/1701 1709/1709/1709
f 1869/1869/1869 1709/1709/1709 1871/1871/1871
f 1871/1871/1871 1709/1709/1709 1711/1711/1711
f 1871/1871/1871 1711/1711/1711 1873/1873/1873
f 1872/1872/1872 1871/1871/1871 1873/1873/1873
f 1872/1872/1872 1873/1873/1873 1874/1874/1874
f 1172/1172/1172 1866/1866/1866 1875/1875/1875
f 1172/1172/1172 1875/1875/1875 1176/1176/1176
f 1866/1866/1866 1865/1865/1865 1876/1876/1876
f 1866/1866/1866 1876/1876/1876 1875/1875/1875
f 1875/1875/1875 1876/1876/1876 1877/1877/1877
f 1875/1875/1875 1877/1877/1877 1878/1878/1878
f 1176/1176/1176 1875/1875/1875 1878/1878/1878
f 1176/1176/1176 1878/1878/1878 1177/1177/1177
f 1720/1720/1720 1879/1879/1879 1880/1880/1880
f 1720/1720/1720 1880/1880/1880 1721/1721/1721
f 1879/1879/1879 1881/1881/1881 1882/1882/1882
f 1879/1879/1879 1882/1882/1882 1880/1880/1880
f 1880/1880/1880 1882/1882/1882 1883/1883/1883
f 1880/1880/1880 1883/1883/1883 1884/1884/1884
f 1721/1721/1721 1880/1880/1880 1884/1884/1884
f 1721/1721/1721 1884/1884/1884 1722/1722/1722
f 1885/1885/1885 1886/1886/1886 1887/1887/1887
f 1885/1885/1885 1887/1887/1887 1888/1888/1888
f 1886/1886/1886 1341/1341/1341 1479/1479/1479
f 1886/1886/1886 1479/1479/1479 1887/1887/1887
f 1887/1887/1887 1479/1479/1479 1477/1477/1477
f 1887/1887/1887 1477/1477/1477 1889/1889/1889
f 1888/1888/1888 1887/1887/1887 1889/1889/1889
f 1888/1888/1888 1889/1889/1889 1890/1890/1890
f 1889/1889/1889 1477/1477/1477 1476/1476/1476
f 1889/1889/1889 1476/1476/1476 1891/1891/1891
f 1890/1890/1890 1889/1889/1889 1891/1891/1891
f 1890/1890/1890 1891/1891/1891 1892/1892/1892
f 1884/1884/1884 1883/1883/1883 1893/1893/1893
f 1884/1884/1884 1893/1893/1893 1894/1894/1894
f 1722/1722/1722 1884/1884/1884 1894/1894/1894
f 1722/1722/1722 1894/1894/1894 1724/1724/1724
f 1736/1736/1736 1895/1895/1895 1896/1896/1896
f 1736/1736/1736 1896/1896/1896 1737/1737/1737
f 1895/1895/1895 1897/1897/1897 1898/1898/1898
f 1895/1895/1895 1898/1898/1898 1896/1896/1896
f 1896/1896/1896 1898/1898/1898 1899/1899/1899
f 1896/1896/1896 1899/1899/1899 1900/1900/1900
f 1737/1737/1737 1896/1896/1896 1900/1900/1900
f 1737/1737/1737 1900/1900/1900 1738/1738/1738
f 1897/1897/1897 1901/1901/1901 1902/1902/1902
f 1897/1897/1897 1902/1902/1902 1898/1898/1898
f 1903/1903/1903 1322/1322/1322 1325/1325/1325
f 1903/1903/1903 1325/1325/1325 1904/1904/1904
f 1904/1904/1904 1325/1325/1325 1330/1330/1330
f 1904/1904/1904 1330/1330/1330 1905/1905/1905
f 1898/1898/1898 1902/1902/1902 1906/1906/1906
f 1898/1898/1898 1906/1906/1906 1899/1899/1899
f 1907/1907/1907 1905/1905/1905 1908/1908/1908
f 1907/1907/1907 1908/1908/1908 1909/1909/1909
f 1905/1905/1905 1330/1330/1330 1339/1339/1339
f 1905/1905/1905 1339/1339/1339 1908/1908/1908
f 1908/1908/1908 1339/1339/1339 1341/1341/1341
f 1908/1908/1908 1341/1341/1341 1886/1886/1886
f 1909/1909/1909 1908/1908/1908 1886/1886/1886
f 1909/1909/1909 1886/1886/1886 1885/1885/1885
f 1744/1744/1744 1910/1910/1910 1911/1911/1911
f 1744/1744/1744 1911/1911/1911 1745/1745/1745
f 1910/1910/1910 1912/1912/1912 1913/1913/1913
f 1910/1910/1910 1913/1913/1913 1911/1911/1911
f 1911/1911/1911 1913/1913/1913 1881/1881/1881
f 1911/1911/1911 1881/1881/1881 1879/1879/1879
f 1745/1745/1745 1911/1911/1911 1879/1879/1879
f 1745/1745/1745 1879/1879/1879 1720/1720/1720
f 1756/1756/1756 1914/1914/1914 1915/1915/1915
f 1756/1756/1756 1915/1915/1915 1757/1757/1757
f 1914/1914/1914 1916/1916/1916 1917/1917/1917
f 1914/1914/1914 1917/1917/1917 1915/1915/1915
f 1915/1915/1915 1917/1917/1917 1918/1918/1918
f 1915/1915/1915 1918/1918/1918 1919/1919/1919
f 1757/1757/1757 1915/1915/1915 1919/1919/1919
f 1757/1757/1757 1919/1919/1919 1758/1758/1758
f 1916/1916/1916 1920/1920/1920 1921/1921/1921
f 1916/1916/1916 1921/1921/1921 1917/1917/1917
f 1922/1922/1922 1308/1308/1308 1331/1331/1331
f 1922/1922/1922 1331/1331/1331 1923/1923/1923
f 1923/1923/1923 1331/1331/1331 1326/1326/1326
f 1923/1923/1923 1326/1326/1326 1924/1924/1924
f 1917/1917/1917 1921/1921/1921 1925/1925/1925
f 1917/1917/1917 1925/1925/1925 1918/1918/1918
f 1918/1918/1918 1925/1925/1925 1926/1926/1926
f 1918/1918/1918 1926/1926/1926 1927/1927/1927
f 1924/1924/1924 1326/1326/1326 1323/1323/1323
f 1924/1924/1924 1323/1323/1323 1928/1928/1928
f 1928/1928/1928 1323/1323/1323 1322/1322/1322
f 1928/1928/1928 1322/1322/1322 1903/1903/1903
f 1927/1927/1927 1926/1926/1926 1901/1901/1901
f 1927/1927/1927 1901/1901/1901 1897/1897/1897
f 1758/1758/1758 1919/1919/1919 1929/1929/1929
f 1758/1758/1758 1929/1929/1929 1762/1762/1762
f 1919/1919/1919 1918/1918/1918 1927/1927/1927
f 1919/1919/1919 1927/1927/1927 1929/1929/1929
f 1929/1929/1929 1927/1927/1927 1897/1897/1897
f 1929/1929/1929 1897/1897/1897 1895/1895/1895
f 1762/1762/1762 1929/1929/1929 1895/1895/1895
f 1762/1762/1762 1895/1895/1895 1736/1736/1736
f 1772/1772/1772 1930/1930/1930 1931/1931/1931
f 1772/1772/1772 1931/1931/1931 1773/1773/1773
f 1930/1930/1930 1932/1932/1932 1933/1933/1933
f 1930/1930/1930 1933/1933/1933 1931/1931/1931
f 1931/1931/1931 1933/1933/1933 1934/1934/1934
f 1931/1931/1931 1934/1934/1934 1935/1935/1935
f 1773/1773/1773 1931/1931/1931 1935/1935/1935
f 1773/1773/1773 1935/1935/1935 1774/1774/1774
f 1932/1932/1932 1936/1936/1936 1937/1937/1937
f 1932/1932/1932 1937/1937/1937 1933/1933/1933
f 1938/1938/1938 1315/1315/1315 1314/1314/1314
f 1938/1938/1938 1314/1314/1314 1939/1939/1939
f 1939/1939/1939 1314/1314/1314 1310/1310/1310
f 1939/1939/1939 1310/1310/1310 1940/1940/1940
f 1933/1933/1933 1937/1937/1937 1941/1941/1941
f 1933/1933/1933 1941/1941/1941 1934/1934/1934
f 1934/1934/1934 1941/1941/1941 1942/1942/1942
f 1934/1934/1934 1942/1942/1942 1943/1943/1943
f 1940/1940/1940 1310/1310/1310 1309/1309/1309
f 1940/1940/1940 1309/1309/1309 1944/1944/1944
f 1944/1944/1944 1309/1309/1309 1308/1308/1308
f 1944/1944/1944 1308/1308/1308 1922/1922/1922
f 1943/1943/1943 1942/1942/1942 1920/1920/1920
f 1943/1943/1943 1920/1920/1920 1916/1916/1916
f 1774/1774/1774 1935/1935/1935 1945/1945/1945
f 1774/1774/1774 1945/1945/1945 1778/1778/1778
f 1935/1935/1935 1934/1934/1934 1943/1943/1943
f 1935/1935/1935 1943/1943/1943 1945/1945/1945
f 1945/1945/1945 1943/1943/1943 1916/1916/1916
f 1945/1945/1945 1916/1916/1916 1914/1914/1914
f 1778/1778/1778 1945/1945/1945 1914/1914/1914
f 1778/1778/1778 1914/1914/1914 1756/1756/1756
f 1946/1946/1946 1947/1947/1947 1948/1948/1948
f 1946/1946/1946 1948/1948/1948 1949/1949/1949
f 1785/1785/1785 1946/1946/1946 1949/1949/1949
f 1785/1785/1785 1949/1949/1949 1786/1786/1786
f 1950/1950/1950 1288/1288/1288 1283/1283/1283
f 1950/1950/1950 1283/1283/1283 1951/1951/1951
f 1947/1947/1947 1952/1952/1952 1953/1953/1953
f 1947/1947/1947 1953/1953/1953 1948/1948/1948
f 1951/1951/1951 1283/1283/1283 1282/1282/1282
f 1951/1951/1951 1282/1282/1282 1954/1954/1954
f 1948/1948/1948 1953/1953/1953 1955/1955/1955
f 1948/1948/1948 1955/1955/1955 1956/1956/1956
f 1949/1949/1949 1948/1948/1948 1956/1956/1956
f 1949/1949/1949 1956/1956/1956 1957/1957/1957
f 1786/1786/1786 1949/1949/1949 1957/1957/1957
f 1786/1786/1786 1957/1957/1957 1788/1788/1788
f 1958/1958/1958 1959/1959/1959 1263/1263/1263
f 1958/1958/1958 1263/1263/1263 1262/1262/1262
f 1960/1960/1960 1961/1961/1961 1600/1600/1600
f 1960/1960/1960 1600/1600/1600 1595/1595/1595
f 1961/1961/1961 1962/1962/1962 1601/1601/1601
f 1961/1961/1961 1601/1601/1601 1600/1600/1600
f 1963/1963/1963 1964/1964/1964 1594/1594/1594
f 1963/1963/1963 1594/1594/1594 1598/1598/1598
f 1964/1964/1964 1960/1960/1960 1595/1595/1595
f 1964/1964/1964 1595/1595/1595 1594/1594/1594
f 1965/1965/1965 1966/1966/1966 1810/1810/1810
f 1965/1965/1965 1810/1810/1810 1805/1805/1805
f 1967/1967/1967 1963/1963/1963 1598/1598/1598
f 1967/1967/1967 1598/1598/1598 1808/1808/1808
f 1968/1968/1968 1969/1969/1969 1804/1804/1804
f 1968/1968/1968 1804/1804/1804 1641/1641/1641
f 1969/1969/1969 1965/1965/1965 1805/1805/1805
f 1969/1969/1969 1805/1805/1805 1804/1804/1804
f 1970/1970/1970 1971/1971/1971 1640/1640/1640
f 1970/1970/1970 1640/1640/1640 1637/1637/1637
f 1971/1971/1971 1968/1968/1968 1641/1641/1641
f 1971/1971/1971 1641/1641/1641 1640/1640/1640
f 1972/1972/1972 1973/1973/1973 1636/1636/1636
f 1972/1972/1972 1636/1636/1636 1045/1045/1045
f 1973/1973/1973 1970/1970/1970 1637/1637/1637
f 1973/1973/1973 1637/1637/1637 1636/1636/1636
f 1974/1974/1974 1975/1975/1975 1044/1044/1044
f 1974/1974/1974 1044/1044/1044 1037/1037/1037
f 1975/1975/1975 1972/1972/1972 1045/1045/1045
f 1975/1975/1975 1045/1045/1045 1044/1044/1044
f 1976/1976/1976 1977/1977/1977 1041/1041/1041
f 1976/1976/1976 1041/1041/1041 1040/1040/1040
f 1978/1978/1978 1974/1974/1974 1037/1037/1037
f 1978/1978/1978 1037/1037/1037 1036/1036/1036
f 1979/1979/1979 1980/1980/1980 1519/1519/1519
f 1979/1979/1979 1519/1519/1519 1514/1514/1514
f 1980/1980/1980 1976/1976/1976 1040/1040/1040
f 1980/1980/1980 1040/1040/1040 1519/1519/1519
f 1981/1981/1981 1982/1982/1982 1513/1513/1513
f 1981/1981/1981 1513/1513/1513 1517/1517/1517
f 1982/1982/1982 1979/1979/1979 1514/1514/1514
f 1982/1982/1982 1514/1514/1514 1513/1513/1513
f 1983/1983/1983 1984/1984/1984 1256/1256/1256
f 1983/1983/1983 1256/1256/1256 1255/1255/1255
f 1272/1272/1272 1159/1159/1159 1985/1985/1985
f 1272/1272/1272 1985/1985/1985 1986/1986/1986
f 1986/1986/1986 1985/1985/1985 1987/1987/1987
f 1986/1986/1986 1987/1987/1987 1988/1988/1988
f 1988/1988/1988 1987/1987/1987 1959/1959/1959
f 1988/1988/1988 1959/1959/1959 1958/1958/1958
f 1580/1580/1580 1578/1578/1578 1989/1989/1989
f 1580/1580/1580 1989/1989/1989 1990/1990/1990
f 1578/1578/1578 1573/1573/1573 1991/1991/1991
f 1578/1578/1578 1991/1991/1991 1989/1989/1989
f 1989/1989/1989 1991/1991/1991 1992/1992/1992
f 1989/1989/1989 1992/1992/1992 1993/1993/1993
f 1990/1990/1990 1989/1989/1989 1993/1993/1993
f 1990/1990/1990 1993/1993/1993 1994/1994/1994
f 1573/1573/1573 1570/1570/1570 1995/1995/1995
f 1573/1573/1573 1995/1995/1995 1991/1991/1991
f 1570/1570/1570 1569/1569/1569 1996/1996/1996
f 1570/1570/1570 1996/1996/1996 1995/1995/1995
f 1995/1995/1995 1996/1996/1996 1997/1997/1997
f 1995/1995/1995 1997/1997/1997 1998/1998/1998
f 1991/1991/1991 1995/1995/1995 1998/1998/1998
f 1991/1991/1991 1998/1998/1998 1992/1992/1992
f 1992/1992/1992 1998/1998/1998 1961/1961/1961
f 1992/1992/1992 1961/1961/1961 1960/1960/1960
f 1998/1998/1998 1997/1997/1997 1962/1962/1962
f 1998/1998/1998 1962/1962/1962 1961/1961/1961
f 1994/1994/1994 1993/1993/1993 1964/1964/1964
f 1994/1994/1994 1964/1964/1964 1963/1963/1963
f 1993/1993/1993 1992/1992/1992 1960/1960/1960
f 1993/1993/1993 1960/1960/1960 1964/1964/1964
f 1663/1663/1663 1835/1835/1835 1999/1999/1999
f 1663/1663/1663 1999/1999/1999 2000/2000/2000
f 1835/1835/1835 1833/1833/1833 2001/2001/2001
f 1835/1835/1835 2001/2001/2001 1999/1999/1999
f 1999/1999/1999 2001/2001/2001 2002/2002/2002
f 1999/1999/1999 2002/2002/2002 2003/2003/2003
f 2000/2000/2000 1999/1999/1999 2003/2003/2003
f 2000/2000/2000 2003/2003/2003 2004/2004/2004
f 1833/1833/1833 1832/1832/1832 2005/2005/2005
f 1833/1833/1833 2005/2005/2005 2001/2001/2001
f 1831/1831/1831 1580/1580/1580 1990/1990/1990
f 1831/1831/1831 1990/1990/1990 2006/2006/2006
f 2006/2006/2006 1990/1990/1990 1994/1994/1994
f 2006/2006/2006 1994/1994/1994 2007/2007/2007
f 2001/2001/2001 2005/2005/2005 2008/2008/2008
f 2001/2001/2001 2008/2008/2008 2002/2002/2002
f 2002/2002/2002 2008/2008/2008 1966/1966/1966
f 2002/2002/2002 1966/1966/1966 1965/1965/1965
f 2007/2007/2007 1994/1994/1994 1963/1963/1963
f 2007/2007/2007 1963/1963/1963 1967/1967/1967
f 2004/2004/2004 2003/2003/2003 1969/1969/1969
f 2004/2004/2004 1969/1969/1969 1968/1968/1968
f 2003/2003/2003 2002/2002/2002 1965/1965/1965
f 2003/2003/2003 1965/1965/1965 1969/1969/1969
f 1113/1113/1113 1667/1667/1667 2009/2009/2009
f 1113/1113/1113 2009/2009/2009 2010/2010/2010
f 1667/1667/1667 1665/1665/1665 2011/2011/2011
f 1667/1667/1667 2011/2011/2011 2009/2009/2009
f 2009/2009/2009 2011/2011/2011 2012/2012/2012
f 2009/2009/2009 2012/2012/2012 2013/2013/2013
f 2010/2010/2010 2009/2009/2009 2013/2013/2013
f 2010/2010/2010 2013/2013/2013 2014/2014/2014
f 1665/1665/1665 1664/1664/1664 2015/2015/2015
f 1665/1665/1665 2015/2015/2015 2011/2011/2011
f 1664/1664/1664 1663/1663/1663 2000/2000/2000
f 1664/1664/1664 2000/2000/2000 2015/2015/2015
f 2015/2015/2015 2000/2000/2000 2004/2004/2004
f 2015/2015/2015 2004/2004/2004 2016/2016/2016
f 2011/2011/2011 2015/2015/2015 2016/2016/2016
f 2011/2011/2011 2016/2016/2016 2012/2012/2012
f 2012/2012/2012 2016/2016/2016 1971/1971/1971
f 2012/2012/2012 1971/1971/1971 1970/1970/1970
f 2016/2016/2016 2004/2004/2004 1968/1968/1968
f 2016/2016/2016 1968/1968/1968 1971/1971/1971
f 2014/2014/2014 2013/2013/2013 1973/1973/1973
f 2014/2014/2014 1973/1973/1973 1972/1972/1972
f 2013/2013/2013 2012/2012/2012 1970/1970/1970
f 2013/2013/2013 1970/1970/1970 1973/1973/1973
f 1084/1084/1084 1087/1087/1087 2017/2017/2017
f 1084/1084/1084 2017/2017/2017 2018/2018/2018
f 1094/1094/1094 1095/1095/1095 2019/2019/2019
f 1094/1094/1094 2019/2019/2019 2020/2020/2020
f 2020/2020/2020 2019/2019/2019 2021/2021/2021
f 2020/2020/2020 2021/2021/2021 2022/2022/2022
f 2018/2018/2018 2017/2017/2017 2023/2023/2023
f 2018/2018/2018 2023/2023/2023 2024/2024/2024
f 1095/1095/1095 1111/1111/1111 2025/2025/2025
f 1095/1095/1095 2025/2025/2025 2019/2019/2019
f 1111/1111/1111 1113/1113/1113 2010/2010/2010
f 1111/1111/1111 2010/2010/2010 2025/2025/2025
f 2025/2025/2025 2010/2010/2010 2014/2014/2014
f 2025/2025/2025 2014/2014/2014 2026/2026/2026
f 2019/2019/2019 2025/2025/2025 2026/2026/2026
f 2019/2019/2019 2026/2026/2026 2021/2021/2021
f 2021/2021/2021 2026/2026/2026 1975/1975/1975
f 2021/2021/2021 1975/1975/1975 1974/1974/1974
f 2026/2026/2026 2014/2014/2014 1972/1972/1972
f 2026/2026/2026 1972/1972/1972 1975/1975/1975
f 2024/2024/2024 2023/2023/2023 1977/1977/1977
f 2024/2024/2024 1977/1977/1977 1976/1976/1976
f 2022/2022/2022 2021/2021/2021 1974/1974/1974
f 2022/2022/2022 1974/1974/1974 1978/1978/1978
f 1538/1538/1538 1537/1537/1537 2027/2027/2027
f 1538/1538/1538 2027/2027/2027 2028/2028/2028
f 1537/1537/1537 1533/1533/1533 2029/2029/2029
f 1537/1537/1537 2029/2029/2029 2027/2027/2027
f 2027/2027/2027 2029/2029/2029 2030/2030/2030
f 2027/2027/2027 2030/2030/2030 2031/2031/2031
f 2028/2028/2028 2027/2027/2027 2031/2031/2031
f 2028/2028/2028 2031/2031/2031 2032/2032/2032
f 1533/1533/1533 1532/1532/1532 2033/2033/2033
f 1533/1533/1533 2033/2033/2033 2029/2029/2029
f 1532/1532/1532 1084/1084/1084 2018/2018/2018
f 1532/1532/1532 2018/2018/2018 2033/2033/2033
f 2033/2033/2033 2018/2018/2018 2024/2024/2024
f 2033/2033/2033 2024/2024/2024 2034/2034/2034
f 2029/2029/2029 2033/2033/2033 2034/2034/2034
f 2029/2029/2029 2034/2034/2034 2030/2030/2030
f 2030/2030/2030 2034/2034/2034 1980/1980/1980
f 2030/2030/2030 1980/1980/1980 1979/1979/1979
f 2034/2034/2034 2024/2024/2024 1976/1976/1976
f 2034/2034/2034 1976/1976/1976 1980/1980/1980
f 2032/2032/2032 2031/2031/2031 1982/1982/1982
f 2032/2032/2032 1982/1982/1982 1981/1981/1981
f 2031/2031/2031 2030/2030/2030 1979/1979/1979
f 2031/2031/2031 1979/1979/1979 1982/1982/1982
f 1222/1222/1222 1276/1276/1276 2035/2035/2035
f 1222/1222/1222 2035/2035/2035 2036/2036/2036
f 2036/2036/2036 2035/2035/2035 2037/2037/2037
f 2036/2036/2036 2037/2037/2037 2038/2038/2038
f 2038/2038/2038 2037/2037/2037 1984/1984/1984
f 2038/2038/2038 1984/1984/1984 1983/1983/1983
f 1491/1491/1491 1489/1489/1489 2039/2039/2039
f 1491/1491/1491 2039/2039/2039 2040/2040/2040
f 1488/1488/1488 1321/1321/1321 2041/2041/2041
f 1488/1488/1488 2041/2041/2041 2042/2042/2042
f 1489/1489/1489 1488/1488/1488 2042/2042/2042
f 1489/1489/1489 2042/2042/2042 2039/2039/2039
f 2039/2039/2039 2042/2042/2042 2043/2043/2043
f 2039/2039/2039 2043/2043/2043 2044/2044/2044
f 2042/2042/2042 2041/2041/2041 2045/2045/2045
f 2042/2042/2042 2045/2045/2045 2043/2043/2043
f 2043/2043/2043 2045/2045/2045 1296/1296/1296
f 2043/2043/2043 1296/1296/1296 1500/1500/1500
f 2044/2044/2044 2043/2043/2043 1500/1500/1500
f 2044/2044/2044 1500/1500/1500 1499/1499/1499
f 2040/2040/2040 2039/2039/2039 2044/2044/2044
f 2040/2040/2040 2044/2044/2044 2046/2046/2046
f 2046/2046/2046 2044/2044/2044 1499/1499/1499
f 2046/2046/2046 1499/1499/1499 1498/1498/1498
f 1315/1315/1315 2047/2047/2047 2048/2048/2048
f 1315/1315/1315 2048/2048/2048 1316/1316/1316
f 1316/1316/1316 2048/2048/2048 2049/2049/2049
f 1316/1316/1316 2049/2049/2049 1317/1317/1317
f 2047/2047/2047 2050/2050/2050 2051/2051/2051
f 2047/2047/2047 2051/2051/2051 2048/2048/2048
f 2050/2050/2050 1282/1282/1282 1285/1285/1285
f 2050/2050/2050 1285/1285/1285 2051/2051/2051
f 2051/2051/2051 1285/1285/1285 1287/1287/1287
f 2051/2051/2051 1287/1287/1287 2052/2052/2052
f 2048/2048/2048 2051/2051/2051 2052/2052/2052
f 2048/2048/2048 2052/2052/2052 2049/2049/2049
f 2049/2049/2049 2052/2052/2052 2053/2053/2053
f 2049/2049/2049 2053/2053/2053 2054/2054/2054
f 2052/2052/2052 1287/1287/1287 1295/1295/1295
f 2052/2052/2052 1295/1295/1295 2053/2053/2053
f 2053/2053/2053 1295/1295/1295 1296/1296/1296
f 2053/2053/2053 1296/1296/1296 2045/2045/2045
f 2054/2054/2054 2053/2053/2053 2045/2045/2045
f 2054/2054/2054 2045/2045/2045 2041/2041/2041
f 1317/1317/1317 2049/2049/2049 2054/2054/2054
f 1317/1317/1317 2054/2054/2054 1320/1320/1320
f 1320/1320/1320 2054/2054/2054 2041/2041/2041
f 1320/1320/1320 2041/2041/2041 1321/1321/1321
f 1788/1788/1788 1957/1957/1957 2055/2055/2055
f 1788/1788/1788 2055/2055/2055 2056/2056/2056
f 1957/1957/1957 1956/1956/1956 2057/2057/2057
f 1957/1957/1957 2057/2057/2057 2055/2055/2055
f 2055/2055/2055 2057/2057/2057 2058/2058/2058
f 2055/2055/2055 2058/2058/2058 2059/2059/2059
f 2056/2056/2056 2055/2055/2055 2059/2059/2059
f 2056/2056/2056 2059/2059/2059 2060/2060/2060
f 1956/1956/1956 1955/1955/1955 2061/2061/2061
f 1956/1956/1956 2061/2061/2061 2057/2057/2057
f 1954/1954/1954 1282/1282/1282 2050/2050/2050
f 1954/1954/1954 2050/2050/2050 2062/2062/2062
f 2062/2062/2062 2050/2050/2050 2047/2047/2047
f 2062/2062/2062 2047/2047/2047 2063/2063/2063
f 2057/2057/2057 2061/2061/2061 2064/2064/2064
f 2057/2057/2057 2064/2064/2064 2058/2058/2058
f 2058/2058/2058 2064/2064/2064 1936/1936/1936
f 2058/2058/2058 1936/1936/1936 1932/1932/1932
f 2063/2063/2063 2047/2047/2047 1315/1315/1315
f 2063/2063/2063 1315/1315/1315 1938/1938/1938
f 2060/2060/2060 2059/2059/2059 1930/1930/1930
f 2060/2060/2060 1930/1930/1930 1772/1772/1772
f 2059/2059/2059 2058/2058/2058 1932/1932/1932
f 2059/2059/2059 1932/1932/1932 1930/1930/1930
f 1143/1143/1143 1791/1791/1791 2065/2065/2065
f 1143/1143/1143 2065/2065/2065 2066/2066/2066
f 1791/1791/1791 1790/1790/1790 2067/2067/2067
f 1791/1791/1791 2067/2067/2067 2065/2065/2065
f 2065/2065/2065 2067/2067/2067 2068/2068/2068
f 2065/2065/2065 2068/2068/2068 2069/2069/2069
f 2066/2066/2066 2065/2065/2065 2069/2069/2069
f 2066/2066/2066 2069/2069/2069 2070/2070/2070
f 1790/1790/1790 1789/1789/1789 2071/2071/2071
f 1790/1790/1790 2071/2071/2071 2067/2067/2067
f 1789/1789/1789 1788/1788/1788 2056/2056/2056
f 1789/1789/1789 2056/2056/2056 2071/2071/2071
f 2071/2071/2071 2056/2056/2056 2060/2060/2060
f 2071/2071/2071 2060/2060/2060 2072/2072/2072
f 2067/2067/2067 2071/2071/2071 2072/2072/2072
f 2067/2067/2067 2072/2072/2072 2068/2068/2068
f 2068/2068/2068 2072/2072/2072 1770/1770/1770
f 2068/2068/2068 1770/1770/1770 1766/1766/1766
f 2072/2072/2072 2060/2060/2060 1772/1772/1772
f 2072/2072/2072 1772/1772/1772 1770/1770/1770
f 2070/2070/2070 2069/2069/2069 1764/1764/1764
f 2070/2070/2070 1764/1764/1764 1020/1020/1020
f 2069/2069/2069 2068/2068/2068 1766/1766/1766
f 2069/2069/2069 1766/1766/1766 1764/1764/1764
f 1126/1126/1126 1129/1129/1129 2073/2073/2073
f 1126/1126/1126 2073/2073/2073 2074/2074/2074
f 1130/1130/1130 1133/1133/1133 2075/2075/2075
f 1130/1130/1130 2075/2075/2075 2076/2076/2076
f 2076/2076/2076 2075/2075/2075 2077/2077/2077
f 2076/2076/2076 2077/2077/2077 2078/2078/2078
f 2074/2074/2074 2073/2073/2073 2079/2079/2079
f 2074/2074/2074 2079/2079/2079 2080/2080/2080
f 1133/1133/1133 1142/1142/1142 2081/2081/2081
f 1133/1133/1133 2081/2081/2081 2075/2075/2075
f 1142/1142/1142 1143/1143/1143 2066/2066/2066
f 1142/1142/1142 2066/2066/2066 2081/2081/2081
f 2081/2081/2081 2066/2066/2066 2070/2070/2070
f 2081/2081/2081 2070/2070/2070 2082/2082/2082
f 2075/2075/2075 2081/2081/2081 2082/2082/2082
f 2075/2075/2075 2082/2082/2082 2077/2077/2077
f 2077/2077/2077 2082/2082/2082 1018/1018/1018
f 2077/2077/2077 1018/1018/1018 1011/1011/1011
f 2082/2082/2082 2070/2070/2070 1020/1020/1020
f 2082/2082/2082 1020/1020/1020 1018/1018/1018
f 2080/2080/2080 2079/2079/2079 1007/1007/1007
f 2080/2080/2080 1007/1007/1007 1006/1006/1006
f 2078/2078/2078 2077/2077/2077 1011/1011/1011
f 2078/2078/2078 1011/1011/1011 1010/1010/1010
f 1397/1397/1397 2083/2083/2083 2084/2084/2084
f 1397/1397/1397 2084/2084/2084 1398/1398/1398
f 1398/1398/1398 2084/2084/2084 2085/2085/2085
f 1398/1398/1398 2085/2085/2085 1399/1399/1399
f 2083/2083/2083 2086/2086/2086 2087/2087/2087
f 2083/2083/2083 2087/2087/2087 2084/2084/2084
f 2086/2086/2086 1413/1413/1413 1412/1412/1412
f 2086/2086/2086 1412/1412/1412 2087/2087/2087
f 2087/2087/2087 1412/1412/1412 1411/1411/1411
f 2087/2087/2087 1411/1411/1411 2088/2088/2088
f 2084/2084/2084 2087/2087/2087 2088/2088/2088
f 2084/2084/2084 2088/2088/2088 2085/2085/2085
f 2085/2085/2085 2088/2088/2088 2089/2089/2089
f 2085/2085/2085 2089/2089/2089 2090/2090/2090
f 2088/2088/2088 1411/1411/1411 1410/1410/1410
f 2088/2088/2088 1410/1410/1410 2089/2089/2089
f 2089/2089/2089 1410/1410/1410 1126/1126/1126
f 2089/2089/2089 1126/1126/1126 2074/2074/2074
f 2090/2090/2090 2089/2089/2089 2074/2074/2074
f 2090/2090/2090 2074/2074/2074 2080/2080/2080
f 1399/1399/1399 2085/2085/2085 2090/2090/2090
f 1399/1399/1399 2090/2090/2090 1401/1401/1401
f 1401/1401/1401 2090/2090/2090 2080/2080/2080
f 1401/1401/1401 2080/2080/2080 1006/1006/1006
f 1434/1434/1434 2091/2091/2091 2092/2092/2092
f 1434/1434/1434 2092/2092/2092 1435/1435/1435
f 2091/2091/2091 2093/2093/2093 2094/2094/2094
f 2091/2091/2091 2094/2094/2094 2092/2092/2092
f 2093/2093/2093 1414/1414/1414 1417/1417/1417
f 2093/2093/2093 1417/1417/1417 2094/2094/2094
f 2092/2092/2092 2094/2094/2094 2095/2095/2095
f 2092/2092/2092 2095/2095/2095 2096/2096/2096
f 2094/2094/2094 1417/1417/1417 1422/1422/1422
f 2094/2094/2094 1422/1422/1422 2095/2095/2095
f 2095/2095/2095 1422/1422/1422 1413/1413/1413
f 2095/2095/2095 1413/1413/1413 2086/2086/2086
f 2096/2096/2096 2095/2095/2095 2086/2086/2086
f 2096/2096/2096 2086/2086/2086 2083/2083/2083
f 1435/1435/1435 2092/2092/2092 2096/2096/2096
f 1435/1435/1435 2096/2096/2096 1437/1437/1437
f 1437/1437/1437 2096/2096/2096 2083/2083/2083
f 1437/1437/1437 2083/2083/2083 1397/1397/1397
f 1114/1114/1114 1117/1117/1117 2097/2097/2097
f 1114/1114/1114 2097/2097/2097 2098/2098/2098
f 1118/1118/1118 1121/1121/1121 2099/2099/2099
f 1118/1118/1118 2099/2099/2099 2100/2100/2100
f 2101/2101/2101 2102/2102/2102 2103/2103/2103
f 2101/2101/2101 2103/2103/2103 2104/2104/2104
f 2105/2105/2105 2101/2101/2101 2104/2104/2104
f 2105/2105/2105 2104/2104/2104 2106/2106/2106
f 1121/1121/1121 1124/1124/1124 2107/2107/2107
f 1121/1121/1121 2107/2107/2107 2099/2099/2099
f 1124/1124/1124 1125/1125/1125 2108/2108/2108
f 1124/1124/1124 2108/2108/2108 2107/2107/2107
f 2109/2109/2109 2110/2110/2110 2111/2111/2111
f 2109/2109/2109 2111/2111/2111 2112/2112/2112
f 2102/2102/2102 2109/2109/2109 2112/2112/2112
f 2102/2102/2102 2112/2112/2112 2103/2103/2103
f 2103/2103/2103 2112/2112/2112 2113/2113/2113
f 2103/2103/2103 2113/2113/2113 2114/2114/2114
f 2112/2112/2112 2111/2111/2111 2115/2115/2115
f 2112/2112/2112 2115/2115/2115 2113/2113/2113
f 2106/2106/2106 2104/2104/2104 2116/2116/2116
f 2106/2106/2106 2116/2116/2116 2117/2117/2117
f 2104/2104/2104 2103/2103/2103 2114/2114/2114
f 2104/2104/2104 2114/2114/2114 2116/2116/2116
f 1140/1140/1140 1138/1138/1138 2118/2118/2118
f 1140/1140/1140 2118/2118/2118 2119/2119/2119
f 1138/1138/1138 1137/1137/1137 2120/2120/2120
f 1138/1138/1138 2120/2120/2120 2118/2118/2118
f 2121/2121/2121 2122/2122/2122 2123/2123/2123
f 2121/2121/2121 2123/2123/2123 2124/2124/2124
f 2125/2125/2125 2121/2121/2121 2124/2124/2124
f 2125/2125/2125 2124/2124/2124 2126/2126/2126
f 1137/1137/1137 1136/1136/1136 2127/2127/2127
f 1137/1137/1137 2127/2127/2127 2120/2120/2120
f 1135/1135/1135 1134/1134/1134 2128/2128/2128
f 1135/1135/1135 2128/2128/2128 2129/2129/2129
f 2130/2130/2130 2131/2131/2131 2132/2132/2132
f 2130/2130/2130 2132/2132/2132 2133/2133/2133
f 2122/2122/2122 2130/2130/2130 2133/2133/2133
f 2122/2122/2122 2133/2133/2133 2123/2123/2123
f 2123/2123/2123 2133/2133/2133 2134/2134/2134
f 2123/2123/2123 2134/2134/2134 2135/2135/2135
f 2133/2133/2133 2132/2132/2132 2136/2136/2136
f 2133/2133/2133 2136/2136/2136 2134/2134/2134
f 2126/2126/2126 2124/2124/2124 2137/2137/2137
f 2126/2126/2126 2137/2137/2137 2138/2138/2138
f 2124/2124/2124 2123/2123/2123 2135/2135/2135
f 2124/2124/2124 2135/2135/2135 2137/2137/2137
f 1144/1144/1144 1147/1147/1147 2139/2139/2139
f 1144/1144/1144 2139/2139/2139 2140/2140/2140
f 1147/1147/1147 1149/1149/1149 2141/2141/2141
f 1147/1147/1147 2141/2141/2141 2139/2139/2139
f 2142/2142/2142 2143/2143/2143 2144/2144/2144
f 2142/2142/2142 2144/2144/2144 2145/2145/2145
f 2146/2146/2146 2142/2142/2142 2145/2145/2145
f 2146/2146/2146 2145/2145/2145 2147/2147/2147
f 1149/1149/1149 1157/1157/1157 2148/2148/2148
f 1149/1149/1149 2148/2148/2148 2141/2141/2141
f 1157/1157/1157 1158/1158/1158 2149/2149/2149
f 1157/1157/1157 2149/2149/2149 2148/2148/2148
f 2150/2150/2150 2151/2151/2151 2152/2152/2152
f 2150/2150/2150 2152/2152/2152 2153/2153/2153
f 2143/2143/2143 2150/2150/2150 2153/2153/2153
f 2143/2143/2143 2153/2153/2153 2144/2144/2144
f 2144/2144/2144 2153/2153/2153 2154/2154/2154
f 2144/2144/2144 2154/2154/2154 2155/2155/2155
f 2153/2153/2153 2152/2152/2152 2156/2156/2156
f 2153/2153/2153 2156/2156/2156 2154/2154/2154
f 2147/2147/2147 2145/2145/2145 2157/2157/2157
f 2147/2147/2147 2157/2157/2157 2158/2158/2158
f 2145/2145/2145 2144/2144/2144 2155/2155/2155
f 2145/2145/2145 2155/2155/2155 2157/2157/2157
f 1155/1155/1155 1153/1153/1153 2159/2159/2159
f 1155/1155/1155 2159/2159/2159 2160/2160/2160
f 1153/1153/1153 1152/1152/1152 2161/2161/2161
f 1153/1153/1153 2161/2161/2161 2159/2159/2159
f 2159/2159/2159 2161/2161/2161 2162/2162/2162
f 2159/2159/2159 2162/2162/2162 2163/2163/2163
f 2160/2160/2160 2159/2159/2159 2163/2163/2163
f 2160/2160/2160 2163/2163/2163 2164/2164/2164
f 1152/1152/1152 1151/1151/1151 2165/2165/2165
f 1152/1152/1152 2165/2165/2165 2161/2161/2161
f 1151/1151/1151 1150/1150/1150 2166/2166/2166
f 1151/1151/1151 2166/2166/2166 2165/2165/2165
f 2165/2165/2165 2166/2166/2166 2167/2167/2167
f 2165/2165/2165 2167/2167/2167 2168/2168/2168
f 2161/2161/2161 2165/2165/2165 2168/2168/2168
f 2161/2161/2161 2168/2168/2168 2162/2162/2162
f 2169/2169/2169 2170/2170/2170 2171/2171/2171
f 2169/2169/2169 2171/2171/2171 2172/2172/2172
f 2173/2173/2173 2169/2169/2169 2172/2172/2172
f 2173/2173/2173 2172/2172/2172 2174/2174/2174
f 2175/2175/2175 2173/2173/2173 2174/2174/2174
f 2175/2175/2175 2174/2174/2174 2176/2176/2176
f 2177/2177/2177 2175/2175/2175 2176/2176/2176
f 2177/2177/2177 2176/2176/2176 2178/2178/2178
f 1159/1159/1159 1162/1162/1162 2179/2179/2179
f 1159/1159/1159 2179/2179/2179 2180/2180/2180
f 1162/1162/1162 1167/1167/1167 2181/2181/2181
f 1162/1162/1162 2181/2181/2181 2179/2179/2179
f 2179/2179/2179 2181/2181/2181 2182/2182/2182
f 2179/2179/2179 2182/2182/2182 2183/2183/2183
f 2180/2180/2180 2179/2179/2179 2183/2183/2183
f 2180/2180/2180 2183/2183/2183 2184/2184/2184
f 1167/1167/1167 1181/1181/1181 2185/2185/2185
f 1167/1167/1167 2185/2185/2185 2181/2181/2181
f 1181/1181/1181 1183/1183/1183 2186/2186/2186
f 1181/1181/1181 2186/2186/2186 2185/2185/2185
f 2185/2185/2185 2186/2186/2186 2187/2187/2187
f 2185/2185/2185 2187/2187/2187 2188/2188/2188
f 2181/2181/2181 2185/2185/2185 2188/2188/2188
f 2181/2181/2181 2188/2188/2188 2182/2182/2182
f 2189/2189/2189 2190/2190/2190 2191/2191/2191
f 2189/2189/2189 2191/2191/2191 2192/2192/2192
f 2193/2193/2193 2189/2189/2189 2192/2192/2192
f 2193/2193/2193 2192/2192/2192 2194/2194/2194
f 2195/2195/2195 2193/2193/2193 2194/2194/2194
f 2195/2195/2195 2194/2194/2194 2196/2196/2196
f 2197/2197/2197 2195/2195/2195 2196/2196/2196
f 2197/2197/2197 2196/2196/2196 2198/2198/2198
f 1229/1229/1229 1228/1228/1228 2199/2199/2199
f 1229/1229/1229 2199/2199/2199 2200/2200/2200
f 1228/1228/1228 1224/1224/1224 2201/2201/2201
f 1228/1228/1228 2201/2201/2201 2199/2199/2199
f 2199/2199/2199 2201/2201/2201 2202/2202/2202
f 2199/2199/2199 2202/2202/2202 2203/2203/2203
f 2200/2200/2200 2199/2199/2199 2203/2203/2203
f 2200/2200/2200 2203/2203/2203 2204/2204/2204
f 1224/1224/1224 1223/1223/1223 2205/2205/2205
f 1224/1224/1224 2205/2205/2205 2201/2201/2201
f 1223/1223/1223 1222/1222/1222 2206/2206/2206
f 1223/1223/1223 2206/2206/2206 2205/2205/2205
f 2205/2205/2205 2206/2206/2206 2207/2207/2207
f 2205/2205/2205 2207/2207/2207 2208/2208/2208
f 2201/2201/2201 2205/2205/2205 2208/2208/2208
f 2201/2201/2201 2208/2208/2208 2202/2202/2202
f 2209/2209/2209 2210/2210/2210 2211/2211/2211
f 2209/2209/2209 2211/2211/2211 2212/2212/2212
f 2213/2213/2213 2209/2209/2209 2212/2212/2212
f 2213/2213/2213 2212/2212/2212 2214/2214/2214
f 2215/2215/2215 2213/2213/2213 2214/2214/2214
f 2215/2215/2215 2214/2214/2214 2216/2216/2216
f 2217/2217/2217 2215/2215/2215 2216/2216/2216
f 2217/2217/2217 2216/2216/2216 2218/2218/2218
f 1234/1234/1234 1237/1237/1237 2219/2219/2219
f 1234/1234/1234 2219/2219/2219 2220/2220/2220
f 1237/1237/1237 1239/1239/1239 2221/2221/2221
f 1237/1237/1237 2221/2221/2221 2219/2219/2219
f 2219/2219/2219 2221/2221/2221 2222/2222/2222
f 2219/2219/2219 2222/2222/2222 2223/2223/2223
f 2220/2220/2220 2219/2219/2219 2223/2223/2223
f 2220/2220/2220 2223/2223/2223 2224/2224/2224
f 1239/1239/1239 1247/1247/1247 2225/2225/2225
f 1239/1239/1239 2225/2225/2225 2221/2221/2221
f 1247/1247/1247 1248/1248/1248 2226/2226/2226
f 1247/1247/1247 2226/2226/2226 2225/2225/2225
f 2225/2225/2225 2226/2226/2226 2227/2227/2227
f 2225/2225/2225 2227/2227/2227 2228/2228/2228
f 2221/2221/2221 2225/2225/2225 2228/2228/2228
f 2221/2221/2221 2228/2228/2228 2222/2222/2222
f 2229/2229/2229 2230/2230/2230 2231/2231/2231
f 2229/2229/2229 2231/2231/2231 2232/2232/2232
f 2233/2233/2233 2229/2229/2229 2232/2232/2232
f 2233/2233/2233 2232/2232/2232 2234/2234/2234
f 2235/2235/2235 2233/2233/2233 2234/2234/2234
f 2235/2235/2235 2234/2234/2234 2236/2236/2236
f 2237/2237/2237 2235/2235/2235 2236/2236/2236
f 2237/2237/2237 2236/2236/2236 2238/2238/2238
f 1245/1245/1245 1243/1243/1243 2239/2239/2239
f 1245/1245/1245 2239/2239/2239 2240/2240/2240
f 1243/1243/1243 1242/1242/1242 2241/2241/2241
f 1243/1243/1243 2241/2241/2241 2239/2239/2239
f 2242/2242/2242 2243/2243/2243 2244/2244/2244
f 2242/2242/2242 2244/2244/2244 2245/2245/2245
f 2246/2246/2246 2242/2242/2242 2245/2245/2245
f 2246/2246/2246 2245/2245/2245 2247/2247/2247
f 1242/1242/1242 1241/1241/1241 2248/2248/2248
f 1242/1242/1242 2248/2248/2248 2241/2241/2241
f 1241/1241/1241 1240/1240/1240 2249/2249/2249
f 1241/1241/1241 2249/2249/2249 2248/2248/2248
f 2250/2250/2250 2251/2251/2251 2252/2252/2252
f 2250/2250/2250 2252/2252/2252 2253/2253/2253
f 2243/2243/2243 2250/2250/2250 2253/2253/2253
f 2243/2243/2243 2253/2253/2253 2244/2244/2244
f 2244/2244/2244 2253/2253/2253 2254/2254/2254
f 2244/2244/2244 2254/2254/2254 2255/2255/2255
f 2253/2253/2253 2252/2252/2252 2256/2256/2256
f 2253/2253/2253 2256/2256/2256 2254/2254/2254
f 2247/2247/2247 2245/2245/2245 2257/2257/2257
f 2247/2247/2247 2257/2257/2257 2258/2258/2258
f 2245/2245/2245 2244/2244/2244 2255/2255/2255
f 2245/2245/2245 2255/2255/2255 2257/2257/2257
f 1255/1255/1255 1258/1258/1258 2259/2259/2259
f 1255/1255/1255 2259/2259/2259 2260/2260/2260
f 2261/2261/2261 2262/2262/2262 2263/2263/2263
f 2261/2261/2261 2263/2263/2263 2264/2264/2264
f 1258/1258/1258 1260/1260/1260 2265/2265/2265
f 1258/1258/1258 2265/2265/2265 2259/2259/2259
f 1260/1260/1260 1234/1234/1234 2220/2220/2220
f 1260/1260/1260 2220/2220/2220 2265/2265/2265
f 2265/2265/2265 2220/2220/2220 2224/2224/2224
f 2265/2265/2265 2224/2224/2224 2266/2266/2266
f 2259/2259/2259 2265/2265/2265 2266/2266/2266
f 2259/2259/2259 2266/2266/2266 2267/2267/2267
f 2268/2268/2268 2237/2237/2237 2238/2238/2238
f 2268/2268/2268 2238/2238/2238 2269/2269/2269
f 2270/2270/2270 2268/2268/2268 2269/2269/2269
f 2270/2270/2270 2269/2269/2269 2271/2271/2271
f 2264/2264/2264 2263/2263/2263 2272/2272/2272
f 2264/2264/2264 2272/2272/2272 2273/2273/2273
f 1150/1150/1150 1266/1266/1266 2274/2274/2274
f 1150/1150/1150 2274/2274/2274 2166/2166/2166
f 1266/1266/1266 1264/1264/1264 2275/2275/2275
f 1266/1266/1266 2275/2275/2275 2274/2274/2274
f 2274/2274/2274 2275/2275/2275 2276/2276/2276
f 2274/2274/2274 2276/2276/2276 2277/2277/2277
f 2166/2166/2166 2274/2274/2274 2277/2277/2277
f 2166/2166/2166 2277/2277/2277 2167/2167/2167
f 1264/1264/1264 1263/1263/1263 2278/2278/2278
f 1264/1264/1264 2278/2278/2278 2275/2275/2275
f 2279/2279/2279 2280/2280/2280 2281/2281/2281
f 2279/2279/2279 2281/2281/2281 2282/2282/2282
f 2282/2282/2282 2281/2281/2281 2283/2283/2283
f 2282/2282/2282 2283/2283/2283 2284/2284/2284
f 2285/2285/2285 2286/2286/2286 2287/2287/2287
f 2285/2285/2285 2287/2287/2287 2288/2288/2288
f 2170/2170/2170 2285/2285/2285 2288/2288/2288
f 2170/2170/2170 2288/2288/2288 2171/2171/2171
f 1240/1240/1240 1279/1279/1279 2289/2289/2289
f 1240/1240/1240 2289/2289/2289 2249/2249/2249
f 2251/2251/2251 2290/2290/2290 2291/2291/2291
f 2251/2251/2251 2291/2291/2291 2252/2252/2252
f 2252/2252/2252 2291/2291/2291 2292/2292/2292
f 2252/2252/2252 2292/2292/2292 2256/2256/2256
f 1281/1281/1281 1144/1144/1144 2140/2140/2140
f 1281/1281/1281 2140/2140/2140 2293/2293/2293
f 2294/2294/2294 2146/2146/2146 2147/2147/2147
f 2294/2294/2294 2147/2147/2147 2295/2295/2295
f 2295/2295/2295 2147/2147/2147 2158/2158/2158
f 2295/2295/2295 2158/2158/2158 2296/2296/2296
f 1293/1293/1293 1291/1291/1291 2297/2297/2297
f 1293/1293/1293 2297/2297/2297 2298/2298/2298
f 1291/1291/1291 1290/1290/1290 2299/2299/2299
f 1291/1291/1291 2299/2299/2299 2297/2297/2297
f 2300/2300/2300 2301/2301/2301 2302/2302/2302
f 2300/2300/2300 2302/2302/2302 2303/2303/2303
f 2304/2304/2304 2300/2300/2300 2303/2303/2303
f 2304/2304/2304 2303/2303/2303 2305/2305/2305
f 1290/1290/1290 1289/1289/1289 2306/2306/2306
f 1290/1290/1290 2306/2306/2306 2299/2299/2299
f 1289/1289/1289 1288/1288/1288 2307/2307/2307
f 1289/1289/1289 2307/2307/2307 2306/2306/2306
f 2308/2308/2308 2309/2309/2309 2310/2310/2310
f 2308/2308/2308 2310/2310/2310 2311/2311/2311
f 2301/2301/2301 2308/2308/2308 2311/2311/2311
f 2301/2301/2301 2311/2311/2311 2302/2302/2302
f 2302/2302/2302 2311/2311/2311 2312/2312/2312
f 2302/2302/2302 2312/2312/2312 2313/2313/2313
f 2311/2311/2311 2310/2310/2310 2314/2314/2314
f 2311/2311/2311 2314/2314/2314 2312/2312/2312
f 2305/2305/2305 2303/2303/2303 2315/2315/2315
f 2305/2305/2305 2315/2315/2315 2316/2316/2316
f 2303/2303/2303 2302/2302/2302 2313/2313/2313
f 2303/2303/2303 2313/2313/2313 2315/2315/2315
f 1134/1134/1134 1408/1408/1408 2317/2317/2317
f 1134/1134/1134 2317/2317/2317 2128/2128/2128
f 1408/1408/1408 1403/1403/1403 2318/2318/2318
f 1408/1408/1408 2318/2318/2318 2317/2317/2317
f 2319/2319/2319 2320/2320/2320 2321/2321/2321
f 2319/2319/2319 2321/2321/2321 2322/2322/2322
f 2323/2323/2323 2319/2319/2319 2322/2322/2322
f 2323/2323/2323 2322/2322/2322 2324/2324/2324
f 1403/1403/1403 1402/1402/1402 2325/2325/2325
f 1403/1403/1403 2325/2325/2325 2318/2318/2318
f 1402/1402/1402 1406/1406/1406 2326/2326/2326
f 1402/1402/1402 2326/2326/2326 2325/2325/2325
f 2327/2327/2327 2328/2328/2328 2329/2329/2329
f 2327/2327/2327 2329/2329/2329 2330/2330/2330
f 2320/2320/2320 2327/2327/2327 2330/2330/2330
f 2320/2320/2320 2330/2330/2330 2321/2321/2321
f 2321/2321/2321 2330/2330/2330 2331/2331/2331
f 2321/2321/2321 2331/2331/2331 2332/2332/2332
f 2330/2330/2330 2329/2329/2329 2333/2333/2333
f 2330/2330/2330 2333/2333/2333 2331/2331/2331
f 2324/2324/2324 2322/2322/2322 2334/2334/2334
f 2324/2324/2324 2334/2334/2334 2335/2335/2335
f 2322/2322/2322 2321/2321/2321 2332/2332/2332
f 2322/2322/2322 2332/2332/2332 2334/2334/2334
f 1406/1406/1406 1420/1420/1420 2336/2336/2336
f 1406/1406/1406 2336/2336/2336 2326/2326/2326
f 1420/1420/1420 1419/1419/1419 2337/2337/2337
f 1420/1420/1420 2337/2337/2337 2336/2336/2336
f 2338/2338/2338 2339/2339/2339 2340/2340/2340
f 2338/2338/2338 2340/2340/2340 2341/2341/2341
f 2328/2328/2328 2338/2338/2338 2341/2341/2341
f 2328/2328/2328 2341/2341/2341 2329/2329/2329
f 1419/1419/1419 1418/1418/1418 2342/2342/2342
f 1419/1419/1419 2342/2342/2342 2337/2337/2337
f 2339/2339/2339 2343/2343/2343 2344/2344/2344
f 2339/2339/2339 2344/2344/2344 2340/2340/2340
f 2340/2340/2340 2344/2344/2344 2345/2345/2345
f 2340/2340/2340 2345/2345/2345 2346/2346/2346
f 2329/2329/2329 2341/2341/2341 2347/2347/2347
f 2329/2329/2329 2347/2347/2347 2333/2333/2333
f 2341/2341/2341 2340/2340/2340 2346/2346/2346
f 2341/2341/2341 2346/2346/2346 2347/2347/2347
f 2348/2348/2348 2349/2349/2349 2350/2350/2350
f 2348/2348/2348 2350/2350/2350 2351/2351/2351
f 2349/2349/2349 2352/2352/2352 2353/2353/2353
f 2349/2349/2349 2353/2353/2353 2350/2350/2350
f 2354/2354/2354 2355/2355/2355 2356/2356/2356
f 2354/2354/2354 2356/2356/2356 2357/2357/2357
f 2358/2358/2358 2354/2354/2354 2357/2357/2357
f 2358/2358/2358 2357/2357/2357 2359/2359/2359
f 2352/2352/2352 2360/2360/2360 2361/2361/2361
f 2352/2352/2352 2361/2361/2361 2353/2353/2353
f 2360/2360/2360 1229/1229/1229 2200/2200/2200
f 2360/2360/2360 2200/2200/2200 2361/2361/2361
f 2361/2361/2361 2200/2200/2200 2204/2204/2204
f 2361/2361/2361 2204/2204/2204 2362/2362/2362
f 2353/2353/2353 2361/2361/2361 2362/2362/2362
f 2353/2353/2353 2362/2362/2362 2363/2363/2363
f 2364/2364/2364 2217/2217/2217 2218/2218/2218
f 2364/2364/2364 2218/2218/2218 2365/2365/2365
f 2366/2366/2366 2364/2364/2364 2365/2365/2365
f 2366/2366/2366 2365/2365/2365 2367/2367/2367
f 2357/2357/2357 2356/2356/2356 2368/2368/2368
f 2357/2357/2357 2368/2368/2368 2369/2369/2369
f 2359/2359/2359 2357/2357/2357 2369/2369/2369
f 2359/2359/2359 2369/2369/2369 2370/2370/2370
f 1183/1183/1183 2371/2371/2371 2372/2372/2372
f 1183/1183/1183 2372/2372/2372 2186/2186/2186
f 2371/2371/2371 2373/2373/2373 2374/2374/2374
f 2371/2371/2371 2374/2374/2374 2372/2372/2372
f 2372/2372/2372 2374/2374/2374 2375/2375/2375
f 2372/2372/2372 2375/2375/2375 2376/2376/2376
f 2186/2186/2186 2372/2372/2372 2376/2376/2376
f 2186/2186/2186 2376/2376/2376 2187/2187/2187
f 2373/2373/2373 2377/2377/2377 2378/2378/2378
f 2373/2373/2373 2378/2378/2378 2374/2374/2374
f 2377/2377/2377 2379/2379/2379 2380/2380/2380
f 2377/2377/2377 2380/2380/2380 2378/2378/2378
f 2381/2381/2381 2382/2382/2382 2383/2383/2383
f 2381/2381/2381 2383/2383/2383 2384/2384/2384
f 2385/2385/2385 2381/2381/2381 2384/2384/2384
f 2385/2385/2385 2384/2384/2384 2386/2386/2386
f 2384/2384/2384 2383/2383/2383 2387/2387/2387
f 2384/2384/2384 2387/2387/2387 2388/2388/2388
f 2386/2386/2386 2384/2384/2384 2388/2388/2388
f 2386/2386/2386 2388/2388/2388 2389/2389/2389
f 2390/2390/2390 2391/2391/2391 2392/2392/2392
f 2390/2390/2390 2392/2392/2392 2393/2393/2393
f 2190/2190/2190 2390/2390/2390 2393/2393/2393
f 2190/2190/2190 2393/2393/2393 2191/2191/2191
f 1496/1496/1496 1493/1493/1493 2394/2394/2394
f 1496/1496/1496 2394/2394/2394 2395/2395/2395
f 2396/2396/2396 2397/2397/2397 2398/2398/2398
f 2396/2396/2396 2398/2398/2398 2399/2399/2399
f 1493/1493/1493 1492/1492/1492 2400/2400/2400
f 1493/1493/1493 2400/2400/2400 2394/2394/2394
f 1492/1492/1492 1293/1293/1293 2298/2298/2298
f 1492/1492/1492 2298/2298/2298 2400/2400/2400
f 2401/2401/2401 2304/2304/2304 2305/2305/2305
f 2401/2401/2401 2305/2305/2305 2402/2402/2402
f 2397/2397/2397 2401/2401/2401 2402/2402/2402
f 2397/2397/2397 2402/2402/2402 2398/2398/2398
f 2398/2398/2398 2402/2402/2402 2403/2403/2403
f 2398/2398/2398 2403/2403/2403 2404/2404/2404
f 2402/2402/2402 2305/2305/2305 2316/2316/2316
f 2402/2402/2402 2316/2316/2316 2403/2403/2403
f 2399/2399/2399 2398/2398/2398 2404/2404/2404
f 2399/2399/2399 2404/2404/2404 2405/2405/2405
f 1509/1509/1509 1507/1507/1507 2406/2406/2406
f 1509/1509/1509 2406/2406/2406 2407/2407/2407
f 1507/1507/1507 1506/1506/1506 2408/2408/2408
f 1507/1507/1507 2408/2408/2408 2406/2406/2406
f 2409/2409/2409 2410/2410/2410 2411/2411/2411
f 2409/2409/2409 2411/2411/2411 2412/2412/2412
f 2413/2413/2413 2409/2409/2409 2412/2412/2412
f 2413/2413/2413 2412/2412/2412 2414/2414/2414
f 1506/1506/1506 1505/1505/1505 2415/2415/2415
f 1506/1506/1506 2415/2415/2415 2408/2408/2408
f 1505/1505/1505 1114/1114/1114 2098/2098/2098
f 1505/1505/1505 2098/2098/2098 2415/2415/2415
f 2416/2416/2416 2417/2417/2417 2418/2418/2418
f 2416/2416/2416 2418/2418/2418 2419/2419/2419
f 2410/2410/2410 2416/2416/2416 2419/2419/2419
f 2410/2410/2410 2419/2419/2419 2411/2411/2411
f 2411/2411/2411 2419/2419/2419 2420/2420/2420
f 2411/2411/2411 2420/2420/2420 2421/2421/2421
f 2419/2419/2419 2418/2418/2418 2422/2422/2422
f 2419/2419/2419 2422/2422/2422 2420/2420/2420
f 2414/2414/2414 2412/2412/2412 2423/2423/2423
f 2414/2414/2414 2423/2423/2423 2424/2424/2424
f 2412/2412/2412 2411/2411/2411 2421/2421/2421
f 2412/2412/2412 2421/2421/2421 2423/2423/2423
f 1621/1621/1621 1620/1620/1620 2425/2425/2425
f 1621/1621/1621 2425/2425/2425 2426/2426/2426
f 1620/1620/1620 1615/1615/1615 2427/2427/2427
f 1620/1620/1620 2427/2427/2427 2425/2425/2425
f 2428/2428/2428 2429/2429/2429 2430/2430/2430
f 2428/2428/2428 2430/2430/2430 2431/2431/2431
f 2432/2432/2432 2428/2428/2428 2431/2431/2431
f 2432/2432/2432 2431/2431/2431 2433/2433/2433
f 1615/1615/1615 1614/1614/1614 2434/2434/2434
f 1615/1615/1615 2434/2434/2434 2427/2427/2427
f 1614/1614/1614 1618/1618/1618 2435/2435/2435
f 1614/1614/1614 2435/2435/2435 2434/2434/2434
f 2436/2436/2436 2437/2437/2437 2438/2438/2438
f 2436/2436/2436 2438/2438/2438 2439/2439/2439
f 2429/2429/2429 2436/2436/2436 2439/2439/2439
f 2429/2429/2429 2439/2439/2439 2430/2430/2430
f 2430/2430/2430 2439/2439/2439 2440/2440/2440
f 2430/2430/2430 2440/2440/2440 2441/2441/2441
f 2439/2439/2439 2438/2438/2438 2442/2442/2442
f 2439/2439/2439 2442/2442/2442 2440/2440/2440
f 2433/2433/2433 2431/2431/2431 2443/2443/2443
f 2433/2433/2433 2443/2443/2443 2444/2444/2444
f 2431/2431/2431 2430/2430/2430 2441/2441/2441
f 2431/2431/2431 2441/2441/2441 2443/2443/2443
f 1125/1125/1125 1625/1625/1625 2445/2445/2445
f 1125/1125/1125 2445/2445/2445 2108/2108/2108
f 1625/1625/1625 1627/1627/1627 2446/2446/2446
f 1625/1625/1625 2446/2446/2446 2445/2445/2445
f 2447/2447/2447 2448/2448/2448 2449/2449/2449
f 2447/2447/2447 2449/2449/2449 2450/2450/2450
f 2110/2110/2110 2447/2447/2447 2450/2450/2450
f 2110/2110/2110 2450/2450/2450 2111/2111/2111
f 1627/1627/1627 1634/1634/1634 2451/2451/2451
f 1627/1627/1627 2451/2451/2451 2446/2446/2446
f 1634/1634/1634 1635/1635/1635 2452/2452/2452
f 1634/1634/1634 2452/2452/2452 2451/2451/2451
f 2453/2453/2453 2454/2454/2454 2455/2455/2455
f 2453/2453/2453 2455/2455/2455 2456/2456/2456
f 2448/2448/2448 2453/2453/2453 2456/2456/2456
f 2448/2448/2448 2456/2456/2456 2449/2449/2449
f 2449/2449/2449 2456/2456/2456 2457/2457/2457
f 2449/2449/2449 2457/2457/2457 2458/2458/2458
f 2456/2456/2456 2455/2455/2455 2459/2459/2459
f 2456/2456/2456 2459/2459/2459 2457/2457/2457
f 2111/2111/2111 2450/2450/2450 2460/2460/2460
f 2111/2111/2111 2460/2460/2460 2115/2115/2115
f 2450/2450/2450 2449/2449/2449 2458/2458/2458
f 2450/2450/2450 2458/2458/2458 2460/2460/2460
f 1785/1785/1785 1784/1784/1784 2461/2461/2461
f 1785/1785/1785 2461/2461/2461 2462/2462/2462
f 1784/1784/1784 1781/1781/1781 2463/2463/2463
f 1784/1784/1784 2463/2463/2463 2461/2461/2461
f 2464/2464/2464 2465/2465/2465 2466/2466/2466
f 2464/2464/2464 2466/2466/2466 2467/2467/2467
f 2468/2468/2468 2464/2464/2464 2467/2467/2467
f 2468/2468/2468 2467/2467/2467 2469/2469/2469
f 1781/1781/1781 1780/1780/1780 2470/2470/2470
f 1781/1781/1781 2470/2470/2470 2463/2463/2463
f 1780/1780/1780 1140/1140/1140 2119/2119/2119
f 1780/1780/1780 2119/2119/2119 2470/2470/2470
f 2471/2471/2471 2125/2125/2125 2126/2126/2126
f 2471/2471/2471 2126/2126/2126 2472/2472/2472
f 2465/2465/2465 2471/2471/2471 2472/2472/2472
f 2465/2465/2465 2472/2472/2472 2466/2466/2466
f 2466/2466/2466 2472/2472/2472 2473/2473/2473
f 2466/2466/2466 2473/2473/2473 2474/2474/2474
f 2472/2472/2472 2126/2126/2126 2138/2138/2138
f 2472/2472/2472 2138/2138/2138 2473/2473/2473
f 2469/2469/2469 2467/2467/2467 2475/2475/2475
f 2469/2469/2469 2475/2475/2475 2476/2476/2476
f 2467/2467/2467 2466/2466/2466 2474/2474/2474
f 2467/2467/2467 2474/2474/2474 2475/2475/2475
f 1635/1635/1635 1793/1793/1793 2477/2477/2477
f 1635/1635/1635 2477/2477/2477 2452/2452/2452
f 1793/1793/1793 1795/1795/1795 2478/2478/2478
f 1793/1793/1793 2478/2478/2478 2477/2477/2477
f 2479/2479/2479 2480/2480/2480 2481/2481/2481
f 2479/2479/2479 2481/2481/2481 2482/2482/2482
f 2454/2454/2454 2479/2479/2479 2482/2482/2482
f 2454/2454/2454 2482/2482/2482 2455/2455/2455
f 1795/1795/1795 1802/1802/1802 2483/2483/2483
f 1795/1795/1795 2483/2483/2483 2478/2478/2478
f 1803/1803/1803 1621/1621/1621 2426/2426/2426
f 1803/1803/1803 2426/2426/2426 2484/2484/2484
f 2485/2485/2485 2486/2486/2486 2487/2487/2487
f 2485/2485/2485 2487/2487/2487 2488/2488/2488
f 2480/2480/2480 2485/2485/2485 2488/2488/2488
f 2480/2480/2480 2488/2488/2488 2481/2481/2481
f 2481/2481/2481 2488/2488/2488 2489/2489/2489
f 2481/2481/2481 2489/2489/2489 2490/2490/2490
f 2488/2488/2488 2487/2487/2487 2491/2491/2491
f 2488/2488/2488 2491/2491/2491 2489/2489/2489
f 2455/2455/2455 2482/2482/2482 2492/2492/2492
f 2455/2455/2455 2492/2492/2492 2459/2459/2459
f 2482/2482/2482 2481/2481/2481 2490/2490/2490
f 2482/2482/2482 2490/2490/2490 2492/2492/2492
f 1288/1288/1288 1950/1950/1950 2493/2493/2493
f 1288/1288/1288 2493/2493/2493 2307/2307/2307
f 1952/1952/1952 1947/1947/1947 2494/2494/2494
f 1952/1952/1952 2494/2494/2494 2495/2495/2495
f 2496/2496/2496 2497/2497/2497 2498/2498/2498
f 2496/2496/2496 2498/2498/2498 2499/2499/2499
f 2309/2309/2309 2500/2500/2500 2501/2501/2501
f 2309/2309/2309 2501/2501/2501 2310/2310/2310
f 1947/1947/1947 1946/1946/1946 2502/2502/2502
f 1947/1947/1947 2502/2502/2502 2494/2494/2494
f 1946/1946/1946 1785/1785/1785 2462/2462/2462
f 1946/1946/1946 2462/2462/2462 2502/2502/2502
f 2503/2503/2503 2468/2468/2468 2469/2469/2469
f 2503/2503/2503 2469/2469/2469 2504/2504/2504
f 2497/2497/2497 2503/2503/2503 2504/2504/2504
f 2497/2497/2497 2504/2504/2504 2498/2498/2498
f 2498/2498/2498 2504/2504/2504 2505/2505/2505
f 2498/2498/2498 2505/2505/2505 2506/2506/2506
f 2504/2504/2504 2469/2469/2469 2476/2476/2476
f 2504/2504/2504 2476/2476/2476 2505/2505/2505
f 2310/2310/2310 2501/2501/2501 2507/2507/2507
f 2310/2310/2310 2507/2507/2507 2314/2314/2314
f 2499/2499/2499 2498/2498/2498 2506/2506/2506
f 2499/2499/2499 2506/2506/2506 2508/2508/2508
f 1263/1263/1263 1959/1959/1959 2509/2509/2509
f 1263/1263/1263 2509/2509/2509 2278/2278/2278
f 2280/2280/2280 2510/2510/2510 2511/2511/2511
f 2280/2280/2280 2511/2511/2511 2281/2281/2281
f 2281/2281/2281 2511/2511/2511 2512/2512/2512
f 2281/2281/2281 2512/2512/2512 2283/2283/2283
f 1983/1983/1983 1255/1255/1255 2260/2260/2260
f 1983/1983/1983 2260/2260/2260 2513/2513/2513
f 2514/2514/2514 2261/2261/2261 2264/2264/2264
f 2514/2514/2514 2264/2264/2264 2515/2515/2515
f 2515/2515/2515 2264/2264/2264 2273/2273/2273
f 2515/2515/2515 2273/2273/2273 2516/2516/2516
f 1959/1959/1959 1987/1987/1987 2517/2517/2517
f 1959/1959/1959 2517/2517/2517 2509/2509/2509
f 2510/2510/2510 2518/2518/2518 2519/2519/2519
f 2510/2510/2510 2519/2519/2519 2511/2511/2511
f 1987/1987/1987 1985/1985/1985 2520/2520/2520
f 1987/1987/1987 2520/2520/2520 2517/2517/2517
f 1985/1985/1985 1159/1159/1159 2180/2180/2180
f 1985/1985/1985 2180/2180/2180 2520/2520/2520
f 2520/2520/2520 2180/2180/2180 2184/2184/2184
f 2520/2520/2520 2184/2184/2184 2521/2521/2521
f 2517/2517/2517 2520/2520/2520 2521/2521/2521
f 2517/2517/2517 2521/2521/2521 2522/2522/2522
f 2523/2523/2523 2197/2197/2197 2198/2198/2198
f 2523/2523/2523 2198/2198/2198 2524/2524/2524
f 2525/2525/2525 2523/2523/2523 2524/2524/2524
f 2525/2525/2525 2524/2524/2524 2526/2526/2526
f 2511/2511/2511 2519/2519/2519 2527/2527/2527
f 2511/2511/2511 2527/2527/2527 2512/2512/2512
f 1222/1222/1222 2036/2036/2036 2528/2528/2528
f 1222/1222/1222 2528/2528/2528 2206/2206/2206
f 2036/2036/2036 2038/2038/2038 2529/2529/2529
f 2036/2036/2036 2529/2529/2529 2528/2528/2528
f 2528/2528/2528 2529/2529/2529 2530/2530/2530
f 2528/2528/2528 2530/2530/2530 2531/2531/2531
f 2206/2206/2206 2528/2528/2528 2531/2531/2531
f 2206/2206/2206 2531/2531/2531 2207/2207/2207
f 2038/2038/2038 1983/1983/1983 2513/2513/2513
f 2038/2038/2038 2513/2513/2513 2529/2529/2529
f 2532/2532/2532 2514/2514/2514 2515/2515/2515
f 2532/2532/2532 2515/2515/2515 2533/2533/2533
f 2533/2533/2533 2515/2515/2515 2516/2516/2516
f 2533/2533/2533 2516/2516/2516 2534/2534/2534
f 2535/2535/2535 2536/2536/2536 2537/2537/2537
f 2535/2535/2535 2537/2537/2537 2538/2538/2538
f 2210/2210/2210 2535/2535/2535 2538/2538/2538
f 2210/2210/2210 2538/2538/2538 2211/2211/2211
f 2379/2379/2379 2539/2539/2539 2540/2540/2540
f 2379/2379/2379 2540/2540/2540 2380/2380/2380
f 2382/2382/2382 2541/2541/2541 2542/2542/2542
f 2382/2382/2382 2542/2542/2542 2383/2383/2383
f 2539/2539/2539 2543/2543/2543 2544/2544/2544
f 2539/2539/2539 2544/2544/2544 2540/2540/2540
f 2543/2543/2543 1155/1155/1155 2160/2160/2160
f 2543/2543/2543 2160/2160/2160 2544/2544/2544
f 2544/2544/2544 2160/2160/2160 2164/2164/2164
f 2544/2544/2544 2164/2164/2164 2545/2545/2545
f 2540/2540/2540 2544/2544/2544 2545/2545/2545
f 2540/2540/2540 2545/2545/2545 2546/2546/2546
f 2547/2547/2547 2177/2177/2177 2178/2178/2178
f 2547/2547/2547 2178/2178/2178 2548/2548/2548
f 2549/2549/2549 2547/2547/2547 2548/2548/2548
f 2549/2549/2549 2548/2548/2548 2550/2550/2550
f 2383/2383/2383 2542/2542/2542 2551/2551/2551
f 2383/2383/2383 2551/2551/2551 2387/2387/2387
f 1248/1248/1248 2552/2552/2552 2553/2553/2553
f 1248/1248/1248 2553/2553/2553 2226/2226/2226
f 2552/2552/2552 2554/2554/2554 2555/2555/2555
f 2552/2552/2552 2555/2555/2555 2553/2553/2553
f 2553/2553/2553 2555/2555/2555 2556/2556/2556
f 2553/2553/2553 2556/2556/2556 2557/2557/2557
f 2226/2226/2226 2553/2553/2553 2557/2557/2557
f 2226/2226/2226 2557/2557/2557 2227/2227/2227
f 2554/2554/2554 2348/2348/2348 2351/2351/2351
f 2554/2554/2554 2351/2351/2351 2555/2555/2555
f 2558/2558/2558 2358/2358/2358 2359/2359/2359
f 2558/2558/2558 2359/2359/2359 2559/2559/2559
f 2559/2559/2559 2359/2359/2359 2370/2370/2370
f 2559/2559/2559 2370/2370/2370 2560/2560/2560
f 2561/2561/2561 2562/2562/2562 2563/2563/2563
f 2561/2561/2561 2563/2563/2563 2564/2564/2564
f 2230/2230/2230 2561/2561/2561 2564/2564/2564
f 2230/2230/2230 2564/2564/2564 2231/2231/2231
f 2117/2117/2117 2116/2116/2116 2565/2565/2565
f 2117/2117/2117 2565/2565/2565 2566/2566/2566
f 2116/2116/2116 2114/2114/2114 2567/2567/2567
f 2116/2116/2116 2567/2567/2567 2565/2565/2565
f 2114/2114/2114 2113/2113/2113 2568/2568/2568
f 2114/2114/2114 2568/2568/2568 2567/2567/2567
f 2113/2113/2113 2115/2115/2115 2569/2569/2569
f 2113/2113/2113 2569/2569/2569 2568/2568/2568
f 2567/2567/2567 2568/2568/2568 2570/2570/2570
f 2567/2567/2567 2570/2570/2570 2571/2571/2571
f 2568/2568/2568 2569/2569/2569 2572/2572/2572
f 2568/2568/2568 2572/2572/2572 2570/2570/2570
f 2566/2566/2566 2565/2565/2565 2573/2573/2573
f 2566/2566/2566 2573/2573/2573 2574/2574/2574
f 2565/2565/2565 2567/2567/2567 2571/2571/2571
f 2565/2565/2565 2571/2571/2571 2573/2573/2573
f 2138/2138/2138 2137/2137/2137 2575/2575/2575
f 2138/2138/2138 2575/2575/2575 2576/2576/2576
f 2137/2137/2137 2135/2135/2135 2577/2577/2577
f 2137/2137/2137 2577/2577/2577 2575/2575/2575
f 2135/2135/2135 2134/2134/2134 2578/2578/2578
f 2135/2135/2135 2578/2578/2578 2577/2577/2577
f 2134/2134/2134 2136/2136/2136 2579/2579/2579
f 2134/2134/2134 2579/2579/2579 2578/2578/2578
f 2577/2577/2577 2578/2578/2578 2580/2580/2580
f 2577/2577/2577 2580/2580/2580 2581/2581/2581
f 2578/2578/2578 2579/2579/2579 2582/2582/2582
f 2578/2578/2578 2582/2582/2582 2580/2580/2580
f 2576/2576/2576 2575/2575/2575 2583/2583/2583
f 2576/2576/2576 2583/2583/2583 2584/2584/2584
f 2575/2575/2575 2577/2577/2577 2581/2581/2581
f 2575/2575/2575 2581/2581/2581 2583/2583/2583
f 2158/2158/2158 2157/2157/2157 2585/2585/2585
f 2158/2158/2158 2585/2585/2585 2586/2586/2586
f 2157/2157/2157 2155/2155/2155 2587/2587/2587
f 2157/2157/2157 2587/2587/2587 2585/2585/2585
f 2155/2155/2155 2154/2154/2154 2588/2588/2588
f 2155/2155/2155 2588/2588/2588 2587/2587/2587
f 2154/2154/2154 2156/2156/2156 2589/2589/2589
f 2154/2154/2154 2589/2589/2589 2588/2588/2588
f 2587/2587/2587 2588/2588/2588 2590/2590/2590
f 2587/2587/2587 2590/2590/2590 2591/2591/2591
f 2588/2588/2588 2589/2589/2589 2592/2592/2592
f 2588/2588/2588 2592/2592/2592 2590/2590/2590
f 2586/2586/2586 2585/2585/2585 2593/2593/2593
f 2586/2586/2586 2593/2593/2593 2594/2594/2594
f 2585/2585/2585 2587/2587/2587 2591/2591/2591
f 2585/2585/2585 2591/2591/2591 2593/2593/2593
f 2258/2258/2258 2257/2257/2257 2595/2595/2595
f 2258/2258/2258 2595/2595/2595 2596/2596/2596
f 2257/2257/2257 2255/2255/2255 2597/2597/2597
f 2257/2257/2257 2597/2597/2597 2595/2595/2595
f 2255/2255/2255 2254/2254/2254 2598/2598/2598
f 2255/2255/2255 2598/2598/2598 2597/2597/2597
f 2254/2254/2254 2256/2256/2256 2599/2599/2599
f 2254/2254/2254 2599/2599/2599 2598/2598/2598
f 2597/2597/2597 2598/2598/2598 2600/2600/2600
f 2597/2597/2597 2600/2600/2600 2601/2601/2601
f 2598/2598/2598 2599/2599/2599 2602/2602/2602
f 2598/2598/2598 2602/2602/2602 2600/2600/2600
f 2596/2596/2596 2595/2595/2595 2603/2603/2603
f 2596/2596/2596 2603/2603/2603 2604/2604/2604
f 2595/2595/2595 2597/2597/2597 2601/2601/2601
f 2595/2595/2595 2601/2601/2601 2603/2603/2603
f 2256/2256/2256 2292/2292/2292 2605/2605/2605
f 2256/2256/2256 2605/2605/2605 2599/2599/2599
f 2599/2599/2599 2605/2605/2605 2606/2606/2606
f 2599/2599/2599 2606/2606/2606 2602/2602/2602
f 2296/2296/2296 2158/2158/2158 2586/2586/2586
f 2296/2296/2296 2586/2586/2586 2607/2607/2607
f 2607/2607/2607 2586/2586/2586 2594/2594/2594
f 2607/2607/2607 2594/2594/2594 2608/2608/2608
f 2316/2316/2316 2315/2315/2315 2609/2609/2609
f 2316/2316/2316 2609/2609/2609 2610/2610/2610
f 2315/2315/2315 2313/2313/2313 2611/2611/2611
f 2315/2315/2315 2611/2611/2611 2609/2609/2609
f 2313/2313/2313 2312/2312/2312 2612/2612/2612
f 2313/2313/2313 2612/2612/2612 2611/2611/2611
f 2312/2312/2312 2314/2314/2314 2613/2613/2613
f 2312/2312/2312 2613/2613/2613 2612/2612/2612
f 2611/2611/2611 2612/2612/2612 2614/2614/2614
f 2611/2611/2611 2614/2614/2614 2615/2615/2615
f 2612/2612/2612 2613/2613/2613 2616/2616/2616
f 2612/2612/2612 2616/2616/2616 2614/2614/2614
f 2610/2610/2610 2609/2609/2609 2617/2617/2617
f 2610/2610/2610 2617/2617/2617 2618/2618/2618
f 2609/2609/2609 2611/2611/2611 2615/2615/2615
f 2609/2609/2609 2615/2615/2615 2617/2617/2617
f 2335/2335/2335 2334/2334/2334 2619/2619/2619
f 2335/2335/2335 2619/2619/2619 2620/2620/2620
f 2334/2334/2334 2332/2332/2332 2621/2621/2621
f 2334/2334/2334 2621/2621/2621 2619/2619/2619
f 2332/2332/2332 2331/2331/2331 2622/2622/2622
f 2332/2332/2332 2622/2622/2622 2621/2621/2621
f 2331/2331/2331 2333/2333/2333 2623/2623/2623
f 2331/2331/2331 2623/2623/2623 2622/2622/2622
f 2621/2621/2621 2622/2622/2622 2624/2624/2624
f 2621/2621/2621 2624/2624/2624 2625/2625/2625
f 2622/2622/2622 2623/2623/2623 2626/2626/2626
f 2622/2622/2622 2626/2626/2626 2624/2624/2624
f 2620/2620/2620 2619/2619/2619 2627/2627/2627
f 2620/2620/2620 2627/2627/2627 2628/2628/2628
f 2619/2619/2619 2621/2621/2621 2625/2625/2625
f 2619/2619/2619 2625/2625/2625 2627/2627/2627
f 2333/2333/2333 2347/2347/2347 2629/2629/2629
f 2333/2333/2333 2629/2629/2629 2623/2623/2623
f 2347/2347/2347 2346/2346/2346 2630/2630/2630
f 2347/2347/2347 2630/2630/2630 2629/2629/2629
f 2346/2346/2346 2345/2345/2345 2631/2631/2631
f 2346/2346/2346 2631/2631/2631 2630/2630/2630
f 2630/2630/2630 2631/2631/2631 2632/2632/2632
f 2630/2630/2630 2632/2632/2632 2633/2633/2633
f 2623/2623/2623 2629/2629/2629 2634/2634/2634
f 2623/2623/2623 2634/2634/2634 2626/2626/2626
f 2629/2629/2629 2630/2630/2630 2633/2633/2633
f 2629/2629/2629 2633/2633/2633 2634/2634/2634
f 2405/2405/2405 2404/2404/2404 2635/2635/2635
f 2405/2405/2405 2635/2635/2635 2636/2636/2636
f 2404/2404/2404 2403/2403/2403 2637/2637/2637
f 2404/2404/2404 2637/2637/2637 2635/2635/2635
f 2403/2403/2403 2316/2316/2316 2610/2610/2610
f 2403/2403/2403 2610/2610/2610 2637/2637/2637
f 2635/2635/2635 2637/2637/2637 2638/2638/2638
f 2635/2635/2635 2638/2638/2638 2639/2639/2639
f 2637/2637/2637 2610/2610/2610 2618/2618/2618
f 2637/2637/2637 2618/2618/2618 2638/2638/2638
f 2636/2636/2636 2635/2635/2635 2639/2639/2639
f 2636/2636/2636 2639/2639/2639 2640/2640/2640
f 2424/2424/2424 2423/2423/2423 2641/2641/2641
f 2424/2424/2424 2641/2641/2641 2642/2642/2642
f 2423/2423/2423 2421/2421/2421 2643/2643/2643
f 2423/2423/2423 2643/2643/2643 2641/2641/2641
f 2421/2421/2421 2420/2420/2420 2644/2644/2644
f 2421/2421/2421 2644/2644/2644 2643/2643/2643
f 2420/2420/2420 2422/2422/2422 2645/2645/2645
f 2420/2420/2420 2645/2645/2645 2644/2644/2644
f 2643/2643/2643 2644/2644/2644 2646/2646/2646
f 2643/2643/2643 2646/2646/2646 2647/2647/2647
f 2644/2644/2644 2645/2645/2645 2648/2648/2648
f 2644/2644/2644 2648/2648/2648 2646/2646/2646
f 2642/2642/2642 2641/2641/2641 2649/2649/2649
f 2642/2642/2642 2649/2649/2649 2650/2650/2650
f 2641/2641/2641 2643/2643/2643 2647/2647/2647
f 2641/2641/2641 2647/2647/2647 2649/2649/2649
f 2444/2444/2444 2443/2443/2443 2651/2651/2651
f 2444/2444/2444 2651/2651/2651 2652/2652/2652
f 2443/2443/2443 2441/2441/2441 2653/2653/2653
f 2443/2443/2443 2653/2653/2653 2651/2651/2651
f 2441/2441/2441 2440/2440/2440 2654/2654/2654
f 2441/2441/2441 2654/2654/2654 2653/2653/2653
f 2440/2440/2440 2442/2442/2442 2655/2655/2655
f 2440/2440/2440 2655/2655/2655 2654/2654/2654
f 2653/2653/2653 2654/2654/2654 2656/2656/2656
f 2653/2653/2653 2656/2656/2656 2657/2657/2657
f 2654/2654/2654 2655/2655/2655 2658/2658/2658
f 2654/2654/2654 2658/2658/2658 2656/2656/2656
f 2652/2652/2652 2651/2651/2651 2659/2659/2659
f 2652/2652/2652 2659/2659/2659 2660/2660/2660
f 2651/2651/2651 2653/2653/2653 2657/2657/2657
f 2651/2651/2651 2657/2657/2657 2659/2659/2659
f 2115/2115/2115 2460/2460/2460 2661/2661/2661
f 2115/2115/2115 2661/2661/2661 2569/2569/2569
f 2460/2460/2460 2458/2458/2458 2662/2662/2662
f 2460/2460/2460 2662/2662/2662 2661/2661/2661
f 2458/2458/2458 2457/2457/2457 2663/2663/2663
f 2458/2458/2458 2663/2663/2663 2662/2662/2662
f 2457/2457/2457 2459/2459/2459 2664/2664/2664
f 2457/2457/2457 2664/2664/2664 2663/2663/2663
f 2662/2662/2662 2663/2663/2663 2665/2665/2665
f 2662/2662/2662 2665/2665/2665 2666/2666/2666
f 2663/2663/2663 2664/2664/2664 2667/2667/2667
f 2663/2663/2663 2667/2667/2667 2665/2665/2665
f 2569/2569/2569 2661/2661/2661 2668/2668/2668
f 2569/2569/2569 2668/2668/2668 2572/2572/2572
f 2661/2661/2661 2662/2662/2662 2666/2666/2666
f 2661/2661/2661 2666/2666/2666 2668/2668/2668
f 2476/2476/2476 2475/2475/2475 2669/2669/2669
f 2476/2476/2476 2669/2669/2669 2670/2670/2670
f 2475/2475/2475 2474/2474/2474 2671/2671/2671
f 2475/2475/2475 2671/2671/2671 2669/2669/2669
f 2474/2474/2474 2473/2473/2473 2672/2672/2672
f 2474/2474/2474 2672/2672/2672 2671/2671/2671
f 2473/2473/2473 2138/2138/2138 2576/2576/2576
f 2473/2473/2473 2576/2576/2576 2672/2672/2672
f 2671/2671/2671 2672/2672/2672 2673/2673/2673
f 2671/2671/2671 2673/2673/2673 2674/2674/2674
f 2672/2672/2672 2576/2576/2576 2584/2584/2584
f 2672/2672/2672 2584/2584/2584 2673/2673/2673
f 2670/2670/2670 2669/2669/2669 2675/2675/2675
f 2670/2670/2670 2675/2675/2675 2676/2676/2676
f 2669/2669/2669 2671/2671/2671 2674/2674/2674
f 2669/2669/2669 2674/2674/2674 2675/2675/2675
f 2459/2459/2459 2492/2492/2492 2677/2677/2677
f 2459/2459/2459 2677/2677/2677 2664/2664/2664
f 2492/2492/2492 2490/2490/2490 2678/2678/2678
f 2492/2492/2492 2678/2678/2678 2677/2677/2677
f 2490/2490/2490 2489/2489/2489 2679/2679/2679
f 2490/2490/2490 2679/2679/2679 2678/2678/2678
f 2489/2489/2489 2491/2491/2491 2680/2680/2680
f 2489/2489/2489 2680/2680/2680 2679/2679/2679
f 2678/2678/2678 2679/2679/2679 2681/2681/2681
f 2678/2678/2678 2681/2681/2681 2682/2682/2682
f 2679/2679/2679 2680/2680/2680 2683/2683/2683
f 2679/2679/2679 2683/2683/2683 2681/2681/2681
f 2664/2664/2664 2677/2677/2677 2684/2684/2684
f 2664/2664/2664 2684/2684/2684 2667/2667/2667
f 2677/2677/2677 2678/2678/2678 2682/2682/2682
f 2677/2677/2677 2682/2682/2682 2684/2684/2684
f 2314/2314/2314 2507/2507/2507 2685/2685/2685
f 2314/2314/2314 2685/2685/2685 2613/2613/2613
f 2508/2508/2508 2506/2506/2506 2686/2686/2686
f 2508/2508/2508 2686/2686/2686 2687/2687/2687
f 2506/2506/2506 2505/2505/2505 2688/2688/2688
f 2506/2506/2506 2688/2688/2688 2686/2686/2686
f 2505/2505/2505 2476/2476/2476 2670/2670/2670
f 2505/2505/2505 2670/2670/2670 2688/2688/2688
f 2686/2686/2686 2688/2688/2688 2689/2689/2689
f 2686/2686/2686 2689/2689/2689 2690/2690/2690
f 2688/2688/2688 2670/2670/2670 2676/2676/2676
f 2688/2688/2688 2676/2676/2676 2689/2689/2689
f 2613/2613/2613 2685/2685/2685 2691/2691/2691
f 2613/2613/2613 2691/2691/2691 2616/2616/2616
f 2687/2687/2687 2686/2686/2686 2690/2690/2690
f 2687/2687/2687 2690/2690/2690 2692/2692/2692
f 2574/2574/2574 2573/2573/2573 2693/2693/2693
f 2574/2574/2574 2693/2693/2693 2694/2694/2694
f 2573/2573/2573 2571/2571/2571 2695/2695/2695
f 2573/2573/2573 2695/2695/2695 2693/2693/2693
f 2571/2571/2571 2570/2570/2570 2696/2696/2696
f 2571/2571/2571 2696/2696/2696 2695/2695/2695
f 2570/2570/2570 2572/2572/2572 2697/2697/2697
f 2570/2570/2570 2697/2697/2697 2696/2696/2696
f 2695/2695/2695 2696/2696/2696 2698/2698/2698
f 2695/2695/2695 2698/2698/2698 2699/2699/2699
f 2696/2696/2696 2697/2697/2697 2700/2700/2700
f 2696/2696/2696 2700/2700/2700 2698/2698/2698
f 2701/2701/2701 2702/2702/2702 94/94/94
f 2701/2701/2701 94/94/94 93/93/93
f 2703/2703/2703 2701/2701/2701 93/93/93
f 2703/2703/2703 93/93/93 86/86/86
f 2694/2694/2694 2693/2693/2693 2704/2704/2704
f 2694/2694/2694 2704/2704/2704 2705/2705/2705
f 2693/2693/2693 2695/2695/2695 2699/2699/2699
f 2693/2693/2693 2699/2699/2699 2704/2704/2704
f 2706/2706/2706 2703/2703/2703 86/86/86
f 2706/2706/2706 86/86/86 85/85/85
f 2707/2707/2707 2708/2708/2708 90/90/90
f 2707/2707/2707 90/90/90 89/89/89
f 2584/2584/2584 2583/2583/2583 2709/2709/2709
f 2584/2584/2584 2709/2709/2709 2710/2710/2710
f 2583/2583/2583 2581/2581/2581 2711/2711/2711
f 2583/2583/2583 2711/2711/2711 2709/2709/2709
f 2581/2581/2581 2580/2580/2580 2712/2712/2712
f 2581/2581/2581 2712/2712/2712 2711/2711/2711
f 2580/2580/2580 2582/2582/2582 2713/2713/2713
f 2580/2580/2580 2713/2713/2713 2712/2712/2712
f 2711/2711/2711 2712/2712/2712 2714/2714/2714
f 2711/2711/2711 2714/2714/2714 2715/2715/2715
f 2712/2712/2712 2713/2713/2713 2716/2716/2716
f 2712/2712/2712 2716/2716/2716 2714/2714/2714
f 2717/2717/2717 2718/2718/2718 113/113/113
f 2717/2717/2717 113/113/113 112/112/112
f 2719/2719/2719 2720/2720/2720 114/114/114
f 2719/2719/2719 114/114/114 110/110/110
f 2710/2710/2710 2709/2709/2709 2721/2721/2721
f 2710/2710/2710 2721/2721/2721 2722/2722/2722
f 2709/2709/2709 2711/2711/2711 2715/2715/2715
f 2709/2709/2709 2715/2715/2715 2721/2721/2721
f 2723/2723/2723 2719/2719/2719 110/110/110
f 2723/2723/2723 110/110/110 109/109/109
f 2724/2724/2724 2723/2723/2723 109/109/109
f 2724/2724/2724 109/109/109 111/111/111
f 2594/2594/2594 2593/2593/2593 2725/2725/2725
f 2594/2594/2594 2725/2725/2725 2726/2726/2726
f 2593/2593/2593 2591/2591/2591 2727/2727/2727
f 2593/2593/2593 2727/2727/2727 2725/2725/2725
f 2591/2591/2591 2590/2590/2590 2728/2728/2728
f 2591/2591/2591 2728/2728/2728 2727/2727/2727
f 2590/2590/2590 2592/2592/2592 2729/2729/2729
f 2590/2590/2590 2729/2729/2729 2728/2728/2728
f 2727/2727/2727 2728/2728/2728 2730/2730/2730
f 2727/2727/2727 2730/2730/2730 2731/2731/2731
f 2728/2728/2728 2729/2729/2729 2732/2732/2732
f 2728/2728/2728 2732/2732/2732 2730/2730/2730
f 2733/2733/2733 2734/2734/2734 122/122/122
f 2733/2733/2733 122/122/122 121/121/121
f 2735/2735/2735 2733/2733/2733 121/121/121
f 2735/2735/2735 121/121/121 116/116/116
f 2726/2726/2726 2725/2725/2725 2736/2736/2736
f 2726/2726/2726 2736/2736/2736 2737/2737/2737
f 2725/2725/2725 2727/2727/2727 2731/2731/2731
f 2725/2725/2725 2731/2731/2731 2736/2736/2736
f 2738/2738/2738 2735/2735/2735 116/116/116
f 2738/2738/2738 116/116/116 115/115/115
f 2739/2739/2739 2738/2738/2738 115/115/115
f 2739/2739/2739 115/115/115 119/119/119
f 2740/2740/2740 2741/2741/2741 2742/2742/2742
f 2740/2740/2740 2742/2742/2742 2743/2743/2743
f 2741/2741/2741 2744/2744/2744 2745/2745/2745
f 2741/2741/2741 2745/2745/2745 2742/2742/2742
f 2742/2742/2742 2745/2745/2745 129/129/129
f 2742/2742/2742 129/129/129 128/128/128
f 2743/2743/2743 2742/2742/2742 128/128/128
f 2743/2743/2743 128/128/128 127/127/127
f 2746/2746/2746 2747/2747/2747 2748/2748/2748
f 2746/2746/2746 2748/2748/2748 2749/2749/2749
f 2747/2747/2747 2740/2740/2740 2743/2743/2743
f 2747/2747/2747 2743/2743/2743 2748/2748/2748
f 2748/2748/2748 2743/2743/2743 127/127/127
f 2748/2748/2748 127/127/127 126/126/126
f 2749/2749/2749 2748/2748/2748 126/126/126
f 2749/2749/2749 126/126/126 125/125/125
f 2750/2750/2750 2751/2751/2751 2752/2752/2752
f 2750/2750/2750 2752/2752/2752 2753/2753/2753
f 2751/2751/2751 2754/2754/2754 2755/2755/2755
f 2751/2751/2751 2755/2755/2755 2752/2752/2752
f 2752/2752/2752 2755/2755/2755 138/138/138
f 2752/2752/2752 138/138/138 136/136/136
f 2753/2753/2753 2752/2752/2752 136/136/136
f 2753/2753/2753 136/136/136 134/134/134
f 2756/2756/2756 2757/2757/2757 2758/2758/2758
f 2756/2756/2756 2758/2758/2758 2759/2759/2759
f 2757/2757/2757 2750/2750/2750 2753/2753/2753
f 2757/2757/2757 2753/2753/2753 2758/2758/2758
f 2758/2758/2758 2753/2753/2753 134/134/134
f 2758/2758/2758 134/134/134 131/131/131
f 2759/2759/2759 2758/2758/2758 131/131/131
f 2759/2759/2759 131/131/131 130/130/130
f 2760/2760/2760 2761/2761/2761 2762/2762/2762
f 2760/2760/2760 2762/2762/2762 2763/2763/2763
f 2761/2761/2761 2764/2764/2764 2765/2765/2765
f 2761/2761/2761 2765/2765/2765 2762/2762/2762
f 2762/2762/2762 2765/2765/2765 189/189/189
f 2762/2762/2762 189/189/189 188/188/188
f 2763/2763/2763 2762/2762/2762 188/188/188
f 2763/2763/2763 188/188/188 187/187/187
f 2766/2766/2766 2767/2767/2767 2768/2768/2768
f 2766/2766/2766 2768/2768/2768 2769/2769/2769
f 2767/2767/2767 2760/2760/2760 2763/2763/2763
f 2767/2767/2767 2763/2763/2763 2768/2768/2768
f 2768/2768/2768 2763/2763/2763 187/187/187
f 2768/2768/2768 187/187/187 186/186/186
f 2769/2769/2769 2768/2768/2768 186/186/186
f 2769/2769/2769 186/186/186 185/185/185
f 2770/2770/2770 2771/2771/2771 2772/2772/2772
f 2770/2770/2770 2772/2772/2772 2773/2773/2773
f 2771/2771/2771 2774/2774/2774 2775/2775/2775
f 2771/2771/2771 2775/2775/2775 2772/2772/2772
f 2772/2772/2772 2775/2775/2775 198/198/198
f 2772/2772/2772 198/198/198 196/196/196
f 2773/2773/2773 2772/2772/2772 196/196/196
f 2773/2773/2773 196/196/196 194/194/194
f 2776/2776/2776 2777/2777/2777 2778/2778/2778
f 2776/2776/2776 2778/2778/2778 2779/2779/2779
f 2777/2777/2777 2770/2770/2770 2773/2773/2773
f 2777/2777/2777 2773/2773/2773 2778/2778/2778
f 2778/2778/2778 2773/2773/2773 194/194/194
f 2778/2778/2778 194/194/194 191/191/191
f 2779/2779/2779 2778/2778/2778 191/191/191
f 2779/2779/2779 191/191/191 190/190/190
f 2604/2604/2604 2603/2603/2603 2780/2780/2780
f 2604/2604/2604 2780/2780/2780 2781/2781/2781
f 2603/2603/2603 2601/2601/2601 2782/2782/2782
f 2603/2603/2603 2782/2782/2782 2780/2780/2780
f 2601/2601/2601 2600/2600/2600 2783/2783/2783
f 2601/2601/2601 2783/2783/2783 2782/2782/2782
f 2600/2600/2600 2602/2602/2602 2784/2784/2784
f 2600/2600/2600 2784/2784/2784 2783/2783/2783
f 2782/2782/2782 2783/2783/2783 2785/2785/2785
f 2782/2782/2782 2785/2785/2785 2786/2786/2786
f 2783/2783/2783 2784/2784/2784 2787/2787/2787
f 2783/2783/2783 2787/2787/2787 2785/2785/2785
f 2788/2788/2788 2789/2789/2789 204/204/204
f 2788/2788/2788 204/204/204 203/203/203
f 2790/2790/2790 2788/2788/2788 203/203/203
f 2790/2790/2790 203/203/203 201/201/201
f 2781/2781/2781 2780/2780/2780 2791/2791/2791
f 2781/2781/2781 2791/2791/2791 2792/2792/2792
f 2780/2780/2780 2782/2782/2782 2786/2786/2786
f 2780/2780/2780 2786/2786/2786 2791/2791/2791
f 2793/2793/2793 2790/2790/2790 201/201/201
f 2793/2793/2793 201/201/201 200/200/200
f 2794/2794/2794 2793/2793/2793 200/200/200
f 2794/2794/2794 200/200/200 202/202/202
f 2795/2795/2795 2796/2796/2796 2797/2797/2797
f 2795/2795/2795 2797/2797/2797 2798/2798/2798
f 2796/2796/2796 2776/2776/2776 2779/2779/2779
f 2796/2796/2796 2779/2779/2779 2797/2797/2797
f 2797/2797/2797 2779/2779/2779 190/190/190
f 2797/2797/2797 190/190/190 215/215/215
f 2798/2798/2798 2797/2797/2797 215/215/215
f 2798/2798/2798 215/215/215 212/212/212
f 2273/2273/2273 2272/2272/2272 2799/2799/2799
f 2273/2273/2273 2799/2799/2799 2800/2800/2800
f 2801/2801/2801 2798/2798/2798 212/212/212
f 2801/2801/2801 212/212/212 211/211/211
f 2284/2284/2284 2283/2283/2283 2802/2802/2802
f 2284/2284/2284 2802/2802/2802 2803/2803/2803
f 2804/2804/2804 2805/2805/2805 224/224/224
f 2804/2804/2804 224/224/224 221/221/221
f 2744/2744/2744 2806/2806/2806 2807/2807/2807
f 2744/2744/2744 2807/2807/2807 2745/2745/2745
f 2806/2806/2806 2808/2808/2808 2804/2804/2804
f 2806/2806/2806 2804/2804/2804 2807/2807/2807
f 2807/2807/2807 2804/2804/2804 221/221/221
f 2807/2807/2807 221/221/221 220/220/220
f 2745/2745/2745 2807/2807/2807 220/220/220
f 2745/2745/2745 220/220/220 129/129/129
f 2602/2602/2602 2606/2606/2606 2809/2809/2809
f 2602/2602/2602 2809/2809/2809 2784/2784/2784
f 2784/2784/2784 2809/2809/2809 2810/2810/2810
f 2784/2784/2784 2810/2810/2810 2787/2787/2787
f 2789/2789/2789 2811/2811/2811 232/232/232
f 2789/2789/2789 232/232/232 204/204/204
f 2608/2608/2608 2594/2594/2594 2726/2726/2726
f 2608/2608/2608 2726/2726/2726 2812/2812/2812
f 2812/2812/2812 2726/2726/2726 2737/2737/2737
f 2812/2812/2812 2737/2737/2737 2813/2813/2813
f 2814/2814/2814 2739/2739/2739 119/119/119
f 2814/2814/2814 119/119/119 234/234/234
f 2618/2618/2618 2617/2617/2617 2815/2815/2815
f 2618/2618/2618 2815/2815/2815 2816/2816/2816
f 2617/2617/2617 2615/2615/2615 2817/2817/2817
f 2617/2617/2617 2817/2817/2817 2815/2815/2815
f 2615/2615/2615 2614/2614/2614 2818/2818/2818
f 2615/2615/2615 2818/2818/2818 2817/2817/2817
f 2614/2614/2614 2616/2616/2616 2819/2819/2819
f 2614/2614/2614 2819/2819/2819 2818/2818/2818
f 2817/2817/2817 2818/2818/2818 2820/2820/2820
f 2817/2817/2817 2820/2820/2820 2821/2821/2821
f 2818/2818/2818 2819/2819/2819 2822/2822/2822
f 2818/2818/2818 2822/2822/2822 2820/2820/2820
f 2823/2823/2823 2824/2824/2824 249/249/249
f 2823/2823/2823 249/249/249 248/248/248
f 2825/2825/2825 2823/2823/2823 248/248/248
f 2825/2825/2825 248/248/248 246/246/246
f 2816/2816/2816 2815/2815/2815 2826/2826/2826
f 2816/2816/2816 2826/2826/2826 2827/2827/2827
f 2815/2815/2815 2817/2817/2817 2821/2821/2821
f 2815/2815/2815 2821/2821/2821 2826/2826/2826
f 2828/2828/2828 2825/2825/2825 246/246/246
f 2828/2828/2828 246/246/246 245/245/245
f 2829/2829/2829 2828/2828/2828 245/245/245
f 2829/2829/2829 245/245/245 247/247/247
f 2628/2628/2628 2627/2627/2627 2830/2830/2830
f 2628/2628/2628 2830/2830/2830 2831/2831/2831
f 2627/2627/2627 2625/2625/2625 2832/2832/2832
f 2627/2627/2627 2832/2832/2832 2830/2830/2830
f 2625/2625/2625 2624/2624/2624 2833/2833/2833
f 2625/2625/2625 2833/2833/2833 2832/2832/2832
f 2624/2624/2624 2626/2626/2626 2834/2834/2834
f 2624/2624/2624 2834/2834/2834 2833/2833/2833
f 2832/2832/2832 2833/2833/2833 2835/2835/2835
f 2832/2832/2832 2835/2835/2835 2836/2836/2836
f 2833/2833/2833 2834/2834/2834 2837/2837/2837
f 2833/2833/2833 2837/2837/2837 2835/2835/2835
f 2838/2838/2838 2839/2839/2839 343/343/343
f 2838/2838/2838 343/343/343 346/346/346
f 2840/2840/2840 2838/2838/2838 346/346/346
f 2840/2840/2840 346/346/346 348/348/348
f 2831/2831/2831 2830/2830/2830 2841/2841/2841
f 2831/2831/2831 2841/2841/2841 2842/2842/2842
f 2830/2830/2830 2832/2832/2832 2836/2836/2836
f 2830/2830/2830 2836/2836/2836 2841/2841/2841
f 2843/2843/2843 2840/2840/2840 348/348/348
f 2843/2843/2843 348/348/348 354/354/354
f 2718/2718/2718 2843/2843/2843 354/354/354
f 2718/2718/2718 354/354/354 113/113/113
f 2626/2626/2626 2634/2634/2634 2844/2844/2844
f 2626/2626/2626 2844/2844/2844 2834/2834/2834
f 2634/2634/2634 2633/2633/2633 2845/2845/2845
f 2634/2634/2634 2845/2845/2845 2844/2844/2844
f 2633/2633/2633 2632/2632/2632 2846/2846/2846
f 2633/2633/2633 2846/2846/2846 2845/2845/2845
f 2845/2845/2845 2846/2846/2846 2847/2847/2847
f 2845/2845/2845 2847/2847/2847 2848/2848/2848
f 2849/2849/2849 2850/2850/2850 355/355/355
f 2849/2849/2849 355/355/355 358/358/358
f 2834/2834/2834 2844/2844/2844 2851/2851/2851
f 2834/2834/2834 2851/2851/2851 2837/2837/2837
f 2844/2844/2844 2845/2845/2845 2848/2848/2848
f 2844/2844/2844 2848/2848/2848 2851/2851/2851
f 2852/2852/2852 2849/2849/2849 358/358/358
f 2852/2852/2852 358/358/358 363/363/363
f 2839/2839/2839 2852/2852/2852 363/363/363
f 2839/2839/2839 363/363/363 343/343/343
f 2853/2853/2853 2854/2854/2854 2855/2855/2855
f 2853/2853/2853 2855/2855/2855 2856/2856/2856
f 2854/2854/2854 2766/2766/2766 2769/2769/2769
f 2854/2854/2854 2769/2769/2769 2855/2855/2855
f 2855/2855/2855 2769/2769/2769 185/185/185
f 2855/2855/2855 185/185/185 2857/2857/2857
f 2856/2856/2856 2855/2855/2855 2857/2857/2857
f 2856/2856/2856 2857/2857/2857 2858/2858/2858
f 2370/2370/2370 2369/2369/2369 2859/2859/2859
f 2370/2370/2370 2859/2859/2859 2860/2860/2860
f 2369/2369/2369 2368/2368/2368 2861/2861/2861
f 2369/2369/2369 2861/2861/2861 2859/2859/2859
f 2862/2862/2862 2856/2856/2856 2858/2858/2858
f 2862/2862/2862 2858/2858/2858 2863/2863/2863
f 2864/2864/2864 2862/2862/2862 2863/2863/2863
f 2864/2864/2864 2863/2863/2863 2865/2865/2865
f 2389/2389/2389 2388/2388/2388 2866/2866/2866
f 2389/2389/2389 2866/2866/2866 2867/2867/2867
f 2388/2388/2388 2387/2387/2387 2868/2868/2868
f 2388/2388/2388 2868/2868/2868 2866/2866/2866
f 2869/2869/2869 2870/2870/2870 2871/2871/2871
f 2869/2869/2869 2871/2871/2871 2872/2872/2872
f 2873/2873/2873 2869/2869/2869 2872/2872/2872
f 2873/2873/2873 2872/2872/2872 2874/2874/2874
f 2754/2754/2754 2875/2875/2875 2876/2876/2876
f 2754/2754/2754 2876/2876/2876 2755/2755/2755
f 2875/2875/2875 2877/2877/2877 2873/2873/2873
f 2875/2875/2875 2873/2873/2873 2876/2876/2876
f 2876/2876/2876 2873/2873/2873 2874/2874/2874
f 2876/2876/2876 2874/2874/2874 2878/2878/2878
f 2755/2755/2755 2876/2876/2876 2878/2878/2878
f 2755/2755/2755 2878/2878/2878 138/138/138
f 2640/2640/2640 2639/2639/2639 2879/2879/2879
f 2640/2640/2640 2879/2879/2879 2880/2880/2880
f 2639/2639/2639 2638/2638/2638 2881/2881/2881
f 2639/2639/2639 2881/2881/2881 2879/2879/2879
f 2638/2638/2638 2618/2618/2618 2816/2816/2816
f 2638/2638/2638 2816/2816/2816 2881/2881/2881
f 2879/2879/2879 2881/2881/2881 2882/2882/2882
f 2879/2879/2879 2882/2882/2882 2883/2883/2883
f 2881/2881/2881 2816/2816/2816 2827/2827/2827
f 2881/2881/2881 2827/2827/2827 2882/2882/2882
f 2884/2884/2884 2829/2829/2829 247/247/247
f 2884/2884/2884 247/247/247 425/425/425
f 2885/2885/2885 2884/2884/2884 425/425/425
f 2885/2885/2885 425/425/425 427/427/427
f 2880/2880/2880 2879/2879/2879 2883/2883/2883
f 2880/2880/2880 2883/2883/2883 2886/2886/2886
f 2887/2887/2887 2885/2885/2885 427/427/427
f 2887/2887/2887 427/427/427 432/432/432
f 2650/2650/2650 2649/2649/2649 2888/2888/2888
f 2650/2650/2650 2888/2888/2888 2889/2889/2889
f 2649/2649/2649 2647/2647/2647 2890/2890/2890
f 2649/2649/2649 2890/2890/2890 2888/2888/2888
f 2647/2647/2647 2646/2646/2646 2891/2891/2891
f 2647/2647/2647 2891/2891/2891 2890/2890/2890
f 2646/2646/2646 2648/2648/2648 2892/2892/2892
f 2646/2646/2646 2892/2892/2892 2891/2891/2891
f 2890/2890/2890 2891/2891/2891 2893/2893/2893
f 2890/2890/2890 2893/2893/2893 2894/2894/2894
f 2891/2891/2891 2892/2892/2892 2895/2895/2895
f 2891/2891/2891 2895/2895/2895 2893/2893/2893
f 2896/2896/2896 2707/2707/2707 89/89/89
f 2896/2896/2896 89/89/89 444/444/444
f 2897/2897/2897 2896/2896/2896 444/444/444
f 2897/2897/2897 444/444/444 442/442/442
f 2889/2889/2889 2888/2888/2888 2898/2898/2898
f 2889/2889/2889 2898/2898/2898 2899/2899/2899
f 2888/2888/2888 2890/2890/2890 2894/2894/2894
f 2888/2888/2888 2894/2894/2894 2898/2898/2898
f 2900/2900/2900 2897/2897/2897 442/442/442
f 2900/2900/2900 442/442/442 441/441/441
f 2901/2901/2901 2900/2900/2900 441/441/441
f 2901/2901/2901 441/441/441 443/443/443
f 2660/2660/2660 2659/2659/2659 2902/2902/2902
f 2660/2660/2660 2902/2902/2902 2903/2903/2903
f 2659/2659/2659 2657/2657/2657 2904/2904/2904
f 2659/2659/2659 2904/2904/2904 2902/2902/2902
f 2657/2657/2657 2656/2656/2656 2905/2905/2905
f 2657/2657/2657 2905/2905/2905 2904/2904/2904
f 2656/2656/2656 2658/2658/2658 2906/2906/2906
f 2656/2656/2656 2906/2906/2906 2905/2905/2905
f 2904/2904/2904 2905/2905/2905 2907/2907/2907
f 2904/2904/2904 2907/2907/2907 2908/2908/2908
f 2905/2905/2905 2906/2906/2906 2909/2909/2909
f 2905/2905/2905 2909/2909/2909 2907/2907/2907
f 2910/2910/2910 2911/2911/2911 534/534/534
f 2910/2910/2910 534/534/534 537/537/537
f 2912/2912/2912 2910/2910/2910 537/537/537
f 2912/2912/2912 537/537/537 539/539/539
f 2903/2903/2903 2902/2902/2902 2913/2913/2913
f 2903/2903/2903 2913/2913/2913 2914/2914/2914
f 2902/2902/2902 2904/2904/2904 2908/2908/2908
f 2902/2902/2902 2908/2908/2908 2913/2913/2913
f 2915/2915/2915 2912/2912/2912 539/539/539
f 2915/2915/2915 539/539/539 542/542/542
f 2916/2916/2916 2915/2915/2915 542/542/542
f 2916/2916/2916 542/542/542 543/543/543
f 2572/2572/2572 2668/2668/2668 2917/2917/2917
f 2572/2572/2572 2917/2917/2917 2697/2697/2697
f 2668/2668/2668 2666/2666/2666 2918/2918/2918
f 2668/2668/2668 2918/2918/2918 2917/2917/2917
f 2666/2666/2666 2665/2665/2665 2919/2919/2919
f 2666/2666/2666 2919/2919/2919 2918/2918/2918
f 2665/2665/2665 2667/2667/2667 2920/2920/2920
f 2665/2665/2665 2920/2920/2920 2919/2919/2919
f 2918/2918/2918 2919/2919/2919 2921/2921/2921
f 2918/2918/2918 2921/2921/2921 2922/2922/2922
f 2919/2919/2919 2920/2920/2920 2923/2923/2923
f 2919/2919/2919 2923/2923/2923 2921/2921/2921
f 2924/2924/2924 2925/2925/2925 549/549/549
f 2924/2924/2924 549/549/549 548/548/548
f 2926/2926/2926 2924/2924/2924 548/548/548
f 2926/2926/2926 548/548/548 545/545/545
f 2697/2697/2697 2917/2917/2917 2927/2927/2927
f 2697/2697/2697 2927/2927/2927 2700/2700/2700
f 2917/2917/2917 2918/2918/2918 2922/2922/2922
f 2917/2917/2917 2922/2922/2922 2927/2927/2927
f 2928/2928/2928 2926/2926/2926 545/545/545
f 2928/2928/2928 545/545/545 544/544/544
f 2702/2702/2702 2928/2928/2928 544/544/544
f 2702/2702/2702 544/544/544 94/94/94
f 2676/2676/2676 2675/2675/2675 2929/2929/2929
f 2676/2676/2676 2929/2929/2929 2930/2930/2930
f 2675/2675/2675 2674/2674/2674 2931/2931/2931
f 2675/2675/2675 2931/2931/2931 2929/2929/2929
f 2674/2674/2674 2673/2673/2673 2932/2932/2932
f 2674/2674/2674 2932/2932/2932 2931/2931/2931
f 2673/2673/2673 2584/2584/2584 2710/2710/2710
f 2673/2673/2673 2710/2710/2710 2932/2932/2932
f 2931/2931/2931 2932/2932/2932 2933/2933/2933
f 2931/2931/2931 2933/2933/2933 2934/2934/2934
f 2932/2932/2932 2710/2710/2710 2722/2722/2722
f 2932/2932/2932 2722/2722/2722 2933/2933/2933
f 2935/2935/2935 2724/2724/2724 111/111/111
f 2935/2935/2935 111/111/111 685/685/685
f 2936/2936/2936 2935/2935/2935 685/685/685
f 2936/2936/2936 685/685/685 687/687/687
f 2930/2930/2930 2929/2929/2929 2937/2937/2937
f 2930/2930/2930 2937/2937/2937 2938/2938/2938
f 2929/2929/2929 2931/2931/2931 2934/2934/2934
f 2929/2929/2929 2934/2934/2934 2937/2937/2937
f 2939/2939/2939 2936/2936/2936 687/687/687
f 2939/2939/2939 687/687/687 694/694/694
f 2940/2940/2940 2939/2939/2939 694/694/694
f 2940/2940/2940 694/694/694 695/695/695
f 2667/2667/2667 2684/2684/2684 2941/2941/2941
f 2667/2667/2667 2941/2941/2941 2920/2920/2920
f 2684/2684/2684 2682/2682/2682 2942/2942/2942
f 2684/2684/2684 2942/2942/2942 2941/2941/2941
f 2682/2682/2682 2681/2681/2681 2943/2943/2943
f 2682/2682/2682 2943/2943/2943 2942/2942/2942
f 2681/2681/2681 2683/2683/2683 2944/2944/2944
f 2681/2681/2681 2944/2944/2944 2943/2943/2943
f 2942/2942/2942 2943/2943/2943 2945/2945/2945
f 2942/2942/2942 2945/2945/2945 2946/2946/2946
f 2943/2943/2943 2944/2944/2944 2947/2947/2947
f 2943/2943/2943 2947/2947/2947 2945/2945/2945
f 2948/2948/2948 2916/2916/2916 543/543/543
f 2948/2948/2948 543/543/543 700/700/700
f 2949/2949/2949 2950/2950/2950 702/702/702
f 2949/2949/2949 702/702/702 697/697/697
f 2920/2920/2920 2941/2941/2941 2951/2951/2951
f 2920/2920/2920 2951/2951/2951 2923/2923/2923
f 2941/2941/2941 2942/2942/2942 2946/2946/2946
f 2941/2941/2941 2946/2946/2946 2951/2951/2951
f 2952/2952/2952 2949/2949/2949 697/697/697
f 2952/2952/2952 697/697/697 696/696/696
f 2925/2925/2925 2952/2952/2952 696/696/696
f 2925/2925/2925 696/696/696 549/549/549
f 2616/2616/2616 2691/2691/2691 2953/2953/2953
f 2616/2616/2616 2953/2953/2953 2819/2819/2819
f 2692/2692/2692 2690/2690/2690 2954/2954/2954
f 2692/2692/2692 2954/2954/2954 2955/2955/2955
f 2690/2690/2690 2689/2689/2689 2956/2956/2956
f 2690/2690/2690 2956/2956/2956 2954/2954/2954
f 2689/2689/2689 2676/2676/2676 2930/2930/2930
f 2689/2689/2689 2930/2930/2930 2956/2956/2956
f 2954/2954/2954 2956/2956/2956 2957/2957/2957
f 2954/2954/2954 2957/2957/2957 2958/2958/2958
f 2956/2956/2956 2930/2930/2930 2938/2938/2938
f 2956/2956/2956 2938/2938/2938 2957/2957/2957
f 2959/2959/2959 2940/2940/2940 695/695/695
f 2959/2959/2959 695/695/695 856/856/856
f 2960/2960/2960 2959/2959/2959 856/856/856
f 2960/2960/2960 856/856/856 858/858/858
f 2819/2819/2819 2953/2953/2953 2961/2961/2961
f 2819/2819/2819 2961/2961/2961 2822/2822/2822
f 2955/2955/2955 2954/2954/2954 2958/2958/2958
f 2955/2955/2955 2958/2958/2958 2962/2962/2962
f 2963/2963/2963 2960/2960/2960 858/858/858
f 2963/2963/2963 858/858/858 865/865/865
f 2824/2824/2824 2964/2964/2964 866/866/866
f 2824/2824/2824 866/866/866 249/249/249
f 2283/2283/2283 2512/2512/2512 2965/2965/2965
f 2283/2283/2283 2965/2965/2965 2802/2802/2802
f 2805/2805/2805 2966/2966/2966 868/868/868
f 2805/2805/2805 868/868/868 224/224/224
f 2516/2516/2516 2273/2273/2273 2800/2800/2800
f 2516/2516/2516 2800/2800/2800 2967/2967/2967
f 2968/2968/2968 2801/2801/2801 211/211/211
f 2968/2968/2968 211/211/211 892/892/892
f 2969/2969/2969 2970/2970/2970 2971/2971/2971
f 2969/2969/2969 2971/2971/2971 2972/2972/2972
f 2970/2970/2970 2756/2756/2756 2759/2759/2759
f 2970/2970/2970 2759/2759/2759 2971/2971/2971
f 2971/2971/2971 2759/2759/2759 130/130/130
f 2971/2971/2971 130/130/130 897/897/897
f 2972/2972/2972 2971/2971/2971 897/897/897
f 2972/2972/2972 897/897/897 895/895/895
f 2512/2512/2512 2527/2527/2527 2973/2973/2973
f 2512/2512/2512 2973/2973/2973 2965/2965/2965
f 2966/2966/2966 2972/2972/2972 895/895/895
f 2966/2966/2966 895/895/895 868/868/868
f 2534/2534/2534 2516/2516/2516 2967/2967/2967
f 2534/2534/2534 2967/2967/2967 2974/2974/2974
f 2975/2975/2975 2968/2968/2968 892/892/892
f 2975/2975/2975 892/892/892 945/945/945
f 2764/2764/2764 2976/2976/2976 2977/2977/2977
f 2764/2764/2764 2977/2977/2977 2765/2765/2765
f 2976/2976/2976 2978/2978/2978 2975/2975/2975
f 2976/2976/2976 2975/2975/2975 2977/2977/2977
f 2977/2977/2977 2975/2975/2975 945/945/945
f 2977/2977/2977 945/945/945 944/944/944
f 2765/2765/2765 2977/2977/2977 944/944/944
f 2765/2765/2765 944/944/944 189/189/189
f 2979/2979/2979 2980/2980/2980 2981/2981/2981
f 2979/2979/2979 2981/2981/2981 2982/2982/2982
f 2980/2980/2980 2746/2746/2746 2749/2749/2749
f 2980/2980/2980 2749/2749/2749 2981/2981/2981
f 2981/2981/2981 2749/2749/2749 125/125/125
f 2981/2981/2981 125/125/125 2983/2983/2983
f 2982/2982/2982 2981/2981/2981 2983/2983/2983
f 2982/2982/2982 2983/2983/2983 2984/2984/2984
f 2387/2387/2387 2551/2551/2551 2985/2985/2985
f 2387/2387/2387 2985/2985/2985 2868/2868/2868
f 2870/2870/2870 2982/2982/2982 2984/2984/2984
f 2870/2870/2870 2984/2984/2984 2871/2871/2871
f 2560/2560/2560 2370/2370/2370 2860/2860/2860
f 2560/2560/2560 2860/2860/2860 2986/2986/2986
f 2987/2987/2987 2864/2864/2864 2865/2865/2865
f 2987/2987/2987 2865/2865/2865 2988/2988/2988
f 2774/2774/2774 2989/2989/2989 2990/2990/2990
f 2774/2774/2774 2990/2990/2990 2775/2775/2775
f 2989/2989/2989 2991/2991/2991 2987/2987/2987
f 2989/2989/2989 2987/2987/2987 2990/2990/2990
f 2990/2990/2990 2987/2987/2987 2988/2988/2988
f 2990/2990/2990 2988/2988/2988 2992/2992/2992
f 2775/2775/2775 2990/2990/2990 2992/2992/2992
f 2775/2775/2775 2992/2992/2992 198/198/198
f 2993/2993/2993 2994/2994/2994 2995/2995/2995
f 2993/2993/2993 2995/2995/2995 2996/2996/2996
f 2994/2994/2994 2997/2997/2997 2998/2998/2998
f 2994/2994/2994 2998/2998/2998 2995/2995/2995
f 2995/2995/2995 2998/2998/2998 2999/2999/2999
f 2995/2995/2995 2999/2999/2999 3000/3000/3000
f 2996/2996/2996 2995/2995/2995 3000/3000/3000
f 2996/2996/2996 3000/3000/3000 3001/3001/3001
f 2997/2997/2997 79/79/79 569/569/569
f 2997/2997/2997 569/569/569 2998/2998/2998
f 2998/2998/2998 569/569/569 571/571/571
f 2998/2998/2998 571/571/571 2999/2999/2999
f 2999/2999/2999 571/571/571 578/578/578
f 2999/2999/2999 578/578/578 3002/3002/3002
f 3002/3002/3002 578/578/578 579/579/579
f 3002/3002/3002 579/579/579 3003/3003/3003
f 3001/3001/3001 3000/3000/3000 3004/3004/3004
f 3001/3001/3001 3004/3004/3004 3005/3005/3005
f 3000/3000/3000 2999/2999/2999 3002/3002/3002
f 3000/3000/3000 3002/3002/3002 3004/3004/3004
f 3004/3004/3004 3002/3002/3002 3003/3003/3003
f 3004/3004/3004 3003/3003/3003 3006/3006/3006
f 3005/3005/3005 3004/3004/3004 3006/3006/3006
f 3005/3005/3005 3006/3006/3006 3007/3007/3007
f 82/82/82 81/81/81 3008/3008/3008
f 82/82/82 3008/3008/3008 3009/3009/3009
f 84/84/84 83/83/83 3010/3010/3010
f 84/84/84 3010/3010/3010 3011/3011/3011
f 80/80/80 79/79/79 2997/2997/2997
f 80/80/80 2997/2997/2997 3012/3012/3012
f 81/81/81 80/80/80 3012/3012/3012
f 81/81/81 3012/3012/3012 3008/3008/3008
f 3008/3008/3008 3012/3012/3012 3013/3013/3013
f 3008/3008/3008 3013/3013/3013 3014/3014/3014
f 3012/3012/3012 2997/2997/2997 2994/2994/2994
f 3012/3012/3012 2994/2994/2994 3013/3013/3013
f 3015/3015/3015 3016/3016/3016 483/483/483
f 3015/3015/3015 483/483/483 481/481/481
f 3017/3017/3017 3015/3015/3015 481/481/481
f 3017/3017/3017 481/481/481 474/474/474
f 3011/3011/3011 3010/3010/3010 3018/3018/3018
f 3011/3011/3011 3018/3018/3018 3019/3019/3019
f 3009/3009/3009 3008/3008/3008 3014/3014/3014
f 3009/3009/3009 3014/3014/3014 3020/3020/3020
f 3020/3020/3020 3014/3014/3014 3021/3021/3021
f 3020/3020/3020 3021/3021/3021 3022/3022/3022
f 3019/3019/3019 3018/3018/3018 470/470/470
f 3019/3019/3019 470/470/470 469/469/469
f 469/469/469 472/472/472 3023/3023/3023
f 469/469/469 3023/3023/3023 3019/3019/3019
f 472/472/472 480/480/480 3024/3024/3024
f 472/472/472 3024/3024/3024 3023/3023/3023
f 3023/3023/3023 3024/3024/3024 3025/3025/3025
f 3023/3023/3023 3025/3025/3025 3026/3026/3026
f 3019/3019/3019 3023/3023/3023 3026/3026/3026
f 3019/3019/3019 3026/3026/3026 3011/3011/3011
f 480/480/480 494/494/494 3027/3027/3027
f 480/480/480 3027/3027/3027 3024/3024/3024
f 494/494/494 498/498/498 3028/3028/3028
f 494/494/494 3028/3028/3028 3027/3027/3027
f 3027/3027/3027 3028/3028/3028 3029/3029/3029
f 3027/3027/3027 3029/3029/3029 3030/3030/3030
f 3024/3024/3024 3027/3027/3027 3030/3030/3030
f 3024/3024/3024 3030/3030/3030 3025/3025/3025
f 3025/3025/3025 3030/3030/3030 461/461/461
f 3025/3025/3025 461/461/461 459/459/459
f 3030/3030/3030 3029/3029/3029 463/463/463
f 3030/3030/3030 463/463/463 461/461/461
f 3011/3011/3011 3026/3026/3026 457/457/457
f 3011/3011/3011 457/457/457 84/84/84
f 3026/3026/3026 3025/3025/3025 459/459/459
f 3026/3026/3026 459/459/459 457/457/457
f 208/208/208 174/174/174 3031/3031/3031
f 208/208/208 3031/3031/3031 3032/3032/3032
f 3032/3032/3032 3031/3031/3031 3033/3033/3033
f 3032/3032/3032 3033/3033/3033 3034/3034/3034
f 3034/3034/3034 3033/3033/3033 175/175/175
f 3034/3034/3034 175/175/175 228/228/228
f 174/174/174 172/172/172 3035/3035/3035
f 174/174/174 3035/3035/3035 3031/3031/3031
f 172/172/172 168/168/168 3036/3036/3036
f 172/172/172 3036/3036/3036 3035/3035/3035
f 3035/3035/3035 3036/3036/3036 3037/3037/3037
f 3035/3035/3035 3037/3037/3037 3038/3038/3038
f 3031/3031/3031 3035/3035/3035 3038/3038/3038
f 3031/3031/3031 3038/3038/3038 3033/3033/3033
f 168/168/168 166/166/166 3039/3039/3039
f 168/168/168 3039/3039/3039 3036/3036/3036
f 166/166/166 165/165/165 3040/3040/3040
f 166/166/166 3040/3040/3040 3039/3039/3039
f 3039/3039/3039 3040/3040/3040 3041/3041/3041
f 3039/3039/3039 3041/3041/3041 3042/3042/3042
f 3036/3036/3036 3039/3039/3039 3042/3042/3042
f 3036/3036/3036 3042/3042/3042 3037/3037/3037
f 3037/3037/3037 3042/3042/3042 181/181/181
f 3037/3037/3037 181/181/181 179/179/179
f 3042/3042/3042 3041/3041/3041 183/183/183
f 3042/3042/3042 183/183/183 181/181/181
f 3033/3033/3033 3038/3038/3038 176/176/176
f 3033/3033/3033 176/176/176 175/175/175
f 3038/3038/3038 3037/3037/3037 179/179/179
f 3038/3038/3038 179/179/179 176/176/176
f 383/383/383 382/382/382 3043/3043/3043
f 383/383/383 3043/3043/3043 3044/3044/3044
f 321/321/321 383/383/383 3044/3044/3044
f 321/321/321 3044/3044/3044 3045/3045/3045
f 382/382/382 381/381/381 3046/3046/3046
f 382/382/382 3046/3046/3046 3043/3043/3043
f 3043/3043/3043 3046/3046/3046 3047/3047/3047
f 3043/3043/3043 3047/3047/3047 3048/3048/3048
f 3048/3048/3048 3047/3047/3047 385/385/385
f 3048/3048/3048 385/385/385 388/388/388
f 3045/3045/3045 3044/3044/3044 3049/3049/3049
f 3045/3045/3045 3049/3049/3049 3050/3050/3050
f 3044/3044/3044 3043/3043/3043 3048/3048/3048
f 3044/3044/3044 3048/3048/3048 3049/3049/3049
f 3049/3049/3049 3048/3048/3048 388/388/388
f 3049/3049/3049 388/388/388 401/401/401
f 3050/3050/3050 3049/3049/3049 401/401/401
f 3050/3050/3050 401/401/401 285/285/285
f 324/324/324 323/323/323 3051/3051/3051
f 324/324/324 3051/3051/3051 3052/3052/3052
f 55/55/55 324/324/324 3052/3052/3052
f 55/55/55 3052/3052/3052 3053/3053/3053
f 322/322/322 321/321/321 3045/3045/3045
f 322/322/322 3045/3045/3045 3054/3054/3054
f 323/323/323 322/322/322 3054/3054/3054
f 323/323/323 3054/3054/3054 3051/3051/3051
f 3051/3051/3051 3054/3054/3054 3055/3055/3055
f 3051/3051/3051 3055/3055/3055 3056/3056/3056
f 3054/3054/3054 3045/3045/3045 3050/3050/3050
f 3054/3054/3054 3050/3050/3050 3055/3055/3055
f 3055/3055/3055 3050/3050/3050 285/285/285
f 3055/3055/3055 285/285/285 288/288/288
f 3056/3056/3056 3055/3055/3055 288/288/288
f 3056/3056/3056 288/288/288 296/296/296
f 3053/3053/3053 3052/3052/3052 3057/3057/3057
f 3053/3053/3053 3057/3057/3057 3058/3058/3058
f 3052/3052/3052 3051/3051/3051 3056/3056/3056
f 3052/3052/3052 3056/3056/3056 3057/3057/3057
f 3057/3057/3057 3056/3056/3056 296/296/296
f 3057/3057/3057 296/296/296 310/310/310
f 3058/3058/3058 3057/3057/3057 310/310/310
f 3058/3058/3058 310/310/310 314/314/314
f 314/314/314 313/313/313 3059/3059/3059
f 314/314/314 3059/3059/3059 3058/3058/3058
f 312/312/312 308/308/308 3060/3060/3060
f 312/312/312 3060/3060/3060 3061/3061/3061
f 3062/3062/3062 3063/3063/3063 3064/3064/3064
f 3062/3062/3062 3064/3064/3064 3065/3065/3065
f 3058/3058/3058 3059/3059/3059 3066/3066/3066
f 3058/3058/3058 3066/3066/3066 3053/3053/3053
f 308/308/308 307/307/307 3067/3067/3067
f 308/308/308 3067/3067/3067 3060/3060/3060
f 307/307/307 306/306/306 3068/3068/3068
f 307/307/307 3068/3068/3068 3067/3067/3067
f 3069/3069/3069 3070/3070/3070 3071/3071/3071
f 3069/3069/3069 3071/3071/3071 3072/3072/3072
f 3063/3063/3063 3069/3069/3069 3072/3072/3072
f 3063/3063/3063 3072/3072/3072 3064/3064/3064
f 3064/3064/3064 3072/3072/3072 63/63/63
f 3064/3064/3064 63/63/63 60/60/60
f 3072/3072/3072 3071/3071/3071 65/65/65
f 3072/3072/3072 65/65/65 63/63/63
f 3053/3053/3053 3066/3066/3066 56/56/56
f 3053/3053/3053 56/56/56 55/55/55
f 3065/3065/3065 3064/3064/3064 60/60/60
f 3065/3065/3065 60/60/60 59/59/59
f 662/662/662 661/661/661 3073/3073/3073
f 662/662/662 3073/3073/3073 3074/3074/3074
f 664/664/664 662/662/662 3074/3074/3074
f 664/664/664 3074/3074/3074 3075/3075/3075
f 660/660/660 65/65/65 3071/3071/3071
f 660/660/660 3071/3071/3071 3076/3076/3076
f 661/661/661 660/660/660 3076/3076/3076
f 661/661/661 3076/3076/3076 3073/3073/3073
f 3073/3073/3073 3076/3076/3076 3077/3077/3077
f 3073/3073/3073 3077/3077/3077 3078/3078/3078
f 3076/3076/3076 3071/3071/3071 3070/3070/3070
f 3076/3076/3076 3070/3070/3070 3077/3077/3077
f 3079/3079/3079 3068/3068/3068 306/306/306
f 3079/3079/3079 306/306/306 641/641/641
f 3080/3080/3080 3079/3079/3079 641/641/641
f 3080/3080/3080 641/641/641 645/645/645
f 3075/3075/3075 3074/3074/3074 3081/3081/3081
f 3075/3075/3075 3081/3081/3081 3082/3082/3082
f 3074/3074/3074 3073/3073/3073 3078/3078/3078
f 3074/3074/3074 3078/3078/3078 3081/3081/3081
f 3083/3083/3083 3080/3080/3080 645/645/645
f 3083/3083/3083 645/645/645 653/653/653
f 3084/3084/3084 3083/3083/3083 653/653/653
f 3084/3084/3084 653/653/653 655/655/655
f 833/833/833 832/832/832 3085/3085/3085
f 833/833/833 3085/3085/3085 3086/3086/3086
f 275/275/275 836/836/836 3087/3087/3087
f 275/275/275 3087/3087/3087 3088/3088/3088
f 831/831/831 664/664/664 3075/3075/3075
f 831/831/831 3075/3075/3075 3089/3089/3089
f 832/832/832 831/831/831 3089/3089/3089
f 832/832/832 3089/3089/3089 3085/3085/3085
f 3085/3085/3085 3089/3089/3089 3090/3090/3090
f 3085/3085/3085 3090/3090/3090 3091/3091/3091
f 3089/3089/3089 3075/3075/3075 3082/3082/3082
f 3089/3089/3089 3082/3082/3082 3090/3090/3090
f 3092/3092/3092 3084/3084/3084 655/655/655
f 3092/3092/3092 655/655/655 808/808/808
f 3093/3093/3093 3092/3092/3092 808/808/808
f 3093/3093/3093 808/808/808 812/812/812
f 3088/3088/3088 3087/3087/3087 3094/3094/3094
f 3088/3088/3088 3094/3094/3094 3095/3095/3095
f 3086/3086/3086 3085/3085/3085 3091/3091/3091
f 3086/3086/3086 3091/3091/3091 3096/3096/3096
f 3097/3097/3097 3093/3093/3093 812/812/812
f 3097/3097/3097 812/812/812 822/822/822
f 3095/3095/3095 3094/3094/3094 825/825/825
f 3095/3095/3095 825/825/825 826/826/826
f 826/826/826 824/824/824 3098/3098/3098
f 826/826/826 3098/3098/3098 3095/3095/3095
f 824/824/824 820/820/820 3099/3099/3099
f 824/824/824 3099/3099/3099 3098/3098/3098
f 3098/3098/3098 3099/3099/3099 3100/3100/3100
f 3098/3098/3098 3100/3100/3100 3101/3101/3101
f 3095/3095/3095 3098/3098/3098 3101/3101/3101
f 3095/3095/3095 3101/3101/3101 3088/3088/3088
f 820/820/820 818/818/818 3102/3102/3102
f 820/820/820 3102/3102/3102 3099/3099/3099
f 818/818/818 806/806/806 3103/3103/3103
f 818/818/818 3103/3103/3103 3102/3102/3102
f 3102/3102/3102 3103/3103/3103 3104/3104/3104
f 3102/3102/3102 3104/3104/3104 3105/3105/3105
f 3099/3099/3099 3102/3102/3102 3105/3105/3105
f 3099/3099/3099 3105/3105/3105 3100/3100/3100
f 3100/3100/3100 3105/3105/3105 281/281/281
f 3100/3100/3100 281/281/281 279/279/279
f 3105/3105/3105 3104/3104/3104 283/283/283
f 3105/3105/3105 283/283/283 281/281/281
f 3088/3088/3088 3101/3101/3101 276/276/276
f 3088/3088/3088 276/276/276 275/275/275
f 3101/3101/3101 3100/3100/3100 279/279/279
f 3101/3101/3101 279/279/279 276/276/276
f 409/409/409 408/408/408 3106/3106/3106
f 409/409/409 3106/3106/3106 3107/3107/3107
f 407/407/407 283/283/283 3104/3104/3104
f 407/407/407 3104/3104/3104 3108/3108/3108
f 408/408/408 407/407/407 3108/3108/3108
f 408/408/408 3108/3108/3108 3106/3106/3106
f 3106/3106/3106 3108/3108/3108 3109/3109/3109
f 3106/3106/3106 3109/3109/3109 3110/3110/3110
f 3108/3108/3108 3104/3104/3104 3103/3103/3103
f 3108/3108/3108 3103/3103/3103 3109/3109/3109
f 3109/3109/3109 3103/3103/3103 806/806/806
f 3109/3109/3109 806/806/806 804/804/804
f 3110/3110/3110 3109/3109/3109 804/804/804
f 3110/3110/3110 804/804/804 800/800/800
f 3107/3107/3107 3106/3106/3106 3110/3110/3110
f 3107/3107/3107 3110/3110/3110 3111/3111/3111
f 3111/3111/3111 3110/3110/3110 800/800/800
f 3111/3111/3111 800/800/800 799/799/799
f 143/143/143 142/142/142 3112/3112/3112
f 143/143/143 3112/3112/3112 3113/3113/3113
f 144/144/144 143/143/143 3113/3113/3113
f 144/144/144 3113/3113/3113 3114/3114/3114
f 141/141/141 140/140/140 3115/3115/3115
f 141/141/141 3115/3115/3115 3116/3116/3116
f 142/142/142 141/141/141 3116/3116/3116
f 142/142/142 3116/3116/3116 3112/3112/3112
f 3112/3112/3112 3116/3116/3116 3117/3117/3117
f 3112/3112/3112 3117/3117/3117 3118/3118/3118
f 3116/3116/3116 3115/3115/3115 3119/3119/3119
f 3116/3116/3116 3119/3119/3119 3117/3117/3117
f 3117/3117/3117 3119/3119/3119 777/777/777
f 3117/3117/3117 777/777/777 775/775/775
f 3118/3118/3118 3117/3117/3117 775/775/775
f 3118/3118/3118 775/775/775 769/769/769
f 3114/3114/3114 3113/3113/3113 3120/3120/3120
f 3114/3114/3114 3120/3120/3120 3121/3121/3121
f 3113/3113/3113 3112/3112/3112 3118/3118/3118
f 3113/3113/3113 3118/3118/3118 3120/3120/3120
f 3120/3120/3120 3118/3118/3118 769/769/769
f 3120/3120/3120 769/769/769 767/767/767
f 3121/3121/3121 3120/3120/3120 767/767/767
f 3121/3121/3121 767/767/767 766/766/766
f 766/766/766 765/765/765 3122/3122/3122
f 766/766/766 3122/3122/3122 3121/3121/3121
f 3121/3121/3121 3122/3122/3122 3123/3123/3123
f 3121/3121/3121 3123/3123/3123 3114/3114/3114
f 3114/3114/3114 3123/3123/3123 225/225/225
f 3114/3114/3114 225/225/225 144/144/144
f 508/508/508 507/507/507 3124/3124/3124
f 508/508/508 3124/3124/3124 3125/3125/3125
f 510/510/510 508/508/508 3125/3125/3125
f 510/510/510 3125/3125/3125 3126/3126/3126
f 506/506/506 505/505/505 3127/3127/3127
f 506/506/506 3127/3127/3127 3128/3128/3128
f 507/507/507 506/506/506 3128/3128/3128
f 507/507/507 3128/3128/3128 3124/3124/3124
f 3124/3124/3124 3128/3128/3128 3129/3129/3129
f 3124/3124/3124 3129/3129/3129 3130/3130/3130
f 3128/3128/3128 3127/3127/3127 3131/3131/3131
f 3128/3128/3128 3131/3131/3131 3129/3129/3129
f 3129/3129/3129 3131/3131/3131 756/756/756
f 3129/3129/3129 756/756/756 754/754/754
f 3130/3130/3130 3129/3129/3129 754/754/754
f 3130/3130/3130 754/754/754 750/750/750
f 3126/3126/3126 3125/3125/3125 3132/3132/3132
f 3126/3126/3126 3132/3132/3132 3133/3133/3133
f 3125/3125/3125 3124/3124/3124 3130/3130/3130
f 3125/3125/3125 3130/3130/3130 3132/3132/3132
f 3132/3132/3132 3130/3130/3130 750/750/750
f 3132/3132/3132 750/750/750 748/748/748
f 3133/3133/3133 3132/3132/3132 748/748/748
f 3133/3133/3133 748/748/748 747/747/747
f 593/593/593 3134/3134/3134 3135/3135/3135
f 593/593/593 3135/3135/3135 739/739/739
f 3006/3006/3006 3003/3003/3003 3136/3136/3136
f 3006/3006/3006 3136/3136/3136 3137/3137/3137
f 3137/3137/3137 3136/3136/3136 3138/3138/3138
f 3137/3137/3137 3138/3138/3138 3139/3139/3139
f 739/739/739 3135/3135/3135 3140/3140/3140
f 739/739/739 3140/3140/3140 740/740/740
f 3003/3003/3003 579/579/579 726/726/726
f 3003/3003/3003 726/726/726 3136/3136/3136
f 3136/3136/3136 726/726/726 723/723/723
f 3136/3136/3136 723/723/723 3138/3138/3138
f 3138/3138/3138 723/723/723 722/722/722
f 3138/3138/3138 722/722/722 3141/3141/3141
f 3142/3142/3142 720/720/720 510/510/510
f 3142/3142/3142 510/510/510 3126/3126/3126
f 3143/3143/3143 3139/3139/3139 3144/3144/3144
f 3143/3143/3143 3144/3144/3144 3145/3145/3145
f 3139/3139/3139 3138/3138/3138 3141/3141/3141
f 3139/3139/3139 3141/3141/3141 3144/3144/3144
f 3146/3146/3146 3142/3142/3142 3126/3126/3126
f 3146/3146/3146 3126/3126/3126 3133/3133/3133
f 746/746/746 3146/3146/3146 3133/3133/3133
f 746/746/746 3133/3133/3133 747/747/747
f 1418/1418/1418 1245/1245/1245 2240/2240/2240
f 1418/1418/1418 2240/2240/2240 2342/2342/2342
f 2343/2343/2343 2246/2246/2246 2247/2247/2247
f 2343/2343/2343 2247/2247/2247 2344/2344/2344
f 2344/2344/2344 2247/2247/2247 2258/2258/2258
f 2344/2344/2344 2258/2258/2258 2345/2345/2345
f 2631/2631/2631 2345/2345/2345 2258/2258/2258
f 2631/2631/2631 2258/2258/2258 2596/2596/2596
f 2632/2632/2632 2631/2631/2631 2596/2596/2596
f 2632/2632/2632 2596/2596/2596 2604/2604/2604
f 2846/2846/2846 2632/2632/2632 2604/2604/2604
f 2846/2846/2846 2604/2604/2604 2781/2781/2781
f 355/355/355 2850/2850/2850 2794/2794/2794
f 355/355/355 2794/2794/2794 202/202/202
f 2847/2847/2847 2846/2846/2846 2781/2781/2781
f 2847/2847/2847 2781/2781/2781 2792/2792/2792
f 202/202/202 199/199/199 356/356/356
f 202/202/202 356/356/356 355/355/355
f 199/199/199 198/198/198 359/359/359
f 199/199/199 359/359/359 356/356/356
f 2865/2865/2865 374/374/374 1001/1001/1001
f 2865/2865/2865 1001/1001/1001 2988/2988/2988
f 2988/2988/2988 1001/1001/1001 1005/1005/1005
f 2988/2988/2988 1005/1005/1005 2992/2992/2992
f 2992/2992/2992 1005/1005/1005 359/359/359
f 2992/2992/2992 359/359/359 198/198/198
f 376/376/376 375/375/375 2863/2863/2863
f 376/376/376 2863/2863/2863 2858/2858/2858
f 375/375/375 374/374/374 2865/2865/2865
f 375/375/375 2865/2865/2865 2863/2863/2863
f 378/378/378 377/377/377 2857/2857/2857
f 378/378/378 2857/2857/2857 185/185/185
f 377/377/377 376/376/376 2858/2858/2858
f 377/377/377 2858/2858/2858 2857/2857/2857
f 185/185/185 184/184/184 379/379/379
f 185/185/185 379/379/379 378/378/378
f 184/184/184 183/183/183 381/381/381
f 184/184/184 381/381/381 379/379/379
f 3046/3046/3046 381/381/381 183/183/183
f 3046/3046/3046 183/183/183 3041/3041/3041
f 385/385/385 3047/3047/3047 3040/3040/3040
f 385/385/385 3040/3040/3040 165/165/165
f 3047/3047/3047 3046/3046/3046 3041/3041/3041
f 3047/3047/3047 3041/3041/3041 3040/3040/3040
f 162/162/162 158/158/158 390/390/390
f 162/162/162 390/390/390 389/389/389
f 165/165/165 164/164/164 386/386/386
f 165/165/165 386/386/386 385/385/385
f 157/157/157 156/156/156 395/395/395
f 157/157/157 395/395/395 393/393/393
f 158/158/158 157/157/157 393/393/393
f 158/158/158 393/393/393 390/390/390
f 631/631/631 630/630/630 622/622/622
f 631/631/631 622/622/622 618/618/618
f 630/630/630 395/395/395 156/156/156
f 630/630/630 156/156/156 622/622/622
f 634/634/634 632/632/632 617/617/617
f 634/634/634 617/617/617 616/616/616
f 632/632/632 631/631/631 618/618/618
f 632/632/632 618/618/618 617/617/617
f 794/794/794 793/793/793 785/785/785
f 794/794/794 785/785/785 781/781/781
f 793/793/793 634/634/634 616/616/616
f 793/793/793 616/616/616 785/785/785
f 799/799/799 798/798/798 778/778/778
f 799/799/799 778/778/778 777/777/777
f 795/795/795 794/794/794 781/781/781
f 795/795/795 781/781/781 780/780/780
f 140/140/140 409/409/409 3107/3107/3107
f 140/140/140 3107/3107/3107 3115/3115/3115
f 3115/3115/3115 3107/3107/3107 3111/3111/3111
f 3115/3115/3115 3111/3111/3111 3119/3119/3119
f 3119/3119/3119 3111/3111/3111 799/799/799
f 3119/3119/3119 799/799/799 777/777/777
f 410/410/410 409/409/409 140/140/140
f 410/410/410 140/140/140 139/139/139
f 411/411/411 410/410/410 139/139/139
f 411/411/411 139/139/139 138/138/138
f 2878/2878/2878 2874/2874/2874 414/414/414
f 2878/2878/2878 414/414/414 412/412/412
f 138/138/138 2878/2878/2878 412/412/412
f 138/138/138 412/412/412 411/411/411
f 2872/2872/2872 2871/2871/2871 418/418/418
f 2872/2872/2872 418/418/418 416/416/416
f 2874/2874/2874 2872/2872/2872 416/416/416
f 2874/2874/2874 416/416/416 414/414/414
f 2871/2871/2871 2984/2984/2984 948/948/948
f 2871/2871/2871 948/948/948 418/418/418
f 2983/2983/2983 125/125/125 430/430/430
f 2983/2983/2983 430/430/430 950/950/950
f 2984/2984/2984 2983/2983/2983 950/950/950
f 2984/2984/2984 950/950/950 948/948/948
f 431/431/431 430/430/430 125/125/125
f 431/431/431 125/125/125 123/123/123
f 432/432/432 431/431/431 123/123/123
f 432/432/432 123/123/123 122/122/122
f 2592/2592/2592 2640/2640/2640 2880/2880/2880
f 2592/2592/2592 2880/2880/2880 2729/2729/2729
f 2729/2729/2729 2880/2880/2880 2886/2886/2886
f 2729/2729/2729 2886/2886/2886 2732/2732/2732
f 2734/2734/2734 2887/2887/2887 432/432/432
f 2734/2734/2734 432/432/432 122/122/122
f 2156/2156/2156 2405/2405/2405 2636/2636/2636
f 2156/2156/2156 2636/2636/2636 2589/2589/2589
f 2589/2589/2589 2636/2636/2636 2640/2640/2640
f 2589/2589/2589 2640/2640/2640 2592/2592/2592
f 1158/1158/1158 1496/1496/1496 2395/2395/2395
f 1158/1158/1158 2395/2395/2395 2149/2149/2149
f 2151/2151/2151 2396/2396/2396 2399/2399/2399
f 2151/2151/2151 2399/2399/2399 2152/2152/2152
f 2152/2152/2152 2399/2399/2399 2405/2405/2405
f 2152/2152/2152 2405/2405/2405 2156/2156/2156
f 1497/1497/1497 1496/1496/1496 1158/1158/1158
f 1497/1497/1497 1158/1158/1158 1156/1156/1156
f 1498/1498/1498 1497/1497/1497 1156/1156/1156
f 1498/1498/1498 1156/1156/1156 1155/1155/1155
f 2379/2379/2379 1491/1491/1491 2040/2040/2040
f 2379/2379/2379 2040/2040/2040 2539/2539/2539
f 2539/2539/2539 2040/2040/2040 2046/2046/2046
f 2539/2539/2539 2046/2046/2046 2543/2543/2543
f 2543/2543/2543 2046/2046/2046 1498/1498/1498
f 2543/2543/2543 1498/1498/1498 1155/1155/1155
f 1183/1183/1183 1471/1471/1471 1481/1481/1481
f 1183/1183/1183 1481/1481/1481 2371/2371/2371
f 2371/2371/2371 1481/1481/1481 1483/1483/1483
f 2371/2371/2371 1483/1483/1483 2373/2373/2373
f 2373/2373/2373 1483/1483/1483 1490/1490/1490
f 2373/2373/2373 1490/1490/1490 2377/2377/2377
f 2377/2377/2377 1490/1490/1490 1491/1491/1491
f 2377/2377/2377 1491/1491/1491 2379/2379/2379
f 1473/1473/1473 1472/1472/1472 1182/1182/1182
f 1473/1473/1473 1182/1182/1182 1179/1179/1179
f 1472/1472/1472 1471/1471/1471 1183/1183/1183
f 1472/1472/1472 1183/1183/1183 1182/1182/1182
f 1476/1476/1476 1474/1474/1474 1178/1178/1178
f 1476/1476/1476 1178/1178/1178 1177/1177/1177
f 1474/1474/1474 1473/1473/1473 1179/1179/1179
f 1474/1474/1474 1179/1179/1179 1178/1178/1178
f 1892/1892/1892 1891/1891/1891 1878/1878/1878
f 1892/1892/1892 1878/1878/1878 1877/1877/1877
f 1891/1891/1891 1476/1476/1476 1177/1177/1177
f 1891/1891/1891 1177/1177/1177 1878/1878/1878
f 1724/1724/1724 1894/1894/1894 1873/1873/1873
f 1724/1724/1724 1873/1873/1873 1711/1711/1711
f 1894/1894/1894 1893/1893/1893 1874/1874/1874
f 1894/1894/1894 1874/1874/1874 1873/1873/1873
f 1726/1726/1726 1725/1725/1725 1710/1710/1710
f 1726/1726/1726 1710/1710/1710 1707/1707/1707
f 1725/1725/1725 1724/1724/1724 1711/1711/1711
f 1725/1725/1725 1711/1711/1711 1710/1710/1710
f 1464/1464/1464 1727/1727/1727 1706/1706/1706
f 1464/1464/1464 1706/1706/1706 1213/1213/1213
f 1727/1727/1727 1726/1726/1726 1707/1707/1707
f 1727/1727/1727 1707/1707/1707 1706/1706/1706
f 1205/1205/1205 1449/1449/1449 1451/1451/1451
f 1205/1205/1205 1451/1451/1451 1206/1206/1206
f 1206/1206/1206 1451/1451/1451 1453/1453/1453
f 1206/1206/1206 1453/1453/1453 1207/1207/1207
f 1211/1211/1211 1462/1462/1462 1463/1463/1463
f 1211/1211/1211 1463/1463/1463 1212/1212/1212
f 1212/1212/1212 1463/1463/1463 1464/1464/1464
f 1212/1212/1212 1464/1464/1464 1213/1213/1213
f 1229/1229/1229 1429/1429/1429 1439/1439/1439
f 1229/1229/1229 1439/1439/1439 1230/1230/1230
f 1230/1230/1230 1439/1439/1439 1441/1441/1441
f 1230/1230/1230 1441/1441/1441 1231/1231/1231
f 1231/1231/1231 1441/1441/1441 1448/1448/1448
f 1231/1231/1231 1448/1448/1448 1233/1233/1233
f 1233/1233/1233 1448/1448/1448 1449/1449/1449
f 1233/1233/1233 1449/1449/1449 1205/1205/1205
f 1431/1431/1431 1430/1430/1430 2360/2360/2360
f 1431/1431/1431 2360/2360/2360 2352/2352/2352
f 1430/1430/1430 1429/1429/1429 1229/1229/1229
f 1430/1430/1430 1229/1229/1229 2360/2360/2360
f 1434/1434/1434 1432/1432/1432 2349/2349/2349
f 1434/1434/1434 2349/2349/2349 2348/2348/2348
f 1432/1432/1432 1431/1431/1431 2352/2352/2352
f 1432/1432/1432 2352/2352/2352 2349/2349/2349
f 2348/2348/2348 2554/2554/2554 2091/2091/2091
f 2348/2348/2348 2091/2091/2091 1434/1434/1434
f 2552/2552/2552 1248/1248/1248 1414/1414/1414
f 2552/2552/2552 1414/1414/1414 2093/2093/2093
f 2554/2554/2554 2552/2552/2552 2093/2093/2093
f 2554/2554/2554 2093/2093/2093 2091/2091/2091
f 1245/1245/1245 1418/1418/1418 1415/1415/1415
f 1245/1245/1245 1415/1415/1415 1246/1246/1246
f 1246/1246/1246 1415/1415/1415 1414/1414/1414
f 1246/1246/1246 1414/1414/1414 1248/1248/1248
f 1279/1279/1279 3147/3147/3147 3148/3148/3148
f 1279/1279/1279 3148/3148/3148 2289/2289/2289
f 2290/2290/2290 3149/3149/3149 3150/3150/3150
f 2290/2290/2290 3150/3150/3150 2291/2291/2291
f 3147/3147/3147 3151/3151/3151 3152/3152/3152
f 3147/3147/3147 3152/3152/3152 3148/3148/3148
f 3151/3151/3151 1509/1509/1509 2407/2407/2407
f 3151/3151/3151 2407/2407/2407 3152/3152/3152
f 3153/3153/3153 2413/2413/2413 2414/2414/2414
f 3153/3153/3153 2414/2414/2414 3154/3154/3154
f 3149/3149/3149 3153/3153/3153 3154/3154/3154
f 3149/3149/3149 3154/3154/3154 3150/3150/3150
f 3150/3150/3150 3154/3154/3154 3155/3155/3155
f 3150/3150/3150 3155/3155/3155 3156/3156/3156
f 3154/3154/3154 2414/2414/2414 2424/2424/2424
f 3154/3154/3154 2424/2424/2424 3155/3155/3155
f 2291/2291/2291 3150/3150/3150 3156/3156/3156
f 2291/2291/2291 3156/3156/3156 2292/2292/2292
f 2606/2606/2606 2605/2605/2605 3157/3157/3157
f 2606/2606/2606 3157/3157/3157 3158/3158/3158
f 2605/2605/2605 2292/2292/2292 3156/3156/3156
f 2605/2605/2605 3156/3156/3156 3157/3157/3157
f 3157/3157/3157 3156/3156/3156 3155/3155/3155
f 3157/3157/3157 3155/3155/3155 3159/3159/3159
f 3159/3159/3159 3155/3155/3155 2424/2424/2424
f 3159/3159/3159 2424/2424/2424 2642/2642/2642
f 3158/3158/3158 3157/3157/3157 3159/3159/3159
f 3158/3158/3158 3159/3159/3159 3160/3160/3160
f 3160/3160/3160 3159/3159/3159 2642/2642/2642
f 3160/3160/3160 2642/2642/2642 2650/2650/2650
f 232/232/232 2811/2811/2811 3161/3161/3161
f 232/232/232 3161/3161/3161 3162/3162/3162
f 2810/2810/2810 2809/2809/2809 3163/3163/3163
f 2810/2810/2810 3163/3163/3163 3164/3164/3164
f 2809/2809/2809 2606/2606/2606 3158/3158/3158
f 2809/2809/2809 3158/3158/3158 3163/3163/3163
f 3163/3163/3163 3158/3158/3158 3160/3160/3160
f 3163/3163/3163 3160/3160/3160 3165/3165/3165
f 3165/3165/3165 3160/3160/3160 2650/2650/2650
f 3165/3165/3165 2650/2650/2650 2889/2889/2889
f 3162/3162/3162 3161/3161/3161 3166/3166/3166
f 3162/3162/3162 3166/3166/3166 3167/3167/3167
f 3164/3164/3164 3163/3163/3163 3165/3165/3165
f 3164/3164/3164 3165/3165/3165 3168/3168/3168
f 3168/3168/3168 3165/3165/3165 2889/2889/2889
f 3168/3168/3168 2889/2889/2889 2899/2899/2899
f 3167/3167/3167 3166/3166/3166 2901/2901/2901
f 3167/3167/3167 2901/2901/2901 443/443/443
f 439/439/439 3169/3169/3169 3170/3170/3170
f 439/439/439 3170/3170/3170 440/440/440
f 3169/3169/3169 3171/3171/3171 3172/3172/3172
f 3169/3169/3169 3172/3172/3172 3170/3170/3170
f 3171/3171/3171 216/216/216 231/231/231
f 3171/3171/3171 231/231/231 3172/3172/3172
f 3172/3172/3172 231/231/231 232/232/232
f 3172/3172/3172 232/232/232 3162/3162/3162
f 440/440/440 3170/3170/3170 3167/3167/3167
f 440/440/440 3167/3167/3167 443/443/443
f 3170/3170/3170 3172/3172/3172 3162/3162/3162
f 3170/3170/3170 3162/3162/3162 3167/3167/3167
f 214/214/214 213/213/213 3173/3173/3173
f 214/214/214 3173/3173/3173 3174/3174/3174
f 213/213/213 217/217/217 3175/3175/3175
f 213/213/213 3175/3175/3175 3173/3173/3173
f 217/217/217 216/216/216 3171/3171/3171
f 217/217/217 3171/3171/3171 3175/3175/3175
f 3173/3173/3173 3175/3175/3175 3176/3176/3176
f 3173/3173/3173 3176/3176/3176 3177/3177/3177
f 3175/3175/3175 3171/3171/3171 3169/3169/3169
f 3175/3175/3175 3169/3169/3169 3176/3176/3176
f 3176/3176/3176 3169/3169/3169 439/439/439
f 3176/3176/3176 439/439/439 451/451/451
f 3177/3177/3177 3176/3176/3176 451/451/451
f 3177/3177/3177 451/451/451 446/446/446
f 3174/3174/3174 3173/3173/3173 3177/3177/3177
f 3174/3174/3174 3177/3177/3177 3178/3178/3178
f 3178/3178/3178 3177/3177/3177 446/446/446
f 3178/3178/3178 446/446/446 445/445/445
f 893/893/893 214/214/214 3174/3174/3174
f 893/893/893 3174/3174/3174 3179/3179/3179
f 3179/3179/3179 3174/3174/3174 3178/3178/3178
f 3179/3179/3179 3178/3178/3178 3180/3180/3180
f 3180/3180/3180 3178/3178/3178 445/445/445
f 3180/3180/3180 445/445/445 888/888/888
f 230/230/230 947/947/947 3181/3181/3181
f 230/230/230 3181/3181/3181 3182/3182/3182
f 947/947/947 946/946/946 3183/3183/3183
f 947/947/947 3183/3183/3183 3181/3181/3181
f 946/946/946 893/893/893 3179/3179/3179
f 946/946/946 3179/3179/3179 3183/3183/3183
f 3183/3183/3183 3179/3179/3179 3180/3180/3180
f 3183/3183/3183 3180/3180/3180 3184/3184/3184
f 3184/3184/3184 3180/3180/3180 888/888/888
f 3184/3184/3184 888/888/888 938/938/938
f 3182/3182/3182 3181/3181/3181 3185/3185/3185
f 3182/3182/3182 3185/3185/3185 3186/3186/3186
f 3181/3181/3181 3183/3183/3183 3184/3184/3184
f 3181/3181/3181 3184/3184/3184 3185/3185/3185
f 3185/3185/3185 3184/3184/3184 938/938/938
f 3185/3185/3185 938/938/938 936/936/936
f 3186/3186/3186 3185/3185/3185 936/936/936
f 3186/3186/3186 936/936/936 465/465/465
f 463/463/463 3187/3187/3187 3188/3188/3188
f 463/463/463 3188/3188/3188 464/464/464
f 3187/3187/3187 3189/3189/3189 3190/3190/3190
f 3187/3187/3187 3190/3190/3190 3188/3188/3188
f 3189/3189/3189 228/228/228 229/229/229
f 3189/3189/3189 229/229/229 3190/3190/3190
f 3190/3190/3190 229/229/229 230/230/230
f 3190/3190/3190 230/230/230 3182/3182/3182
f 3188/3188/3188 3190/3190/3190 3182/3182/3182
f 3188/3188/3188 3182/3182/3182 3186/3186/3186
f 464/464/464 3188/3188/3188 3186/3186/3186
f 464/464/464 3186/3186/3186 465/465/465
f 498/498/498 3191/3191/3191 3192/3192/3192
f 498/498/498 3192/3192/3192 3028/3028/3028
f 3191/3191/3191 3193/3193/3193 3194/3194/3194
f 3191/3191/3191 3194/3194/3194 3192/3192/3192
f 3192/3192/3192 3194/3194/3194 3195/3195/3195
f 3192/3192/3192 3195/3195/3195 3196/3196/3196
f 3028/3028/3028 3192/3192/3192 3196/3196/3196
f 3028/3028/3028 3196/3196/3196 3029/3029/3029
f 3193/3193/3193 208/208/208 3032/3032/3032
f 3193/3193/3193 3032/3032/3032 3194/3194/3194
f 3194/3194/3194 3032/3032/3032 3034/3034/3034
f 3194/3194/3194 3034/3034/3034 3195/3195/3195
f 3195/3195/3195 3034/3034/3034 228/228/228
f 3195/3195/3195 228/228/228 3189/3189/3189
f 3029/3029/3029 3196/3196/3196 3187/3187/3187
f 3029/3029/3029 3187/3187/3187 463/463/463
f 3196/3196/3196 3195/3195/3195 3189/3189/3189
f 3196/3196/3196 3189/3189/3189 3187/3187/3187
f 498/498/498 497/497/497 3197/3197/3197
f 498/498/498 3197/3197/3197 3191/3191/3191
f 496/496/496 492/492/492 3198/3198/3198
f 496/496/496 3198/3198/3198 3199/3199/3199
f 3199/3199/3199 3198/3198/3198 3200/3200/3200
f 3199/3199/3199 3200/3200/3200 3201/3201/3201
f 3191/3191/3191 3197/3197/3197 3202/3202/3202
f 3191/3191/3191 3202/3202/3202 3193/3193/3193
f 492/492/492 491/491/491 3203/3203/3203
f 492/492/492 3203/3203/3203 3198/3198/3198
f 491/491/491 490/490/490 3204/3204/3204
f 491/491/491 3204/3204/3204 3203/3203/3203
f 3203/3203/3203 3204/3204/3204 3205/3205/3205
f 3203/3203/3203 3205/3205/3205 3206/3206/3206
f 3198/3198/3198 3203/3203/3203 3206/3206/3206
f 3198/3198/3198 3206/3206/3206 3200/3200/3200
f 3206/3206/3206 3205/3205/3205 207/207/207
f 3206/3206/3206 207/207/207 206/206/206
f 3200/3200/3200 3206/3206/3206 206/206/206
f 3200/3200/3200 206/206/206 205/205/205
f 3201/3201/3201 3200/3200/3200 205/205/205
f 3201/3201/3201 205/205/205 210/210/210
f 3193/3193/3193 3202/3202/3202 209/209/209
f 3193/3193/3193 209/209/209 208/208/208
f 606/606/606 604/604/604 3207/3207/3207
f 606/606/606 3207/3207/3207 3208/3208/3208
f 604/604/604 602/602/602 3209/3209/3209
f 604/604/604 3209/3209/3209 3207/3207/3207
f 602/602/602 600/600/600 3210/3210/3210
f 602/602/602 3210/3210/3210 3209/3209/3209
f 600/600/600 207/207/207 3205/3205/3205
f 600/600/600 3205/3205/3205 3210/3210/3210
f 3209/3209/3209 3210/3210/3210 3211/3211/3211
f 3209/3209/3209 3211/3211/3211 3212/3212/3212
f 3210/3210/3210 3205/3205/3205 3204/3204/3204
f 3210/3210/3210 3204/3204/3204 3211/3211/3211
f 3211/3211/3211 3204/3204/3204 490/490/490
f 3211/3211/3211 490/490/490 581/581/581
f 3212/3212/3212 3211/3211/3211 581/581/581
f 3212/3212/3212 581/581/581 585/585/585
f 3208/3208/3208 3207/3207/3207 3213/3213/3213
f 3208/3208/3208 3213/3213/3213 3214/3214/3214
f 3207/3207/3207 3209/3209/3209 3212/3212/3212
f 3207/3207/3207 3212/3212/3212 3213/3213/3213
f 3213/3213/3213 3212/3212/3212 585/585/585
f 3213/3213/3213 585/585/585 597/597/597
f 3214/3214/3214 3213/3213/3213 597/597/597
f 3214/3214/3214 597/597/597 599/599/599
f 765/765/765 764/764/764 3215/3215/3215
f 765/765/765 3215/3215/3215 3216/3216/3216
f 761/761/761 759/759/759 3217/3217/3217
f 761/761/761 3217/3217/3217 3218/3218/3218
f 759/759/759 757/757/757 3219/3219/3219
f 759/759/759 3219/3219/3219 3217/3217/3217
f 757/757/757 606/606/606 3208/3208/3208
f 757/757/757 3208/3208/3208 3219/3219/3219
f 3217/3217/3217 3219/3219/3219 3220/3220/3220
f 3217/3217/3217 3220/3220/3220 3221/3221/3221
f 3219/3219/3219 3208/3208/3208 3214/3214/3214
f 3219/3219/3219 3214/3214/3214 3220/3220/3220
f 3220/3220/3220 3214/3214/3214 599/599/599
f 3220/3220/3220 599/599/599 733/733/733
f 3221/3221/3221 3220/3220/3220 733/733/733
f 3221/3221/3221 733/733/733 737/737/737
f 3216/3216/3216 3215/3215/3215 3222/3222/3222
f 3216/3216/3216 3222/3222/3222 3223/3223/3223
f 3218/3218/3218 3217/3217/3217 3221/3221/3221
f 3218/3218/3218 3221/3221/3221 3224/3224/3224
f 3224/3224/3224 3221/3221/3221 737/737/737
f 3224/3224/3224 737/737/737 752/752/752
f 3223/3223/3223 3222/3222/3222 755/755/755
f 3223/3223/3223 755/755/755 756/756/756
f 225/225/225 3123/3123/3123 3225/3225/3225
f 225/225/225 3225/3225/3225 3226/3226/3226
f 3123/3123/3123 3122/3122/3122 3227/3227/3227
f 3123/3123/3123 3227/3227/3227 3225/3225/3225
f 3122/3122/3122 765/765/765 3216/3216/3216
f 3122/3122/3122 3216/3216/3216 3227/3227/3227
f 3225/3225/3225 3227/3227/3227 3228/3228/3228
f 3225/3225/3225 3228/3228/3228 3229/3229/3229
f 3227/3227/3227 3216/3216/3216 3223/3223/3223
f 3227/3227/3227 3223/3223/3223 3228/3228/3228
f 3228/3228/3228 3223/3223/3223 756/756/756
f 3228/3228/3228 756/756/756 3131/3131/3131
f 3229/3229/3229 3228/3228/3228 3131/3131/3131
f 3229/3229/3229 3131/3131/3131 3127/3127/3127
f 3226/3226/3226 3225/3225/3225 3229/3229/3229
f 3226/3226/3226 3229/3229/3229 3230/3230/3230
f 3230/3230/3230 3229/3229/3229 3127/3127/3127
f 3230/3230/3230 3127/3127/3127 505/505/505
f 227/227/227 226/226/226 3231/3231/3231
f 227/227/227 3231/3231/3231 3232/3232/3232
f 226/226/226 225/225/225 3226/3226/3226
f 226/226/226 3226/3226/3226 3231/3231/3231
f 3231/3231/3231 3226/3226/3226 3230/3230/3230
f 3231/3231/3231 3230/3230/3230 3233/3233/3233
f 3233/3233/3233 3230/3230/3230 505/505/505
f 3233/3233/3233 505/505/505 500/500/500
f 3232/3232/3232 3231/3231/3231 3233/3233/3233
f 3232/3232/3232 3233/3233/3233 3234/3234/3234
f 3234/3234/3234 3233/3233/3233 500/500/500
f 3234/3234/3234 500/500/500 499/499/499
f 499/499/499 907/907/907 3235/3235/3235
f 499/499/499 3235/3235/3235 3234/3234/3234
f 907/907/907 905/905/905 3236/3236/3236
f 907/907/907 3236/3236/3236 3235/3235/3235
f 3235/3235/3235 3236/3236/3236 3237/3237/3237
f 3235/3235/3235 3237/3237/3237 3238/3238/3238
f 3234/3234/3234 3235/3235/3235 3238/3238/3238
f 3234/3234/3234 3238/3238/3238 3232/3232/3232
f 905/905/905 873/873/873 3239/3239/3239
f 905/905/905 3239/3239/3239 3236/3236/3236
f 3236/3236/3236 3239/3239/3239 3240/3240/3240
f 3236/3236/3236 3240/3240/3240 3237/3237/3237
f 3237/3237/3237 3240/3240/3240 867/867/867
f 3237/3237/3237 867/867/867 894/894/894
f 3238/3238/3238 3237/3237/3237 894/894/894
f 3238/3238/3238 894/894/894 896/896/896
f 3232/3232/3232 3238/3238/3238 896/896/896
f 3232/3232/3232 896/896/896 227/227/227
f 873/873/873 533/533/533 3241/3241/3241
f 873/873/873 3241/3241/3241 3239/3239/3239
f 3239/3239/3239 3241/3241/3241 3242/3242/3242
f 3239/3239/3239 3242/3242/3242 3240/3240/3240
f 3240/3240/3240 3242/3242/3242 223/223/223
f 3240/3240/3240 223/223/223 867/867/867
f 533/533/533 531/531/531 3243/3243/3243
f 533/533/533 3243/3243/3243 3241/3241/3241
f 3241/3241/3241 3243/3243/3243 3244/3244/3244
f 3241/3241/3241 3244/3244/3244 3242/3242/3242
f 531/531/531 530/530/530 3245/3245/3245
f 531/531/531 3245/3245/3245 3243/3243/3243
f 530/530/530 529/529/529 3246/3246/3246
f 530/530/530 3246/3246/3246 3245/3245/3245
f 3245/3245/3245 3246/3246/3246 3247/3247/3247
f 3245/3245/3245 3247/3247/3247 3248/3248/3248
f 3243/3243/3243 3245/3245/3245 3248/3248/3248
f 3243/3243/3243 3248/3248/3248 3244/3244/3244
f 3248/3248/3248 3247/3247/3247 222/222/222
f 3248/3248/3248 222/222/222 219/219/219
f 3244/3244/3244 3248/3248/3248 219/219/219
f 3244/3244/3244 219/219/219 218/218/218
f 3242/3242/3242 3244/3244/3244 218/218/218
f 3242/3242/3242 218/218/218 223/223/223
f 234/234/234 233/233/233 3249/3249/3249
f 234/234/234 3249/3249/3249 3250/3250/3250
f 233/233/233 222/222/222 3247/3247/3247
f 233/233/233 3247/3247/3247 3249/3249/3249
f 3249/3249/3249 3247/3247/3247 3246/3246/3246
f 3249/3249/3249 3246/3246/3246 3251/3251/3251
f 3251/3251/3251 3246/3246/3246 529/529/529
f 3251/3251/3251 529/529/529 535/535/535
f 3250/3250/3250 3249/3249/3249 3251/3251/3251
f 3250/3250/3250 3251/3251/3251 3252/3252/3252
f 3252/3252/3252 3251/3251/3251 535/535/535
f 3252/3252/3252 535/535/535 534/534/534
f 2658/2658/2658 3253/3253/3253 3254/3254/3254
f 2658/2658/2658 3254/3254/3254 2906/2906/2906
f 3253/3253/3253 3255/3255/3255 3256/3256/3256
f 3253/3253/3253 3256/3256/3256 3254/3254/3254
f 3255/3255/3255 2608/2608/2608 2812/2812/2812
f 3255/3255/3255 2812/2812/2812 3256/3256/3256
f 3256/3256/3256 2812/2812/2812 2813/2813/2813
f 3256/3256/3256 2813/2813/2813 3257/3257/3257
f 3258/3258/3258 2814/2814/2814 234/234/234
f 3258/3258/3258 234/234/234 3250/3250/3250
f 2906/2906/2906 3254/3254/3254 3259/3259/3259
f 2906/2906/2906 3259/3259/3259 2909/2909/2909
f 3254/3254/3254 3256/3256/3256 3257/3257/3257
f 3254/3254/3254 3257/3257/3257 3259/3259/3259
f 3260/3260/3260 3258/3258/3258 3250/3250/3250
f 3260/3260/3260 3250/3250/3250 3252/3252/3252
f 2911/2911/2911 3260/3260/3260 3252/3252/3252
f 2911/2911/2911 3252/3252/3252 534/534/534
f 2442/2442/2442 3261/3261/3261 3262/3262/3262
f 2442/2442/2442 3262/3262/3262 2655/2655/2655
f 3261/3261/3261 3263/3263/3263 3264/3264/3264
f 3261/3261/3261 3264/3264/3264 3262/3262/3262
f 3263/3263/3263 2296/2296/2296 2607/2607/2607
f 3263/3263/3263 2607/2607/2607 3264/3264/3264
f 3264/3264/3264 2607/2607/2607 2608/2608/2608
f 3264/3264/3264 2608/2608/2608 3255/3255/3255
f 2655/2655/2655 3262/3262/3262 3253/3253/3253
f 2655/2655/2655 3253/3253/3253 2658/2658/2658
f 3262/3262/3262 3264/3264/3264 3255/3255/3255
f 3262/3262/3262 3255/3255/3255 3253/3253/3253
f 1618/1618/1618 3265/3265/3265 3266/3266/3266
f 1618/1618/1618 3266/3266/3266 2435/2435/2435
f 3265/3265/3265 3267/3267/3267 3268/3268/3268
f 3265/3265/3265 3268/3268/3268 3266/3266/3266
f 3269/3269/3269 3270/3270/3270 3271/3271/3271
f 3269/3269/3269 3271/3271/3271 3272/3272/3272
f 2437/2437/2437 3269/3269/3269 3272/3272/3272
f 2437/2437/2437 3272/3272/3272 2438/2438/2438
f 3267/3267/3267 1281/1281/1281 2293/2293/2293
f 3267/3267/3267 2293/2293/2293 3268/3268/3268
f 3270/3270/3270 2294/2294/2294 2295/2295/2295
f 3270/3270/3270 2295/2295/2295 3271/3271/3271
f 3271/3271/3271 2295/2295/2295 2296/2296/2296
f 3271/3271/3271 2296/2296/2296 3263/3263/3263
f 2438/2438/2438 3272/3272/3272 3261/3261/3261
f 2438/2438/2438 3261/3261/3261 2442/2442/2442
f 3272/3272/3272 3271/3271/3271 3263/3263/3263
f 3272/3272/3272 3263/3263/3263 3261/3261/3261
f 1268/1268/1268 1280/1280/1280 3273/3273/3273
f 1268/1268/1268 3273/3273/3273 3274/3274/3274
f 1280/1280/1280 1281/1281/1281 3267/3267/3267
f 1280/1280/1280 3267/3267/3267 3273/3273/3273
f 3273/3273/3273 3267/3267/3267 3265/3265/3265
f 3273/3273/3273 3265/3265/3265 3275/3275/3275
f 3275/3275/3275 3265/3265/3265 1618/1618/1618
f 3275/3275/3275 1618/1618/1618 1619/1619/1619
f 3274/3274/3274 3273/3273/3273 3275/3275/3275
f 3274/3274/3274 3275/3275/3275 3276/3276/3276
f 3276/3276/3276 3275/3275/3275 1619/1619/1619
f 3276/3276/3276 1619/1619/1619 1607/1607/1607
f 3277/3277/3277 3278/3278/3278 3279/3279/3279
f 3277/3277/3277 3279/3279/3279 3280/3280/3280
f 1601/1601/1601 3277/3277/3277 3280/3280/3280
f 1601/1601/1601 3280/3280/3280 1602/1602/1602
f 3278/3278/3278 1262/1262/1262 1265/1265/1265
f 3278/3278/3278 1265/1265/1265 3279/3279/3279
f 3279/3279/3279 1265/1265/1265 1267/1267/1267
f 3279/3279/3279 1267/1267/1267 3281/3281/3281
f 3281/3281/3281 1267/1267/1267 1268/1268/1268
f 3281/3281/3281 1268/1268/1268 3274/3274/3274
f 1602/1602/1602 3280/3280/3280 3282/3282/3282
f 1602/1602/1602 3282/3282/3282 1606/1606/1606
f 3280/3280/3280 3279/3279/3279 3281/3281/3281
f 3280/3280/3280 3281/3281/3281 3282/3282/3282
f 3282/3282/3282 3281/3281/3281 3274/3274/3274
f 3282/3282/3282 3274/3274/3274 3276/3276/3276
f 1606/1606/1606 3282/3282/3282 3276/3276/3276
f 1606/1606/1606 3276/3276/3276 1607/1607/1607
f 3283/3283/3283 1958/1958/1958 1262/1262/1262
f 3283/3283/3283 1262/1262/1262 3278/3278/3278
f 1962/1962/1962 3284/3284/3284 3277/3277/3277
f 1962/1962/1962 3277/3277/3277 1601/1601/1601
f 3284/3284/3284 3283/3283/3283 3278/3278/3278
f 3284/3284/3284 3278/3278/3278 3277/3277/3277
f 1569/1569/1569 3285/3285/3285 3286/3286/3286
f 1569/1569/1569 3286/3286/3286 1996/1996/1996
f 3285/3285/3285 3287/3287/3287 3288/3288/3288
f 3285/3285/3285 3288/3288/3288 3286/3286/3286
f 3286/3286/3286 3288/3288/3288 3289/3289/3289
f 3286/3286/3286 3289/3289/3289 3290/3290/3290
f 1996/1996/1996 3286/3286/3286 3290/3290/3290
f 1996/1996/1996 3290/3290/3290 1997/1997/1997
f 3287/3287/3287 1272/1272/1272 1986/1986/1986
f 3287/3287/3287 1986/1986/1986 3288/3288/3288
f 3288/3288/3288 1986/1986/1986 1988/1988/1988
f 3288/3288/3288 1988/1988/1988 3289/3289/3289
f 3289/3289/3289 1988/1988/1988 1958/1958/1958
f 3289/3289/3289 1958/1958/1958 3283/3283/3283
f 1997/1997/1997 3290/3290/3290 3284/3284/3284
f 1997/1997/1997 3284/3284/3284 1962/1962/1962
f 3290/3290/3290 3289/3289/3289 3283/3283/3283
f 3290/3290/3290 3283/3283/3283 3284/3284/3284
f 1271/1271/1271 1270/1270/1270 3291/3291/3291
f 1271/1271/1271 3291/3291/3291 3292/3292/3292
f 1270/1270/1270 1269/1269/1269 3293/3293/3293
f 1270/1270/1270 3293/3293/3293 3291/3291/3291
f 1269/1269/1269 1273/1273/1273 3294/3294/3294
f 1269/1269/1269 3294/3294/3294 3293/3293/3293
f 1273/1273/1273 1272/1272/1272 3287/3287/3287
f 1273/1273/1273 3287/3287/3287 3294/3294/3294
f 3293/3293/3293 3294/3294/3294 3295/3295/3295
f 3293/3293/3293 3295/3295/3295 3296/3296/3296
f 3294/3294/3294 3287/3287/3287 3285/3285/3285
f 3294/3294/3294 3285/3285/3285 3295/3295/3295
f 3295/3295/3295 3285/3285/3285 1569/1569/1569
f 3295/3295/3295 1569/1569/1569 1572/1572/1572
f 3296/3296/3296 3295/3295/3295 1572/1572/1572
f 3296/3296/3296 1572/1572/1572 1577/1577/1577
f 3292/3292/3292 3291/3291/3291 3297/3297/3297
f 3292/3292/3292 3297/3297/3297 3298/3298/3298
f 3291/3291/3291 3293/3293/3293 3296/3296/3296
f 3291/3291/3291 3296/3296/3296 3297/3297/3297
f 3297/3297/3297 3296/3296/3296 1577/1577/1577
f 3297/3297/3297 1577/1577/1577 1591/1591/1591
f 3298/3298/3298 3297/3297/3297 1591/1591/1591
f 3298/3298/3298 1591/1591/1591 1593/1593/1593
f 1694/1694/1694 1858/1858/1858 3299/3299/3299
f 1694/1694/1694 3299/3299/3299 3300/3300/3300
f 1858/1858/1858 1857/1857/1857 3301/3301/3301
f 1858/1858/1858 3301/3301/3301 3299/3299/3299
f 1862/1862/1862 1860/1860/1860 3302/3302/3302
f 1862/1862/1862 3302/3302/3302 3303/3303/3303
f 1860/1860/1860 1271/1271/1271 3292/3292/3292
f 1860/1860/1860 3292/3292/3292 3302/3302/3302
f 3303/3303/3303 3302/3302/3302 3304/3304/3304
f 3303/3303/3303 3304/3304/3304 3305/3305/3305
f 3302/3302/3302 3292/3292/3292 3298/3298/3298
f 3302/3302/3302 3298/3298/3298 3304/3304/3304
f 3304/3304/3304 3298/3298/3298 1593/1593/1593
f 3304/3304/3304 1593/1593/1593 1843/1843/1843
f 3305/3305/3305 3304/3304/3304 1843/1843/1843
f 3305/3305/3305 1843/1843/1843 1842/1842/1842
f 3300/3300/3300 3299/3299/3299 3306/3306/3306
f 3300/3300/3300 3306/3306/3306 3307/3307/3307
f 3299/3299/3299 3301/3301/3301 3308/3308/3308
f 3299/3299/3299 3308/3308/3308 3306/3306/3306
f 3306/3306/3306 3308/3308/3308 1838/1838/1838
f 3306/3306/3306 1838/1838/1838 1836/1836/1836
f 3307/3307/3307 3306/3306/3306 1836/1836/1836
f 3307/3307/3307 1836/1836/1836 1676/1676/1676
f 1254/1254/1254 1691/1691/1691 3309/3309/3309
f 1254/1254/1254 3309/3309/3309 3310/3310/3310
f 1691/1691/1691 1690/1690/1690 3311/3311/3311
f 1691/1691/1691 3311/3311/3311 3309/3309/3309
f 1690/1690/1690 1695/1695/1695 3312/3312/3312
f 1690/1690/1690 3312/3312/3312 3311/3311/3311
f 1695/1695/1695 1694/1694/1694 3300/3300/3300
f 1695/1695/1695 3300/3300/3300 3312/3312/3312
f 3311/3311/3311 3312/3312/3312 3313/3313/3313
f 3311/3311/3311 3313/3313/3313 3314/3314/3314
f 3312/3312/3312 3300/3300/3300 3307/3307/3307
f 3312/3312/3312 3307/3307/3307 3313/3313/3313
f 3313/3313/3313 3307/3307/3307 1676/1676/1676
f 3313/3313/3313 1676/1676/1676 1674/1674/1674
f 3314/3314/3314 3313/3313/3313 1674/1674/1674
f 3314/3314/3314 1674/1674/1674 1670/1670/1670
f 3310/3310/3310 3309/3309/3309 3315/3315/3315
f 3310/3310/3310 3315/3315/3315 3316/3316/3316
f 3309/3309/3309 3311/3311/3311 3314/3314/3314
f 3309/3309/3309 3314/3314/3314 3315/3315/3315
f 3315/3315/3315 3314/3314/3314 1670/1670/1670
f 3315/3315/3315 1670/1670/1670 1668/1668/1668
f 3316/3316/3316 3315/3315/3315 1668/1668/1668
f 3316/3316/3316 1668/1668/1668 1562/1562/1562
f 1544/1544/1544 3317/3317/3317 3318/3318/3318
f 1544/1544/1544 3318/3318/3318 1552/1552/1552
f 3317/3317/3317 3319/3319/3319 3320/3320/3320
f 3317/3317/3317 3320/3320/3320 3318/3318/3318
f 3318/3318/3318 3320/3320/3320 3321/3321/3321
f 3318/3318/3318 3321/3321/3321 3322/3322/3322
f 1552/1552/1552 3318/3318/3318 3322/3322/3322
f 1552/1552/1552 3322/3322/3322 1553/1553/1553
f 3319/3319/3319 1249/1249/1249 1250/1250/1250
f 3319/3319/3319 1250/1250/1250 3320/3320/3320
f 3320/3320/3320 1250/1250/1250 1251/1251/1251
f 3320/3320/3320 1251/1251/1251 3321/3321/3321
f 3323/3323/3323 1252/1252/1252 1253/1253/1253
f 3323/3323/3323 1253/1253/1253 3324/3324/3324
f 3324/3324/3324 1253/1253/1253 1254/1254/1254
f 3324/3324/3324 1254/1254/1254 3310/3310/3310
f 1560/1560/1560 3325/3325/3325 3326/3326/3326
f 1560/1560/1560 3326/3326/3326 1561/1561/1561
f 3325/3325/3325 3323/3323/3323 3324/3324/3324
f 3325/3325/3325 3324/3324/3324 3326/3326/3326
f 3326/3326/3326 3324/3324/3324 3310/3310/3310
f 3326/3326/3326 3310/3310/3310 3316/3316/3316
f 1561/1561/1561 3326/3326/3326 3316/3316/3316
f 1561/1561/1561 3316/3316/3316 1562/1562/1562
f 1544/1544/1544 1543/1543/1543 3327/3327/3327
f 1544/1544/1544 3327/3327/3327 3317/3317/3317
f 1543/1543/1543 1540/1540/1540 3328/3328/3328
f 1543/1543/1543 3328/3328/3328 3327/3327/3327
f 3327/3327/3327 3328/3328/3328 3329/3329/3329
f 3327/3327/3327 3329/3329/3329 3330/3330/3330
f 3317/3317/3317 3327/3327/3327 3330/3330/3330
f 3317/3317/3317 3330/3330/3330 3319/3319/3319
f 1540/1540/1540 1539/1539/1539 3331/3331/3331
f 1540/1540/1540 3331/3331/3331 3328/3328/3328
f 1539/1539/1539 1538/1538/1538 3332/3332/3332
f 1539/1539/1539 3332/3332/3332 3331/3331/3331
f 3331/3331/3331 3332/3332/3332 3333/3333/3333
f 3331/3331/3331 3333/3333/3333 3334/3334/3334
f 3328/3328/3328 3331/3331/3331 3334/3334/3334
f 3328/3328/3328 3334/3334/3334 3329/3329/3329
f 3334/3334/3334 3333/3333/3333 1276/1276/1276
f 3334/3334/3334 1276/1276/1276 1275/1275/1275
f 3329/3329/3329 3334/3334/3334 1275/1275/1275
f 3329/3329/3329 1275/1275/1275 1274/1274/1274
f 3330/3330/3330 3329/3329/3329 1274/1274/1274
f 3330/3330/3330 1274/1274/1274 1277/1277/1277
f 3319/3319/3319 3330/3330/3330 1277/1277/1277
f 3319/3319/3319 1277/1277/1277 1249/1249/1249
f 1984/1984/1984 2037/2037/2037 3335/3335/3335
f 1984/1984/1984 3335/3335/3335 3336/3336/3336
f 2037/2037/2037 2035/2035/2035 3337/3337/3337
f 2037/2037/2037 3337/3337/3337 3335/3335/3335
f 2035/2035/2035 1276/1276/1276 3333/3333/3333
f 2035/2035/2035 3333/3333/3333 3337/3337/3337
f 3335/3335/3335 3337/3337/3337 3338/3338/3338
f 3335/3335/3335 3338/3338/3338 3339/3339/3339
f 3337/3337/3337 3333/3333/3333 3332/3332/3332
f 3337/3337/3337 3332/3332/3332 3338/3338/3338
f 3338/3338/3338 3332/3332/3332 1538/1538/1538
f 3338/3338/3338 1538/1538/1538 2028/2028/2028
f 3339/3339/3339 3338/3338/3338 2028/2028/2028
f 3339/3339/3339 2028/2028/2028 2032/2032/2032
f 3336/3336/3336 3335/3335/3335 3339/3339/3339
f 3336/3336/3336 3339/3339/3339 3340/3340/3340
f 3340/3340/3340 3339/3339/3339 2032/2032/2032
f 3340/3340/3340 2032/2032/2032 1981/1981/1981
f 1256/1256/1256 1984/1984/1984 3336/3336/3336
f 1256/1256/1256 3336/3336/3336 3341/3341/3341
f 3341/3341/3341 3336/3336/3336 3340/3340/3340
f 3341/3341/3341 3340/3340/3340 3342/3342/3342
f 3342/3342/3342 3340/3340/3340 1981/1981/1981
f 3342/3342/3342 1981/1981/1981 1517/1517/1517
f 1261/1261/1261 1259/1259/1259 3343/3343/3343
f 1261/1261/1261 3343/3343/3343 3344/3344/3344
f 1259/1259/1259 1257/1257/1257 3345/3345/3345
f 1259/1259/1259 3345/3345/3345 3343/3343/3343
f 1257/1257/1257 1256/1256/1256 3341/3341/3341
f 1257/1257/1257 3341/3341/3341 3345/3345/3345
f 3345/3345/3345 3341/3341/3341 3342/3342/3342
f 3345/3345/3345 3342/3342/3342 3346/3346/3346
f 3346/3346/3346 3342/3342/3342 1517/1517/1517
f 3346/3346/3346 1517/1517/1517 1518/1518/1518
f 3344/3344/3344 3343/3343/3343 3347/3347/3347
f 3344/3344/3344 3347/3347/3347 3348/3348/3348
f 3343/3343/3343 3345/3345/3345 3346/3346/3346
f 3343/3343/3343 3346/3346/3346 3347/3347/3347
f 3347/3347/3347 3346/3346/3346 1518/1518/1518
f 3347/3347/3347 1518/1518/1518 1524/1524/1524
f 3348/3348/3348 3347/3347/3347 1524/1524/1524
f 3348/3348/3348 1524/1524/1524 1512/1512/1512
f 1512/1512/1512 1510/1510/1510 3349/3349/3349
f 1512/1512/1512 3349/3349/3349 3348/3348/3348
f 3348/3348/3348 3349/3349/3349 3350/3350/3350
f 3348/3348/3348 3350/3350/3350 3344/3344/3344
f 1510/1510/1510 1509/1509/1509 3151/3151/3151
f 1510/1510/1510 3151/3151/3151 3349/3349/3349
f 3349/3349/3349 3151/3151/3151 3147/3147/3147
f 3349/3349/3349 3147/3147/3147 3350/3350/3350
f 3350/3350/3350 3147/3147/3147 1279/1279/1279
f 3350/3350/3350 1279/1279/1279 1278/1278/1278
f 3344/3344/3344 3350/3350/3350 1278/1278/1278
f 3344/3344/3344 1278/1278/1278 1261/1261/1261

